3789 3909 3598 3988 3606 3304 3632 3661 3523 3239 3721 3797 3530 3805 3613 3701 3684 3666 3585 3430 3463 3332 3608 3151 3906 3909 3737 3768 3628 3629 3969 3415 3793 3551 3701 3509 3802 3409 3529 3479 3648 3522 3399 3703 3476 3771 3368 3544 3592 3548 3599 3374 3514 3825 3574 3489 3619 3743 3634 3810 3508 3454 3885 3346 3577 3529 3612 3538 3817 3679 3670 3951 3767 3431 3536 3464 3725 3309 3951 3872 3821 3559 3444 4032 3340 3601 3695 3496 3726 4157 3532 3333 3551 3677 3801 3570 3504 3736 3477 3708 3688 3302 3473 3648 3254 3706 3857 3645 3525 3683 4004 3415 3512 3964 3556 3508 3834 3598 3430 3351 3505 3682 3909 3497 3590 3763 3528 3636 4131 3807 3589 3628 3449 3606 3669 3541 3794 3865 3452 3533 3700 3729 3551 4132 3445 3420 4249 3697 3728 3496 3922 3643 4044 3532 3308 3477 3253 3754 3449 3277 3769 3731 3537 3792 3623 3764 3565 3528 3334 3597 3645 3529 3809 3320 3340 3468 3679 3363 3353 3568
3984 4222 3660 4326 3999 3409 3948 3595 3866 3575 4231 3819 3813 3874 4045 3904 4017 3759 3671 3545 3579 3868 3679 3280 3854 4159 4133 3910 3831 3914 3978 3650 3707 3517 3767 3869 3932 3463 3428 3716 3784 3919 3989 3940 3932 3825 3499 3722 3998 4008 3915 3709 3900 3728 3971 3738 3727 4143 3774 3819 3695 3598 4127 3683 3921 3851 3809 3693 3921 3877 4216 4023 4062 3701 3842 3761 3900 3456 4253 4316 3979 3838 3558 4229 3536 3465 3856 3550 3896 4145 3817 3443 3825 3860 4031 3812 3941 3929 3777 3879 3916 3385 3844 3948 3446 3907 3575 3823 3638 3843 4219 3501 3539 4216 3551 3885 3831 3754 3860 3500 3650 3794 3923 3725 3965 4326 3822 3852 4287 3848 3776 4033 3689 3651 4081 3758 3995 4028 3889 3988 3692 3676 3936 4593 3708 3701 4344 3785 3777 3590 4169 3796 4031 3767 3587 3550 3833 3917 4025 3718 4032 4013 3691 3713 3841 3958 3773 3726 3598 3878 3858 3980 3988 3508 3955 3681 3978 3771 3810 3910
3796 3772 3460 4154 3790 3225 3734 3421 3658 3385 4333 3660 3815 3842 3739 3741 3619 3605 3533 3461 3548 3545 3587 3305 3905 4113 3817 3720 3980 3640 3966 3529 3411 3472 3730 3728 3959 3169 3228 3694 3778 3934 3753 3746 3750 3768 3620 3818 3778 3687 3748 3640 3409 3603 3978 3829 3564 3958 3626 3671 3855 3494 3903 3683 3945 3912 3626 3642 3820 3754 3582 3938 4018 3708 3527 3639 3532 3455 4241 3929 3991 3580 3416 3771 3365 3794 4031 3813 3645 3954 3938 3473 3696 3790 3792 3712 3796 3892 3672 3970 3603 3473 3487 3885 3478 3649 3483 3877 3575 3837 3721 3488 3534 3872 3631 3515 3709 3887 3636 3519 3924 3671 3931 3538 3633 4239 3789 3914 4017 3926 3722 3874 3451 3201 3818 3905 3919 4028 3891 3895 3733 3836 3987 4173 3715 3442 4286 3839 3513 3565 3977 3744 4042 3584 3509 3477 3595 3763 3989 3674 3756 3792 3632 3699 3891 3695 3734 3730 3503 3709 3722 3728 3841 3304 3570 3430 3870 3571 3697 3817
3934 3906 3745 4229 3675 3248 3840 3562 3793 3557 4161 3934 3892 3918 3940 3963 3739 3564 3581 3592 3840 3559 3594 3456 4163 4052 3871 3713 3774 3889 3984 3564 3810 3742 3825 3860 3934 3582 3190 3623 3737 3855 3599 3736 3854 3740 3354 3928 4035 3788 3721 3785 3751 3650 3824 3741 3765 3927 3848 3998 3670 3531 4030 3586 4069 3948 3827 3717 3966 3951 3693 4025 4212 3692 3811 3597 3671 3776 4181 4275 4148 3728 3609 4182 3569 3518 4090 3859 3899 4060 3870 3666 3702 3767 3925 3649 3956 3894 3686 3755 3574 3656 3901 3980 3676 3813 3576 3710 3746 3730 3984 3614 3588 4004 3607 3700 3866 3863 3490 3553 3631 4008 4005 3453 3870 3986 4045 3863 4100 4033 3744 3737 3659 3747 3941 3628 3864 4091 3894 3892 3998 3891 4054 4202 3572 3578 4213 3762 3786 3763 4201 3846 3879 3370 3374 3457 3512 3918 3925 3433 3708 3887 3738 3796 3825 3819 3519 3642 3442 3548 3407 3839 4001 3419 3781 3638 4002 3656 3609 3831
3846 3787 3608 3988 3713 3092 3753 3720 3802 3468 4045 3639 3694 3670 3701 3565 3652 3873 3404 3540 3331 3423 3427 3395 3717 3953 3631 3700 3798 3561 3910 3532 3687 3662 3834 3633 3900 3306 3294 3467 3642 3844 3693 3848 3642 3775 3412 3725 3940 3529 3703 3615 3408 3650 3945 3561 3451 3906 3588 3629 3682 3517 3799 3539 3839 3713 3490 3508 3876 3852 3683 3660 3831 3530 3623 3854 3652 3599 3881 3688 3906 3437 3680 3872 3505 3666 4019 3583 3744 4146 3941 3281 3751 3800 3756 3609 3907 3907 3494 3610 3841 3475 3367 4078 3359 3778 3667 3671 3641 3579 3726 3644 3497 3810 3384 3615 3674 3636 3634 3664 3773 3717 3892 3506 3588 3891 3827 3672 3893 4117 3516 3592 3317 3452 3703 3664 3719 3918 3860 3894 3830 3616 4097 4131 3527 3188 4079 3896 3619 3404 3947 3534 3913 3506 3184 3330 3581 3858 3766 3427 3850 3970 3649 3779 3881 3711 3605 3488 3218 3370 3612 3637 3780 3392 3359 3468 3889 3626 3440 3644
3546 3649 3286 3874 3362 2981 3648 3187 3293 3170 3732 3406 3421 3591 3773 3420 3441 3432 3311 3145 3332 3339 3410 3114 3841 3796 3551 3522 3424 3666 3513 3304 3245 3386 3351 3391 3524 3090 3192 3265 3347 3446 3302 3641 3374 3470 3309 3473 3523 3509 3541 3320 3367 3486 3571 3378 3384 3604 3550 3515 3730 3377 3763 3293 3543 3445 3424 3419 3358 3462 3625 3684 3747 3143 3439 3468 3359 3436 3998 3708 3851 3437 3306 3580 3241 3437 3534 3251 3407 3828 3274 3329 3657 3325 3663 3476 3227 3601 3497 3612 3487 3309 3311 3623 3284 3512 3251 3573 3329 3413 3487 3170 3216 3738 3501 3180 3293 3464 3366 3257 3408 3486 3598 3282 3614 3599 3519 3529 3767 3543 3402 3540 3334 3220 3733 3423 3336 3519 3335 3669 3617 3569 3773 3818 3481 3291 4057 3466 3355 3181 3634 3279 3613 3229 3275 2979 3238 3219 3444 3186 3584 3433 3425 3420 3396 3309 3334 3691 3067 3487 3330 3397 3331 3103 3322 3101 3573 3551 3459 3557
4073 3769 3648 4168 3693 3208 3619 3437 3593 3397 4018 3630 3684 3781 3805 3766 3900 3675 3654 3372 3537 3608 3409 3376 3861 3895 3887 3686 3617 3607 3820 3323 3811 3554 3681 3754 3840 3439 3425 3452 3646 3639 3551 3811 3806 3653 3330 3714 3893 3717 3517 3767 3827 3721 3817 3498 3606 3785 3606 3605 3858 3662 3887 3559 3709 3830 3598 3568 3951 3631 3858 4059 3795 3586 3778 3585 3713 3402 4069 4038 4063 3469 3366 4007 3439 3458 3955 3499 3484 4127 3661 3235 3814 3808 4023 3729 3715 3757 3536 3737 3535 3560 3666 3909 3451 4046 3561 3571 3602 3729 3856 3610 3517 3916 3578 3485 3753 3873 3476 3508 3705 3775 3706 3071 3743 3941 3759 3782 3925 4189 3506 3700 3633 3565 3792 3853 3894 3810 3657 3667 4023 3629 3718 4132 3354 3178 4226 3683 3897 3471 3840 3795 3648 3472 3298 3432 3462 3680 3718 3604 3711 3982 3557 3852 3565 3521 3480 3725 3256 3706 3612 3755 3656 3495 3491 3428 3835 3642 3539 3625
3786 3794 3629 3842 3598 2952 3631 3260 3626 3429 3934 3668 3712 3619 3574 3547 3422 3558 3174 3238 3501 3337 3487 3307 3709 3753 3625 3417 3554 3429 3828 3290 3291 3477 3748 3580 3603 3075 3247 3681 3505 3706 3534 3436 3517 3686 3310 3521 3586 3632 3674 3705 3481 3553 3768 3638 3257 3784 3731 3638 3499 3272 3875 3362 3614 3616 3443 3337 3684 3632 3551 3784 3680 3482 3643 3559 3396 3312 3911 3894 3963 3495 3243 3830 3321 3306 3491 3511 3484 3842 3924 3173 3711 3654 3860 3546 3602 3402 3363 3697 3551 3347 3452 3637 3445 3614 3366 3661 3396 3564 3687 3292 3335 3637 3489 3444 3562 3931 3404 3534 3381 3699 3952 3313 3734 3978 3830 3485 3697 3936 3422 3419 3362 3305 3964 3487 3990 3727 3755 3695 3597 3418 3703 3681 3315 3274 4074 3731 3645 3408 3692 3601 3810 3225 3192 3359 3604 3499 3597 3453 3625 3998 3728 3761 3600 3446 3592 3511 3208 3391 3342 3569 3762 3214 3471 3455 3694 3510 3330 3623
4012 3914 3800 4342 3549 3103 3883 3758 3442 3343 4447 3793 3614 3985 3871 3817 3945 3943 3802 3513 3571 3835 3657 3325 4074 4099 3812 3760 3946 3785 3953 3556 3727 3564 3870 3807 3955 3387 3432 3688 3681 3850 3641 3744 3568 4176 3619 3878 3854 3832 3739 3802 3558 3905 3766 3882 3631 4049 4030 3714 3764 3575 3913 3596 3846 3898 3620 3827 3880 3895 3773 3943 3980 3479 3767 3706 3802 3816 4070 3917 3921 3797 3549 4231 3415 3724 4113 3922 3774 4238 3883 3418 3858 3796 4086 3809 3753 3995 3693 3969 3752 3632 3587 4033 3713 3987 3706 3950 3634 3666 3947 3470 3534 3970 3547 3762 3920 3890 3716 3598 3674 3971 4034 3699 3679 4045 3829 3763 4042 3970 4070 3862 3588 3624 3850 3866 3916 4092 3878 3882 4133 3897 3907 4195 3671 3466 4251 3707 3694 3651 4103 3778 4079 3769 3321 3593 3672 4067 4017 3644 3890 3991 3705 3832 3916 3807 3754 3787 3240 3696 3577 3572 3790 3368 3703 3532 4078 3596 3621 3989
3811 3629 3608 3928 3429 3069 3815 3324 3555 3328 3727 3511 3707 3818 3811 3765 3469 3528 3666 3231 3461 3545 3369 3209 3798 3879 3593 3370 3474 3604 3727 3334 3546 3329 3551 3452 3868 3279 3418 3608 3444 3519 3591 3595 3381 3747 3397 3566 3941 3664 3437 3593 3671 3484 3656 3656 3393 3883 3557 3644 3509 3313 3826 3335 3569 3542 3397 3519 3765 3663 3586 3706 3997 3491 3510 3501 3425 3460 3773 3939 3813 3630 3200 3902 3240 3408 3667 3289 3457 3939 3692 3346 3513 3617 3692 3590 3479 3608 3656 3598 3330 3296 3333 3661 3457 3759 3376 3547 3243 3564 3638 3117 3381 3784 3430 3765 3506 3656 3436 3290 3494 3597 3937 3230 3600 3677 3882 3506 3672 3816 3725 3538 3374 3507 3590 3571 3856 3833 3706 3586 3499 3444 3732 3923 3220 3707 3980 3510 3528 3499 3613 3467 3615 3424 3295 3290 3628 3463 3702 3334 3788 3742 3624 3662 3582 3380 3391 3546 3049 3367 3381 3638 3524 3267 3506 3387 3645 3462 3403 3619
3680 4029 3681 4017 3727 3166 3664 3448 3752 3269 3837 3719 3622 3715 3773 3712 3702 3581 3368 3427 3581 3707 3582 3207 3868 4048 3953 3801 3564 3736 3762 3305 3678 3537 3706 3643 3743 3322 3570 3464 3546 3857 3694 3603 3417 3736 3445 3671 3880 3457 3698 3558 3657 3791 3718 3842 3731 3931 3756 3752 3658 3390 3706 3399 3663 3729 3532 3357 3685 3571 3833 3896 3878 3455 3666 3562 3519 3376 4027 3985 3724 3654 3287 3931 3502 3688 3829 3709 3629 3937 3741 3466 3515 3660 3806 3583 3539 3825 3420 3910 3590 3311 3365 3930 3592 3802 3595 3669 3619 3642 3750 3434 3383 3852 3544 3545 3708 3679 3425 3560 3571 3668 3928 3431 3607 3817 3902 3674 4037 4099 3571 3620 3729 3296 3790 3587 3870 3952 3669 3774 3910 3461 3895 4175 3428 3382 4171 3677 3753 3567 3818 3614 3797 3470 3313 3580 3445 3730 3758 3628 3671 3748 3788 3567 3664 3527 3486 3792 3286 3647 3690 3674 3652 3428 3545 3393 3802 3638 3541 3787
3811 4052 3772 3858 3836 3079 3751 3254 3811 3486 4135 3836 3783 3932 3857 3794 3889 3712 3537 3582 3532 3608 3463 3357 3863 4021 3909 3809 3674 3648 3937 3641 3738 3353 3615 3864 3898 3283 3329 3696 3668 3828 3569 3687 3793 3875 3407 3525 3723 3560 3804 3703 3508 3756 3743 3653 3474 3956 3728 3640 3777 3615 4059 3324 3755 3966 3660 3629 3692 3616 3950 3983 4103 3570 3613 3674 3525 3308 3952 3984 3900 3543 3646 3961 3617 3489 3874 3571 3753 4118 3882 3475 3609 3763 3748 3811 3647 3895 3470 3682 3527 3184 3674 3987 3485 3834 3533 3577 3482 3784 3760 3427 3537 4123 3513 3539 3614 3687 3580 3520 3620 3807 3848 3639 3814 3878 3537 3719 4132 4077 3639 3863 3522 3437 3784 3884 3952 3886 3761 3979 3932 3792 3585 4253 3529 3423 4334 3790 3720 3488 3877 3733 3870 3752 3263 3217 3442 3748 3594 3410 3977 4001 3755 3680 3813 3758 3659 3701 3314 3607 3616 3553 3801 3454 3775 3351 3831 3528 3731 3823
3951 3693 3639 3993 3826 3226 3748 3367 3854 3321 3805 3691 3618 3625 3716 3752 3544 3508 3459 3348 3333 3549 3463 3246 3753 3941 3795 3575 3440 3573 3749 3394 3765 3605 3631 3622 3834 3228 3336 3564 3565 3767 3720 3780 3692 3735 3358 3613 3887 3629 3899 3700 3738 3660 3774 3579 3774 3773 3886 3792 3634 3281 3911 3442 3768 3700 3720 3362 3837 3733 3732 3901 3743 3469 3468 3579 3682 3300 4037 4072 4049 3771 3463 3954 3464 3511 3790 3585 3454 4062 3621 3340 3533 3712 3847 3593 3422 3777 3816 3811 3541 3422 3554 3746 3315 3604 3409 3524 3521 3652 4001 3444 3420 3775 3368 3525 3926 3750 3496 3422 3623 3833 3793 3412 3485 4079 3828 3669 3877 3760 3554 3643 3574 3610 3808 3555 3857 4013 3525 3709 3895 3334 3897 4110 3473 3304 4125 3963 3836 3621 3926 3506 3677 3445 3348 3539 3466 3612 3648 3603 3559 3700 3692 3634 3692 3557 3563 3659 3395 3636 3478 3743 3648 3185 3506 3412 3837 3611 3496 3785
3752 3620 3463 3896 3415 3165 3562 3327 3567 3154 3822 3562 3474 3464 3500 3531 3501 3355 3314 3309 3278 3467 3325 3129 3713 3949 3719 3616 3453 3442 3759 3335 3639 3219 3367 3630 3740 3141 3360 3373 3522 3640 3547 3568 3514 3618 3140 3446 3575 3680 3641 3400 3502 3590 3689 3706 3354 3653 3701 3437 3351 3214 3706 3517 3458 3696 3772 3343 3703 3514 3587 3844 3776 3245 3446 3605 3518 3089 3713 3804 4011 3505 3299 3628 3398 3444 3838 3336 3731 3789 3768 3310 3468 3605 3577 3554 3645 3820 3513 3585 3586 3206 3108 3789 3254 3726 3320 3511 3377 3614 3701 3126 3418 3870 3207 3502 3555 3874 3422 3399 3535 3547 3796 3375 3528 3906 3589 3496 3785 3635 3302 3575 3340 3278 3830 3583 3809 3821 3442 3729 3551 3448 3690 4021 3447 3434 3980 3692 3580 3523 3794 3408 3648 3517 3169 3413 3535 3618 3561 3480 3650 3536 3518 3445 3729 3447 3537 3509 3236 3534 3390 3496 3486 3258 3558 3320 3516 3428 3181 3608
4100 3851 3650 4218 3968 3108 3935 3346 3601 3539 4238 3873 3899 3883 3868 3935 3690 3885 3767 3569 3578 3664 3731 3242 3856 4171 3997 3855 3849 3566 4116 3409 3822 3770 3987 3832 3736 3408 3331 3584 3763 3917 3795 3728 4132 3756 3773 3802 4164 3760 3864 3772 3900 3789 3747 3632 3738 3980 3747 3727 3674 3600 3847 3546 3708 3770 3878 3764 3739 3912 4034 3756 3953 3690 3751 3723 3690 3382 4068 4143 4046 3662 3686 3953 3558 3888 3888 3796 3744 4139 3617 3585 3598 3721 4077 3750 3915 4069 3517 3989 3804 3691 3614 4150 3557 3899 3549 3793 3668 3799 3941 3505 3318 4054 3687 3798 3901 3912 3624 3640 3666 3925 3838 3518 3870 4080 3969 3867 3762 4117 3671 3883 3704 3600 3878 3882 4069 4037 3685 3994 3981 3643 3865 4245 3472 3507 4014 3812 3792 3509 3926 3747 4080 3605 3385 3440 3611 3758 3979 3492 3988 4027 3497 3862 3961 3873 3630 3921 3367 3592 3732 3811 3749 3414 3811 3504 4072 3533 3589 3856
3763 3826 3336 3850 3724 2903 3593 3325 3465 3198 3859 3374 3597 3593 3566 3604 3731 3499 3545 3194 3545 3525 3548 3141 3453 3792 3608 3428 3587 3412 3743 3273 3259 3431 3565 3723 3810 3187 3033 3491 3403 3606 3691 3510 3460 3609 3331 3538 3558 3660 3500 3452 3350 3355 3384 3590 3650 3805 3600 3428 3331 3418 3679 3249 3576 3425 3480 3406 3515 3374 3656 3436 3697 3317 3521 3469 3467 3569 3801 3649 3534 3441 3288 3950 3213 3429 3441 3601 3638 4037 3467 3387 3548 3374 3767 3461 3613 3426 3424 3294 3699 3161 3322 3564 3431 3531 3415 3581 3440 3610 3857 3039 3411 3556 3254 3572 3483 3556 3582 3319 3211 3590 3800 3249 3527 3732 3563 3648 3748 3814 3442 3465 3471 3310 3612 3472 3651 3677 3522 3674 3509 3405 3534 3745 3231 3380 4215 3560 3621 3217 3561 3472 3814 3448 3127 3238 3355 3464 3435 3343 3591 3670 3543 3684 3442 3673 3494 3360 3265 3572 3275 3456 3702 3369 3510 3418 3536 3558 3384 3511
3797 3604 3374 4017 3605 2738 3440 3302 3555 3157 3892 3635 3521 3512 3756 3624 3408 3418 3466 3412 3456 3295 3600 3105 3649 3873 3742 3736 3464 3349 3771 3371 3550 3561 3608 3659 3557 3287 3070 3353 3566 3659 3269 3713 3293 3541 3336 3569 3602 3600 3669 3216 3640 3447 3628 3453 3321 3628 3806 3598 3335 3345 3810 3197 3532 3478 3563 3335 3633 3720 3739 3393 3722 3407 3551 3522 3417 3436 3743 3904 3731 3454 3357 3640 3436 3494 3835 3530 3452 3864 3588 3178 3532 3484 3590 3258 3586 3581 3317 3636 3488 3604 3375 3819 3305 3609 3419 3389 3288 3453 3568 3271 3189 3861 3265 3245 3818 3499 3302 3203 3277 3827 3761 3217 3465 3655 3577 3500 3816 3704 3534 3233 3441 3562 3749 3451 3505 3642 3528 3608 3688 3458 3440 4068 3428 3203 3824 3749 3500 3424 3652 3165 3569 3152 3226 3358 3467 3539 3693 3279 3663 3610 3400 3519 3575 3672 3322 3402 3188 3570 3155 3539 3706 2887 3467 3284 3872 3269 3437 3699
3721 3812 3627 4127 3691 3104 3837 3361 3753 3358 4024 3629 3707 3844 3699 3675 3668 3561 3304 3453 3641 3464 3627 3357 3813 3997 3778 3416 3658 3814 4004 3434 3484 3449 3772 3759 3765 3360 3214 3612 3727 3615 3425 3588 3716 3860 3429 3651 3828 3436 3714 3623 3539 3651 3679 3547 3720 3660 3636 3869 3448 3450 3785 3538 3976 3649 3500 3508 4011 3652 3729 3741 3854 3633 3633 3497 3544 3491 3833 4301 4049 3752 3299 3889 3483 3478 3861 3609 3524 4033 3712 3436 3694 3533 3681 3528 3568 3817 3620 3597 3522 3494 3462 3740 3381 3565 3583 3544 3517 3711 3700 3484 3266 4095 3477 3595 3614 3783 3627 3505 3585 3794 3858 3439 3636 3820 3938 3616 3944 3890 3645 3796 3571 3480 3764 3568 3755 3946 3768 3536 3604 3552 3838 4012 3333 3461 4157 3691 3665 3549 3923 3705 3759 3603 3113 3514 3546 3707 3792 3444 3651 3803 3607 3839 3630 3567 3305 3549 3195 3737 3461 3571 3539 3422 3565 3498 3910 3440 3431 3722
3433 3496 3497 3724 3418 2981 3526 3176 3576 3165 3813 3513 3368 3350 3595 3611 3447 3404 3155 3184 3400 3174 3233 3139 3434 3676 3617 3125 3408 3177 3422 3038 3462 3375 3379 3510 3292 2996 3164 3402 3162 3561 3143 3330 3618 3339 3225 3311 3579 3436 3296 3651 3058 3340 3474 3348 3246 3544 3396 3516 3072 3061 3443 3265 3468 3353 3387 3226 3489 3226 3549 3687 3329 3224 3147 3360 3278 3093 3590 3597 3839 3326 3031 3666 3215 3371 3498 3201 3331 3669 3590 2934 3290 3567 3397 3368 3306 3586 3187 3449 3215 3302 3246 3572 3314 3466 3369 3267 3312 3307 3443 3155 3312 3786 3069 3255 3393 3504 3243 3431 3133 3341 3552 3027 3636 3702 3446 3259 3600 3552 3464 3525 3303 3316 3724 3208 3678 3636 3528 3448 3476 3112 3594 3836 3232 3102 3648 3537 3469 3297 3538 3506 3532 3319 2928 3246 3217 3506 3706 3318 3332 3318 3483 3409 3443 3291 3243 3425 3131 3234 3484 3404 3457 3057 3260 3129 3513 3314 3211 3549
3571 4061 3391 3900 3713 3272 3641 3476 3616 3203 3825 3658 3582 3724 3677 3800 3748 3651 3514 3239 3294 3434 3599 3340 3805 3814 3804 3625 3478 3787 3848 3171 3624 3567 3680 3724 3811 3276 3357 3481 3660 3635 3612 3539 3573 3633 3482 3723 3602 3593 3521 3617 3682 3688 3758 3732 3375 3903 3825 3594 3448 3382 3759 3297 3860 3585 3590 3278 3649 3760 3886 3621 3747 3455 3719 3674 3557 3286 3813 3714 3857 3552 3296 3919 3378 3538 3726 3511 3562 3950 3870 3321 3499 3592 3666 3627 3507 3903 3350 3750 3694 3442 3505 3696 3342 3648 3366 3522 3558 3609 3879 3381 3351 3689 3492 3515 3542 3912 3471 3421 3241 3577 3839 3389 3530 3919 3713 3617 3939 3975 3617 3671 3504 3390 3642 3371 3818 3940 3667 3738 3557 3617 3742 3810 3341 3383 4072 3511 3687 3305 3871 3787 3838 3491 3283 3272 3724 3602 3685 3634 3601 3873 3652 3710 3677 3551 3401 3502 3343 3493 3460 3718 3658 3378 3595 3397 3670 3223 3401 3726
4055 4189 3751 4458 4001 3265 3769 3654 3918 3565 4241 3908 4061 4073 4070 3794 4033 3775 3629 3838 3688 3894 3847 3460 4061 4055 4058 3943 3964 3842 4035 3683 3692 3590 4058 3966 4142 3613 3479 3698 3965 3946 3715 3741 4003 3900 3285 3817 4134 3878 3865 3925 4004 3926 4028 3799 3862 4005 3800 4045 3999 3657 4012 3447 4037 3966 4054 3557 4293 3767 3908 3782 4073 3816 3674 3718 3602 3693 4127 4278 4217 3734 3651 4165 3414 3710 4154 3802 3757 4126 3873 3799 3824 3715 4059 3984 4049 4050 3595 3998 3892 3601 3783 4165 3951 3897 3904 3805 3614 3635 3936 3737 3628 4217 3546 3686 3894 3790 3794 3916 3695 3848 4078 3701 3860 3858 3973 4135 4100 4221 3583 3772 3916 3613 4088 3987 4064 4221 3862 4059 3987 3633 4056 4356 3701 3604 4455 3988 3802 3674 4138 3725 4118 3755 3396 3526 3833 3804 3961 3639 4042 3972 3708 3855 3784 3856 3564 3808 3472 3749 3782 3851 3999 3528 4023 3571 3944 3786 3686 3974
4088 3725 3713 3900 3766 3357 3753 3521 3726 3532 4068 3721 3717 3707 3866 3739 3772 3776 3425 3537 3438 3668 3567 3194 3796 3960 3672 3562 3551 3476 3928 3495 3642 3565 3806 3865 3869 3394 3395 3784 3808 3769 3830 3727 3808 3704 3513 3773 3970 3863 3866 3545 3687 3746 3861 3717 3698 3837 3870 3918 3726 3451 4120 3359 3715 3646 3814 3530 3931 3794 3949 3865 3913 3584 3622 3714 3741 3436 3840 4150 4211 3739 3479 4115 3492 3666 4088 3750 3746 3987 3912 3318 3673 3805 3875 3640 3701 3975 3634 4036 3719 3828 3544 3858 3564 3770 3701 3700 3444 3565 3850 3131 3379 4006 3674 3449 3874 3784 3570 3619 3587 3720 4083 3583 3703 3899 3749 3521 4016 3969 3879 3756 3541 3485 3941 3651 4024 3862 3719 3572 3699 3626 3878 4206 3524 3481 4255 3824 3867 3467 3887 3898 3901 3593 3242 3392 3760 3825 3935 3462 3788 3820 3672 3780 3776 3631 3573 3376 3545 3664 3778 3737 3941 3304 3768 3506 3934 3598 3467 3779
3965 3896 3732 4069 3606 3033 3777 3558 3644 3461 4146 3530 3778 3668 3915 3762 3872 3663 3436 3317 3627 3486 3403 3250 3729 4106 3607 3696 3692 3609 3964 3548 3490 3655 3675 3813 3767 3147 3209 3850 3579 3722 3594 3928 3732 3903 3557 3720 3859 3309 3727 3549 3600 3624 3780 3448 3651 3692 3751 3625 3795 3568 3986 3678 3954 3538 3790 3499 3829 3646 3827 3638 4050 3606 3491 3736 3547 3527 4075 3900 4033 3694 3689 3749 3628 3479 3823 3655 3513 4009 3833 3513 3847 3699 3790 3552 3600 3859 3759 3735 3670 3444 3650 3916 3450 3888 3609 3700 3559 3678 3792 3290 3458 3948 3258 3631 3692 3566 3650 3378 3705 3732 3816 3605 3617 3923 3676 3677 4234 3738 3673 3770 3508 3517 3571 3724 3665 3898 3668 3875 3771 3860 3901 4358 3373 3213 3986 3806 3647 3689 3824 3522 3925 3502 3190 3353 3520 3697 3859 3523 3894 3934 3514 3800 3707 3614 3434 3702 3225 3706 3766 3796 3835 3286 3607 3555 3829 3688 3758 3564
3710 3629 3408 3856 3426 2864 3524 3389 3361 3181 3638 3523 3350 3689 3625 3457 3469 3545 3294 3366 3442 3284 3522 3156 3752 3687 3758 3621 3716 3481 3727 3272 3317 3378 3541 3346 3855 3158 3211 3345 3337 3621 3108 3567 3189 3804 3278 3427 3622 3384 3221 3396 3176 3720 3672 3387 3250 3743 3423 3840 3372 3380 3597 3194 3659 3568 3307 3068 3765 3576 3569 3735 3635 3326 3455 3433 3395 3294 3746 3867 3630 3544 3153 3668 3176 3561 3656 3471 3369 4000 3487 3213 3494 3416 3531 3425 3424 3577 3183 3679 3242 3227 3132 3905 3292 3746 3245 3381 3221 3628 3539 3376 3197 3526 3175 3385 3543 3777 3272 3338 3403 3461 3763 3036 3373 3706 3687 3376 3685 3639 3491 3301 3413 3290 3527 3187 3542 3767 3721 3441 3667 3601 3727 3740 3339 3229 3877 3540 3428 3241 3786 3398 3682 3194 3190 2940 3244 3362 3708 3416 3774 3536 3497 3626 3256 3542 3466 3548 3142 3574 3521 3305 3497 3088 3366 3266 3777 3338 3494 3411
3461 3214 3452 3706 3191 2817 3330 3128 3252 3110 3595 3530 3213 3275 3223 3325 3158 3184 3190 3159 3146 3078 3162 2789 3399 3404 3458 3206 3481 3227 3491 3102 3337 3182 3289 3148 3510 2925 2939 3327 3155 3355 3144 3386 3229 3235 3044 3256 3505 3433 3217 3444 3396 3432 3488 3154 3169 3407 3457 3342 3282 3163 3378 3133 3239 3605 3120 3129 3312 3291 3519 3589 3458 3185 3058 3133 3044 3097 3343 3613 3594 3246 3146 3560 3018 3269 3323 3197 3342 3797 3368 2886 3324 3240 3468 3231 3424 3409 3190 3351 3225 3070 3168 3558 3005 3358 3174 3206 3225 3015 3253 3030 3157 3592 3277 3349 3387 3371 3129 3175 3210 3418 3404 2944 3456 3658 3491 3263 3323 3575 3272 3464 3095 2906 3574 3331 3535 3386 3178 3330 3469 3352 3474 3666 2977 3245 3652 3403 3237 3183 3675 3072 3427 3099 2994 3148 2972 3223 3402 3152 3574 3448 3399 3273 3215 3580 3254 3356 2950 3132 3332 2992 3396 2924 3266 3121 3496 3384 3157 3405
3553 3737 3394 3980 3234 3084 3374 3354 3611 3318 3654 3479 3422 3365 3553 3749 3625 3335 3251 3173 3179 3354 3355 2978 3575 3781 3638 3594 3438 3557 3507 3097 3515 3426 3386 3363 3555 3095 3101 3237 3307 3589 3197 3511 3343 3711 3220 3580 3641 3390 3404 3458 3307 3553 3629 3283 3379 3522 3607 3615 3402 3422 3612 3385 3753 3428 3435 3154 3430 3386 3506 3580 3681 3305 3159 3393 3596 3307 3856 3701 3705 3369 3085 3779 3381 3341 3512 3362 3402 3809 3454 3212 3494 3536 3603 3491 3533 3626 3282 3591 3468 3160 3290 3464 3200 3687 3326 3522 3355 3451 3529 3208 3476 3585 3285 3349 3436 3552 3310 3367 3175 3486 3507 3162 3324 3764 3444 3527 3769 3530 3581 3308 3151 3346 3609 3532 3613 3401 3411 3567 3505 3495 3651 3930 3403 3335 3919 3542 3424 3297 3769 3344 3344 3258 3191 3229 3210 3455 3589 3418 3495 3404 3648 3422 3578 3332 3273 3445 3146 3460 3486 3494 3273 2989 3325 3304 3641 3354 3371 3590
3909 3973 3548 4122 3756 3134 3888 3736 3839 3454 4196 3958 3738 3511 3840 3803 3648 3838 3696 3662 3502 3611 3596 3553 3990 4008 4014 3917 3967 3767 4057 3558 3802 3720 3826 3803 3879 3433 3440 3394 3634 3883 3801 3807 3752 3942 3294 4046 4038 3735 3835 3761 3692 3935 4095 3725 3545 3972 3703 3899 3899 3523 4090 3440 3857 3778 3675 3574 3940 3875 3876 4173 4115 3690 3876 3766 3728 3638 4033 4187 4289 3639 3531 4025 3590 3494 4194 3718 3653 4156 3973 3504 3817 3960 3940 3687 3905 4079 3565 3980 3676 3515 3631 4150 3526 4085 3579 3725 3618 3697 3799 3485 3714 3832 3559 3578 4129 4033 3617 3683 3642 3852 3921 3310 3905 4028 3929 3838 4215 4063 3908 3717 3453 3617 4111 3722 3914 3920 3961 3748 3789 3579 4076 4181 3645 3624 4232 3950 3869 3634 4169 3692 3953 3584 3501 3525 3707 3777 3683 3512 3853 3809 3900 3716 3956 3731 3814 3648 3391 3663 3616 3692 3766 3400 3710 3704 4177 3681 3670 3911
3731 3599 3467 3902 3705 3062 3630 3410 3567 3142 3978 3537 3476 3642 3751 3403 3539 3543 3470 3439 3162 3359 3423 3178 3609 3781 3806 3532 3448 3583 3772 3116 3257 3383 3547 3721 3710 3129 3059 3606 3565 3769 3399 3576 3515 3655 3162 3417 3696 3799 3286 3451 3563 3603 3653 3357 3363 3619 3538 3288 3497 3392 3675 3527 3559 3602 3326 3482 3637 3916 3701 3492 3880 3356 3567 3543 3347 3363 3745 3767 4121 3582 3293 3643 3538 3520 3764 3478 3333 3864 3479 3177 3399 3597 3450 3503 3523 3751 3343 3598 3614 3507 3430 3839 3228 3467 3355 3577 3509 3232 3565 3321 3192 3727 3228 3601 3470 3654 3455 3269 3533 3493 3598 3447 3331 3702 3790 3560 3693 3844 3608 3587 3405 3468 3704 3676 3503 3672 3427 3747 3699 3550 3742 4135 3413 3244 4108 3680 3368 3440 3789 3467 3667 3214 3071 3149 3340 3529 3663 3106 3727 3673 3452 3477 3595 3421 3282 3311 3370 3474 3527 3607 3550 3017 3540 3319 3757 3419 3441 3687
3867 3881 3776 4103 3707 3303 3734 3587 3670 3310 4191 3787 3514 3824 3872 3604 3692 3601 3744 3527 3489 3598 3515 3426 3850 3871 3799 3793 3713 3485 4087 3333 3708 3564 3802 3717 3833 3522 3271 3627 3648 3783 3564 3683 3826 3962 3362 3834 3951 3788 3644 3908 3641 3828 3903 3612 3734 3641 3702 3635 3671 3582 3942 3426 3899 3821 3664 3579 3845 3401 3780 4019 3908 3568 3605 3783 3836 3560 3841 3862 4114 3544 3468 4023 3460 3830 4016 3691 3542 4330 3819 3532 3763 3934 3788 3546 3709 3844 3474 3832 3655 3462 3740 3863 3310 3886 3581 3591 3640 3605 3912 3520 3512 3993 3590 3701 3732 3789 3699 3595 3526 3772 4042 3455 3611 4029 3782 3712 4125 3812 3739 3701 3477 3580 3919 3589 3778 4108 3742 3742 3889 3693 4002 4083 3538 3446 4241 3942 3910 3647 4071 3705 4040 3639 3356 3508 3353 3955 3743 3671 3872 3687 3692 3782 3857 3758 3601 3531 3350 3737 3632 3601 3506 3326 3606 3451 3859 3522 3651 3942
3733 3802 3588 3923 3592 3137 3933 3423 3491 3315 4110 3384 3263 3660 3628 3650 3857 3693 3273 3410 3288 3641 3238 3154 3831 3970 3807 3675 3246 3666 3621 3433 3606 3592 3481 3267 3609 3161 3141 3231 3396 3664 3476 3576 3786 3471 3419 3721 3738 3685 3445 3468 3684 3489 3547 3543 3592 3739 3522 3524 3452 3488 3782 3261 3667 3590 3366 3501 3597 3409 3828 3645 3810 3235 3477 3408 3606 3320 3837 3805 3919 3591 3518 3811 3261 3485 3766 3523 3645 3848 3623 3399 3644 3486 3759 3484 3398 3737 3254 3734 3654 3525 3363 3841 3376 3623 3403 3546 3470 3548 3899 3273 3174 3954 3210 3659 3625 3766 3513 3603 3219 3613 3832 3597 3669 3692 3616 3623 3844 3738 3524 3525 3623 3435 3805 3314 3572 3724 3442 3528 3588 3509 3771 4102 3361 3312 3972 3622 3543 3356 3729 3514 3655 3297 3406 3254 3423 3580 3829 3375 3754 3698 3468 3548 3708 3498 3687 3499 3172 3587 3346 3693 3453 3278 3539 3372 3587 3469 3476 3668
3841 3821 3433 3957 3597 3185 3446 3410 3511 3390 3930 3633 3475 3602 3659 3741 3607 3697 3321 3266 3473 3488 3639 3097 3514 3751 3582 3420 3710 3409 3687 3268 3496 3499 3691 3659 3685 3265 3224 3331 3598 3662 3565 3529 3696 3666 3145 3470 3637 3490 3711 3690 3344 3633 3734 3384 3448 3513 3510 3597 3346 3213 3823 3388 3787 3477 3537 3244 3716 3633 3750 3828 3653 3435 3632 3516 3562 3332 3846 3804 3792 3515 3417 3913 3139 3299 3889 3438 3679 3867 3886 3204 3449 3626 3902 3631 3860 3706 3368 3760 3641 3363 3295 3908 3343 3491 3235 3686 3450 3588 3451 3316 3173 3853 3248 3503 3422 3695 3499 3592 3417 3457 3713 3319 3636 3722 3681 3401 3857 3854 3404 3638 3470 3409 3803 3429 3720 3681 3761 3556 3830 3352 3776 3921 3277 3397 3947 3624 3648 3406 3799 3521 3511 3365 2983 3289 3646 3614 3665 3413 3719 3757 3558 3650 3600 3387 3359 3326 3076 3450 3685 3415 3584 3331 3597 3503 3648 3456 3408 3511
3608 3844 3544 3797 3653 3104 3622 3287 3798 3182 3775 3544 3347 3633 3440 3735 3626 3464 3179 3404 3294 3410 3436 2983 3473 3930 3790 3677 3609 3513 3845 3396 3421 3275 3514 3640 3552 3380 3429 3510 3383 3534 3430 3374 3482 3565 3352 3645 3785 3611 3512 3504 3446 3785 3504 3476 3521 3794 3567 3697 3381 3366 3706 3253 3933 3523 3484 3323 3484 3579 3716 3681 3896 3404 3534 3496 3209 3369 3766 4054 3768 3364 3396 3946 3488 3309 3714 3556 3623 3791 3483 3326 3363 3511 3592 3743 3577 3641 3240 3505 3482 3314 3417 3558 3503 3537 3610 3383 3360 3651 3584 3205 3505 3810 3481 3422 3449 3538 3372 3354 3467 3713 3745 3351 3620 3777 3629 3615 3796 3862 3446 3479 3465 3380 3637 3514 3710 3750 3525 3794 3775 3413 3611 3972 3388 3273 4042 3466 3565 3320 3749 3511 3603 3449 3244 3224 3393 3728 3632 3288 3720 3694 3553 3685 3593 3566 3342 3506 3355 3581 3320 3588 3557 3079 3526 3353 3722 3469 3229 3725
3670 3691 3378 3956 3667 3016 3470 3411 3560 3391 3780 3571 3635 3594 3476 3561 3587 3575 3128 3254 3465 3323 3300 3070 3652 3906 3547 3538 3626 3404 3726 3215 3381 3607 3498 3471 3683 3136 3081 3517 3409 3415 3578 3467 3528 3474 3092 3327 3628 3515 3510 3412 3554 3609 3631 3545 3521 3498 3696 3640 3354 3436 3710 3487 3749 3509 3270 3427 3548 3508 3486 3707 3703 3277 3466 3504 3417 3210 3912 3900 3983 3383 3180 3773 3373 3249 3522 3374 3713 3641 3565 3271 3571 3541 3597 3467 3583 3580 3424 3410 3500 3306 3351 3680 3199 3753 3362 3643 3483 3474 3935 3153 3356 3774 3411 3590 3305 3736 3330 3439 3295 3637 3787 3357 3410 3973 3921 3538 3673 3721 3469 3407 3408 3200 3663 3319 3829 3544 3505 3651 3742 3503 3723 4064 3402 3310 3819 3609 3483 3358 3677 3488 3660 3080 3091 3201 3364 3574 3599 3348 3586 3816 3493 3621 3600 3526 3445 3585 3240 3256 3562 3592 3687 3378 3273 3428 3755 3433 3318 3513
3818 3714 3329 3918 3439 3081 3327 3309 3318 3396 3885 3491 3476 3844 3677 3639 3537 3412 3436 3184 3400 3260 3302 3204 3448 3801 3805 3382 3633 3640 3645 2979 3493 3470 3459 3497 3646 3111 3105 3351 3409 3806 3536 3477 3685 3771 3493 3608 3682 3526 3263 3452 3589 3627 3797 3399 3358 3547 3751 3398 3559 3280 3792 3252 3449 3482 3610 3410 3433 3673 3706 3776 3819 3410 3434 3459 3330 3197 3875 3707 3971 3623 3384 3721 3393 3403 3701 3511 3629 3885 3681 3402 3438 3360 3764 3459 3479 3610 3550 3726 3438 3399 3492 3490 3240 3585 3348 3510 3479 3440 3659 3227 3194 3615 3379 3464 3539 3658 3433 3295 3377 3574 3878 3342 3587 3709 3752 3456 3820 3844 3668 3697 3367 3202 3578 3417 3781 3747 3589 3476 3591 3564 3589 3989 3432 3236 4061 3661 3523 3326 3676 3630 3505 3079 3285 3205 3410 3419 3374 3304 3559 3688 3498 3678 3506 3542 3341 3572 3309 3405 3323 3544 3727 3147 3317 3452 3735 3497 3478 3424
3878 3777 3320 4071 3881 2889 3817 3268 3618 3474 4054 3668 3622 3779 3695 3803 3528 3601 3484 3149 3491 3584 3740 3434 3963 4063 3903 3517 3748 3574 3754 3248 3414 3570 3785 3629 3738 3377 3359 3358 3565 3785 3627 3539 3675 3646 3376 3704 3836 3677 3624 3811 3614 3641 3836 3371 3499 3789 3680 3787 3492 3397 3886 3315 3484 3786 3611 3377 3711 3648 3928 3612 3826 3484 3533 3762 3741 3403 3859 3941 3880 3671 3422 3936 3299 3396 3700 3534 3620 3915 3812 3390 3445 3841 3924 3602 3722 4019 3395 3729 3786 3662 3401 3906 3292 3731 3336 3487 3535 3588 3474 3314 3460 3765 3395 3357 3522 3560 3403 3495 3617 3745 3761 3435 3550 3881 3894 3746 3793 3826 3537 3638 3486 3400 3711 3613 3839 3865 3536 3557 3851 3563 3825 4074 3724 3381 4206 3628 3436 3600 3890 3513 3814 3526 3504 3366 3389 3624 3676 3771 3631 3714 3619 3479 3724 3706 3374 3730 3388 3514 3523 3633 3611 3463 3448 3441 3802 3476 3590 3709
3962 3828 3436 3881 3765 3020 3836 3234 3604 3386 3933 3746 3430 3969 3626 3888 3675 3551 3423 3194 3455 3330 3506 3074 3771 4042 3773 3726 3726 3649 3724 3405 3482 3506 3677 3506 3705 3111 3304 3489 3541 3694 3583 3693 3576 3452 3101 3759 4066 3683 3568 3774 3911 3737 3560 3346 3436 3731 3572 3609 3279 3705 3931 3482 3805 3609 3630 3552 3766 3545 3694 3795 3808 3498 3552 3647 3593 3414 4016 3959 4015 3556 3346 3769 3475 3252 3634 3506 3533 3859 3557 3202 3505 3654 3871 3572 3579 3593 3388 3739 3568 3470 3349 3548 3330 3765 3533 3685 3365 3549 3831 3394 3522 3983 3201 3578 3562 3789 3371 3410 3372 3521 3595 3603 3774 3784 3596 3522 3873 3828 3442 3409 3533 3452 3573 3492 3784 3739 3626 3790 3674 3484 3736 4114 3350 3299 4222 3587 3423 3286 4017 3617 3649 3450 3307 3290 3607 3701 3583 3434 3760 3846 3495 3762 3657 3346 3487 3788 3346 3466 3473 3691 3761 3429 3625 3325 3710 3434 3347 3604
3387 3360 3339 3631 3040 2680 3144 2971 3038 3042 3468 3141 3271 3248 3250 3220 3072 2974 2934 3029 3160 3101 3151 2784 2987 3489 3184 3022 3258 3232 3456 2906 3282 3149 3145 3042 3140 2916 2892 3165 3287 3343 3087 3370 3135 3222 2974 3180 3241 3383 3141 3059 3213 3133 3185 3107 3001 3250 3321 3028 2975 2982 3188 3005 3127 3348 3272 2898 3177 3111 3393 3351 3362 3090 2979 3177 3132 2832 3409 3233 3621 3186 3093 3497 3062 2987 3367 3307 3341 3501 3428 2955 3086 3042 3242 2948 3051 3103 3300 3160 3107 3043 3006 3254 2765 3386 3104 3175 3217 3060 3072 3014 3048 3443 2882 3095 3231 3321 3111 2926 3111 3190 3289 3155 3327 3464 3311 2983 3418 3349 3210 3223 3073 2918 3183 3325 3318 3521 3244 3261 3450 3328 3247 3576 2987 3017 3685 3225 3058 3017 3324 3106 3265 3040 2867 3050 2984 3337 2954 2832 3026 3304 3225 3265 3208 3291 3135 3060 2758 3187 2939 3143 3365 2737 3097 3122 3302 3125 2997 3208
3561 3945 3433 3800 3500 3041 3671 3397 3461 3051 3836 3532 3353 3821 3628 3696 3565 3474 3463 3218 3345 3400 3383 3170 3778 3549 3675 3676 3465 3590 3566 3359 3637 3505 3601 3655 3726 3162 3358 3337 3382 3520 3292 3665 3648 3596 3237 3455 3643 3499 3496 3758 3367 3612 3544 3334 3549 3595 3343 3661 3431 3261 3753 3284 3700 3488 3240 3460 3878 3352 3682 3704 3588 3205 3590 3387 3570 3340 3986 3840 3725 3558 3252 3595 3540 3309 3696 3304 3475 3829 3451 3175 3339 3699 3814 3607 3383 3572 3325 3546 3375 3297 3347 3697 3306 3741 3575 3565 3489 3670 3765 3463 3339 3907 3448 3542 3538 3666 3394 3437 3400 3553 3701 3216 3719 3901 3780 3443 3946 3769 3334 3343 3328 3216 3568 3482 3594 3705 3553 3462 3556 3443 3770 3934 3444 3282 4082 3605 3546 3310 3835 3515 3644 3358 3075 3308 3160 3564 3706 3183 3502 3704 3475 3406 3528 3267 3535 3750 3115 3528 3615 3589 3494 3197 3488 3423 3726 3407 3427 3707
3617 3914 3430 3971 3498 2992 3455 3267 3522 3199 3861 3469 3509 3594 3655 3429 3346 3343 3324 3215 3285 3276 3295 3136 3487 3818 3519 3603 3518 3381 3688 3390 3408 3333 3527 3462 3696 3396 2934 3553 3571 3437 3362 3463 3398 3617 3160 3580 3678 3626 3588 3574 3599 3444 3589 3580 3504 3593 3492 3483 3458 3308 3595 3256 3648 3469 3562 3344 3551 3411 3417 3449 3654 3418 3358 3575 3592 3479 3827 3715 3921 3488 3261 3697 3376 3374 3705 3389 3402 4018 3617 3299 3305 3488 3611 3480 3479 3586 3252 3649 3452 3268 3266 3568 3351 3501 3280 3423 3441 3455 3813 3230 3286 3583 3327 3296 3558 3691 3273 3203 3460 3728 3647 3202 3258 3523 3623 3597 3766 3632 3375 3323 3396 3327 3521 3396 3815 3764 3498 3710 3432 3568 3680 3879 3254 3178 4040 3631 3593 3173 3814 3402 3609 3091 2981 3105 3337 3507 3606 3264 3404 3619 3493 3680 3471 3456 3180 3412 3231 3304 3328 3390 3628 3069 3425 3258 3418 3335 3286 3530
4075 4094 3781 4230 3714 3198 3758 3774 3686 3530 4167 3812 3702 3896 3835 3909 3902 3681 3814 3781 3791 3775 3633 3592 3959 4107 3943 3668 3931 3839 4034 3431 3838 3762 3985 3823 4144 3418 3509 3638 3938 3885 3976 4011 3926 3893 3549 3673 4156 3704 3965 3719 3860 3796 3959 3811 3633 3808 3940 3860 3646 3627 3999 3713 3938 3739 3823 3619 4097 3815 4023 4002 3943 3743 3570 3630 3701 3766 4278 4018 3963 3641 3804 4038 3515 3631 3820 3948 3878 4072 3978 3437 3851 3922 3982 3735 3820 3878 3823 3885 3889 3784 3572 3962 3445 4017 3750 3688 3739 3681 3878 3482 3465 4063 3478 3771 3826 3834 3694 3657 3626 3949 3966 3431 3973 4068 3854 3794 4086 3979 3741 3707 3592 3345 3874 3913 4002 4100 4047 3900 3549 3873 4102 4147 3592 3603 4266 4003 3901 3582 3910 3709 4100 3663 3467 3621 3654 3878 3936 3639 3986 3929 3680 3974 4067 3753 3656 3908 3258 3748 3720 4006 3801 3559 3668 3704 3970 3687 3885 3674
3765 3827 3523 3967 3738 3163 3693 3436 3601 3364 4083 3528 3635 3732 3544 3711 3667 3719 3451 3333 3379 3551 3483 3416 3919 3944 3677 3560 3725 3663 3799 3462 3572 3600 3782 3678 3686 3375 3372 3493 3615 3793 3589 3627 3523 3813 3449 3772 3706 3446 3625 3611 3507 3580 3696 3588 3603 3652 3738 3675 3611 3364 3817 3344 3763 3849 3652 3391 3778 3649 3645 3821 4078 3351 3485 3565 3449 3438 3927 3808 3882 3605 3388 3920 3201 3609 3751 3610 3667 3932 3646 3482 3582 3661 3898 3785 3706 3885 3474 3546 3736 3438 3788 3791 3496 3631 3661 3566 3465 3508 3789 3405 3530 3855 3356 3521 3707 3400 3515 3470 3589 3634 3830 3417 3495 3695 3584 3697 3869 3886 3418 3659 3386 3351 3749 3481 3739 3845 3472 3705 3668 3611 4015 4018 3413 3301 3957 3808 3777 3618 3874 3641 3715 3520 3331 3370 3389 3548 3780 3671 3732 3843 3665 3613 3583 3692 3510 3558 3362 3527 3467 3662 3704 3427 3622 3469 3557 3539 3472 3618
3772 3806 3490 3979 3645 3031 3536 3134 3349 3312 3881 3407 3641 3707 3393 3663 3602 3479 3277 3427 3429 3431 3297 3143 3650 3983 3608 3481 3615 3543 3625 3238 3463 3365 3596 3545 3563 3286 3284 3496 3347 3649 3478 3713 3462 3618 3207 3457 3608 3467 3523 3430 3500 3369 3618 3314 3333 3819 3588 3749 3375 3377 3780 3358 3500 3680 3349 3392 3852 3515 3900 3670 3596 3246 3635 3379 3525 3039 3783 3865 3844 3196 3157 3800 3267 3372 3683 3358 3747 3889 3672 3344 3503 3538 3642 3482 3642 3806 3592 3725 3335 3412 3426 3607 3268 3683 3415 3378 3416 3378 3564 3387 3438 3745 3322 3492 3517 3658 3405 3284 3417 3700 3818 3431 3598 3953 3849 3593 3707 3852 3458 3732 3281 3064 3624 3542 3781 3793 3672 3690 3617 3437 3502 4198 3309 3297 3850 3572 3381 3429 3811 3429 3656 3372 3276 3250 3383 3719 3773 3397 3743 3722 3419 3344 3562 3608 3377 3529 3075 3451 3488 3475 3602 3179 3436 3529 3812 3589 3477 3529
3622 4144 3675 4183 3833 3070 3847 3349 3776 3504 4061 3738 3619 3754 3818 3766 3847 3670 3413 3478 3523 3747 3431 3135 3895 4027 4050 3675 3760 3725 3881 3414 3713 3497 3848 3716 4035 3637 3605 3514 3631 3643 3458 3660 3792 3757 3255 3482 3733 3698 3618 3740 3735 3905 3904 3675 3486 3717 3689 3676 3556 3455 3924 3485 3781 3689 3552 3312 3557 3616 3771 3846 3853 3668 3701 3723 3391 3576 3877 4131 3814 3570 3307 3990 3529 3575 4124 3396 3640 4111 3713 3477 3680 3679 3789 3603 3710 3751 3383 3670 3592 3460 3543 3831 3513 3729 3641 3543 3436 3611 3635 3582 3622 3847 3246 3422 3705 3596 3319 3733 3436 3789 4047 3403 3683 4023 3895 3665 3952 4035 3631 3789 3539 3512 4071 3660 3771 3936 3572 3835 3825 3567 3832 4100 3446 3559 3885 3767 3658 3731 3816 3588 3928 3548 3373 3205 3580 3548 3818 3497 3898 3716 3403 3409 3756 3760 3428 3618 3341 3610 3644 3667 3743 3310 3540 3513 3779 3631 3625 3768
3843 3887 3618 3800 3780 3059 3624 3364 3804 3239 3751 3712 3733 3652 3637 3933 3804 3563 3531 3551 3649 3629 3548 3288 3769 3933 3830 3758 3701 3497 3797 3532 3665 3575 3584 3850 3837 3346 3325 3535 3271 3696 3765 3558 3643 3856 3428 3340 3829 3786 3639 3803 3556 3764 3648 3569 3390 3714 3599 3753 3363 3334 3943 3381 3691 3559 3638 3454 3919 3657 3909 3572 3896 3496 3810 3609 3539 3469 4012 4095 3876 3454 3360 4057 3503 3381 3805 3440 3606 4080 3638 3253 3460 3809 3833 3598 3555 3834 3489 3654 3666 3393 3544 3794 3624 3904 3649 3621 3467 3669 3865 3394 3528 3910 3434 3613 3832 3731 3569 3542 3304 3753 3730 3367 3710 3991 3672 3472 3911 3879 3604 3580 3483 3459 3784 3572 3858 3820 3534 3771 3638 3437 3640 4043 3394 3399 4122 3722 3645 3342 3878 3577 3866 3561 3321 3434 3417 3663 3602 3393 3746 3667 3594 3767 3731 3662 3617 3634 3271 3707 3727 3592 3755 3204 3715 3512 3785 3486 3467 3690
3911 3613 3389 4016 3557 3161 3569 3319 3524 3287 3776 3426 3460 3478 3642 3619 3654 3576 3501 3232 3564 3549 3226 3143 3627 3892 3790 3349 3696 3569 3929 3230 3675 3592 3531 3474 3758 3315 3252 3474 3476 3536 3568 3724 3567 3568 3047 3631 3710 3630 3597 3384 3425 3620 3648 3482 3524 3736 3626 3545 3579 3576 3797 3425 3607 3463 3513 3289 3729 3595 3692 3757 3770 3263 3297 3466 3512 3387 3752 3696 3952 3414 3435 3836 3336 3517 3745 3352 3483 4003 3526 3467 3451 3782 3814 3449 3642 3751 3486 3637 3530 3471 3364 3743 3287 3739 3472 3491 3531 3396 3620 3209 3304 3744 3310 3613 3526 3608 3571 3566 3364 3492 3748 3453 3645 3646 3786 3654 3807 3756 3559 3749 3391 3213 3799 3600 3680 3748 3639 3745 3755 3469 3666 4012 3212 3679 3871 3636 3685 3490 3748 3251 3939 3464 3261 3225 3413 3435 3519 3434 3786 3532 3687 3539 3600 3565 3583 3408 3183 3618 3538 3589 3472 3373 3415 3423 3733 3596 3471 3617
3496 3697 3277 3851 3473 2985 3501 3303 3438 3099 3846 3491 3413 3497 3441 3329 3400 3391 3152 3118 3175 3272 3302 3216 3462 3589 3731 3322 3494 3613 3699 2984 3351 3325 3575 3405 3634 3312 3234 3280 3507 3471 3463 3542 3384 3496 3318 3351 3690 3568 3430 3379 3378 3652 3466 3405 3418 3497 3591 3435 3218 3287 3678 3352 3441 3484 3490 3065 3568 3581 3472 3579 3595 3197 3487 3303 3252 3121 3872 3569 3652 3404 3237 3678 3469 3289 3510 3323 3416 3964 3406 3324 3395 3414 3656 3558 3479 3448 3335 3464 3563 3379 3423 3587 3302 3453 3418 3557 3326 3235 3543 3117 3185 3698 3141 3520 3455 3538 3367 3319 3139 3417 3646 3270 3339 3630 3590 3259 3545 3763 3352 3588 3418 3064 3687 3358 3794 3726 3426 3474 3412 3431 3791 3641 3336 3539 3856 3439 3444 3283 3702 3434 3460 3229 3267 3140 3337 3468 3515 3349 3305 3653 3641 3442 3380 3491 3484 3364 3245 3497 3501 3515 3417 3101 3399 3450 3436 3412 3263 3396
3766 3855 3402 3911 3742 2947 3794 3475 3757 3211 4039 3552 3415 3764 3736 3694 3649 3536 3519 3351 3453 3445 3354 3197 3920 3903 3760 3688 3447 3701 3674 3426 3443 3489 3680 3579 3808 3340 3502 3500 3499 3693 3598 3558 3720 3630 3160 3650 3965 3627 3468 3697 3685 3677 3640 3567 3530 3665 3601 3652 3503 3350 3935 3297 3650 3532 3463 3227 3720 3735 3760 3757 3914 3257 3528 3559 3418 3520 3688 3783 3908 3639 3344 3735 3242 3446 3759 3543 3479 3844 3455 3200 3430 3531 3855 3614 3547 3681 3448 3680 3769 3424 3415 3792 3347 3749 3697 3358 3349 3560 3704 3413 3266 4020 3479 3468 3606 3382 3482 3413 3468 3876 3630 3329 3605 3867 3603 3664 3939 3645 3567 3474 3495 3384 3763 3491 3638 3778 3613 3921 3639 3405 3858 3963 3377 3451 3954 3500 3331 3611 4044 3602 3872 3533 3236 3307 3303 3752 3712 3509 3741 3663 3509 3353 3650 3738 3563 3742 3313 3644 3324 3650 3685 3213 3569 3240 3694 3435 3401 3745
3775 3956 3736 3986 3584 3263 3551 3432 3623 3597 3939 3605 3793 3965 3599 3913 3660 3559 3503 3420 3669 3486 3610 3318 3638 3809 3716 3698 3719 3568 3764 3353 3784 3594 3878 3762 3807 3382 3276 3482 3529 3960 3567 3731 3689 3718 3630 3671 3741 3658 3651 3777 3564 3850 3737 3573 3582 3796 3658 3857 3404 3297 3759 3482 3870 3716 3779 3504 3399 3639 3942 3822 3930 3460 3559 3723 3457 3486 4131 3763 3850 3435 3571 3945 3367 3664 3907 3642 3885 4096 3731 3352 3457 3698 3768 3845 3707 3706 3517 3999 3613 3638 3557 3831 3510 3844 3556 3995 3750 3800 3761 3377 3681 3869 3626 3590 3698 3770 3480 3429 3614 3728 3905 3636 3596 4102 3821 3654 3793 4014 3715 3709 3431 3495 3617 3578 3807 3942 3699 3927 3761 3733 3902 4001 3400 3534 4039 3661 3671 3299 3824 3521 3829 3455 3244 3517 3352 3819 3792 3589 3677 3794 3529 3738 3691 3692 3482 3652 3331 3635 3594 3665 3703 3406 3560 3492 3571 3468 3488 3737
3721 3988 3841 4167 3809 3123 3715 3619 3629 3292 4152 3585 3639 3924 3848 3667 3704 3616 3626 3479 3532 3499 3501 3356 3774 3938 3977 3738 3618 3788 3867 3455 3556 3734 3719 3663 3751 3445 3395 3644 3749 3722 3692 3733 3716 3834 3230 3637 3982 3679 3548 3515 3683 3722 3858 3757 3704 3780 3650 3904 3706 3494 3832 3522 3661 3772 3553 3618 3812 3609 3756 3857 3969 3643 3534 3527 3518 3673 3821 4026 4007 3521 3388 4191 3277 3470 3968 3720 3529 4019 3890 3376 3599 3705 3895 3539 3779 3754 3526 3766 3693 3585 3518 3753 3574 3868 3594 3785 3672 3592 3929 3495 3413 3815 3578 3555 3836 3728 3461 3597 3549 3733 3808 3422 3854 3896 3935 3771 4138 3848 3603 3599 3535 3519 3679 3646 3980 3833 3722 3924 3834 3816 3913 4047 3533 3415 4322 3856 3803 3426 3940 3788 4140 3364 3221 3476 3326 3705 3793 3461 3760 3873 3601 3844 3688 3664 3498 3513 3435 3427 3617 3723 3738 3521 3623 3613 3830 3656 3458 3669
3747 3492 3473 3882 3481 2886 3483 3480 3373 3416 3906 3457 3301 3446 3796 3707 3604 3358 3314 3352 3380 3448 3483 3150 3786 3989 3668 3554 3504 3333 3607 3280 3444 3434 3255 3600 3487 3307 3097 3375 3511 3439 3416 3644 3551 3560 3173 3529 3723 3779 3592 3396 3519 3581 3480 3570 3515 3689 3609 3714 3510 3253 3772 2979 3695 3497 3470 3210 3602 3590 3730 3520 3944 3377 3476 3253 3378 3405 3740 3856 3779 3259 3287 3804 3443 3340 3700 3375 3494 3872 3558 3337 3321 3412 3595 3375 3399 3659 3383 3651 3458 3466 3446 3925 3305 3590 3399 3288 3284 3268 3671 3158 3284 3904 3237 3641 3626 3721 3360 3412 3167 3583 4010 3281 3554 3491 3733 3555 3625 3696 3442 3485 3444 3388 3753 3385 3520 3765 3517 3534 3478 3317 3686 4041 3315 3316 3819 3736 3587 3228 3723 3308 3588 3238 3085 3010 3402 3307 3632 3321 3710 3572 3450 3479 3656 3553 3512 3483 3273 3562 3357 3376 3553 3037 3680 3344 3606 3275 3320 3508
3685 3650 3479 3900 3568 3160 3750 3472 3671 3260 3772 3857 3535 3461 3602 3731 3520 3635 3385 3505 3254 3260 3649 3154 3771 3751 3498 3708 3788 3515 3844 3209 3510 3540 3527 3883 3538 3171 3214 3455 3508 3763 3612 3732 3688 3543 3375 3706 4005 3374 3614 3597 3602 3648 3656 3348 3450 3704 3713 3848 3386 3309 3739 3262 3890 3698 3569 3297 3633 3538 3740 3660 3877 3595 3571 3452 3490 3442 3878 3987 3841 3284 3261 3767 3277 3291 3834 3537 3625 3894 3539 3203 3472 3758 3911 3308 3577 3716 3461 3715 3681 3536 3415 3919 3514 3631 3237 3427 3602 3449 3817 3485 3380 3764 3476 3539 3708 3649 3354 3585 3335 3500 3601 3389 3526 3754 3672 3525 3803 3921 3364 3580 3567 3533 3737 3562 3619 3805 3652 3554 3704 3590 3826 3934 3351 3203 3881 3598 3622 3333 3953 3420 3587 3397 3200 3349 3411 3817 3647 3471 3588 3844 3614 3521 3633 3493 3469 3448 3138 3382 3584 3612 3720 3206 3366 3523 3807 3496 3506 3498
3974 3575 3485 3901 3563 3039 3606 3359 3405 3251 3913 3518 3317 3560 3667 3546 3460 3534 3389 3225 3415 3358 3266 3014 3535 3961 3501 3576 3599 3366 3720 3203 3282 3492 3335 3472 3438 3060 3140 3599 3403 3362 3539 3680 3641 3673 3215 3381 3837 3569 3632 3337 3367 3625 3510 3576 3521 3377 3634 3544 3414 3533 3718 3260 3534 3332 3368 3251 3570 3439 3665 3601 3816 3406 3460 3384 3532 3369 3676 3647 3889 3331 3213 3786 3238 3230 3567 3442 3417 3900 3481 3330 3434 3455 3808 3236 3359 3763 3533 3563 3469 3386 3263 3631 3331 3689 3407 3368 3495 3323 3639 3355 3274 3900 3274 3340 3639 3472 3453 3346 3306 3520 3864 3411 3628 3754 3595 3299 3714 3579 3385 3506 3327 3401 3498 3634 3701 3822 3504 3616 3750 3540 3608 3905 3206 3175 3975 3775 3399 3322 3680 3365 3620 3152 3236 3242 3505 3648 3480 3329 3647 3570 3543 3637 3422 3645 3537 3442 3257 3416 3419 3391 3701 3222 3515 3224 3829 3602 3241 3477
3839 3937 3613 4140 3605 3075 3757 3439 3691 3532 3964 3671 3534 3509 3739 3801 3800 3448 3618 3302 3499 3861 3519 3169 4192 4020 3888 3584 3547 3575 3751 3533 3452 3520 3613 3582 3819 3365 3375 3480 3725 3711 3673 3475 3449 3793 3311 3593 3820 3612 3708 3510 3596 3622 3726 3764 3656 3697 3566 3726 3619 3362 4051 3410 4031 3579 3681 3517 3659 3653 3763 3812 3936 3384 3609 3532 3731 3600 4102 3980 3790 3550 3260 3955 3430 3574 3731 3537 3524 4043 3756 3365 3675 3685 3719 3545 3649 3739 3303 3685 3539 3371 3565 3754 3329 3783 3578 3725 3288 3533 3790 3356 3597 4020 3311 3442 3766 3635 3335 3462 3631 3836 4031 3350 3617 3802 3623 3770 4031 3744 3531 3569 3708 3582 3770 3636 3691 3781 3503 3474 3624 3573 3716 4139 3410 3400 4192 3880 3762 3650 3899 3551 4046 3514 3471 3408 3504 3572 3620 3582 3620 3560 3667 3698 3788 3624 3558 3836 3439 3777 3553 3578 3670 3319 3793 3385 3835 3495 3460 3636
3608 3535 3255 3704 3346 2752 3481 3100 3291 2960 3642 3485 3371 3580 3553 3448 3314 3548 3114 2978 3375 3370 3434 2971 3553 3523 3562 3254 3303 3442 3532 3088 3327 3371 3201 3483 3499 3155 3054 3399 3377 3393 3294 3320 3235 3525 3043 3529 3532 3405 3486 3208 3369 3372 3563 3364 3302 3532 3424 3465 3361 3053 3617 3203 3607 3194 3229 3139 3666 3347 3315 3458 3494 3254 3505 3468 3255 3297 3624 3675 3693 3391 3054 3655 3121 3146 3511 3352 3272 3714 3458 3338 3241 3479 3791 3166 3307 3374 3219 3462 3464 3206 3270 3602 3228 3509 3109 3505 3252 3409 3430 3202 3197 3505 3142 3273 3444 3340 3125 3373 3156 3606 3818 3080 3325 3597 3456 3224 3800 3715 3257 3275 3386 3236 3458 3261 3487 3512 3458 3476 3547 3368 3492 3723 3261 3255 3743 3452 3459 3502 3634 3347 3552 3313 2897 3147 3310 3403 3341 3266 3453 3557 3385 3418 3588 3339 3099 3309 3164 3308 3217 3200 3359 3083 3371 3069 3644 3390 3176 3514
3396 3327 3100 3531 3269 2758 3247 3045 3310 2865 3585 3094 3234 3152 3295 3209 3227 3322 2895 3063 3169 3425 3053 2878 3425 3780 3307 3094 3119 3178 3171 2906 2902 3323 3290 3346 3469 3188 2899 3311 3272 3158 3188 3248 3282 3106 2900 3281 3411 3265 3151 3108 3243 3321 3437 3267 3102 3297 3310 3318 3339 3038 3447 3098 3396 3118 3205 2946 3453 3287 3348 3150 3433 3145 3119 3124 3153 3202 3499 3411 3489 3247 2989 3591 2992 3059 3358 3262 3056 3550 3294 3316 3182 3155 3330 3305 3265 3334 3156 3362 3400 3154 3034 3411 3121 3193 3070 3152 3042 3082 3336 3028 3085 3240 2747 3250 3326 3044 3161 3133 3066 3268 3609 3049 3052 3482 3461 3186 3412 3459 3318 3157 2994 2998 3372 3014 3385 3471 3361 3342 3174 2973 3576 3411 2948 2972 3511 3479 3205 3045 3591 3193 3538 2992 2738 2888 3182 3081 3317 3048 3237 3179 3251 3180 3264 3186 3181 3089 3142 3337 3041 3187 3297 3019 3176 3077 3528 3088 3097 3200
3995 3939 3954 4314 3938 3370 4017 3655 3856 3375 4291 3960 3919 3999 3865 3931 3810 3846 3664 3756 3749 3673 3906 3412 3919 4105 4307 3774 4177 3701 4238 3385 3778 3564 4067 3815 3952 3805 3357 3817 3841 4054 3575 3879 3801 4058 3638 3970 4174 4232 3943 4046 3960 3997 3985 3834 3697 4068 4032 3967 3643 3622 3909 3682 3813 3923 3786 3613 4044 3799 4045 4150 3959 3753 3889 3733 3954 3679 3999 4086 4378 3890 3584 4292 3664 3601 3995 3939 4009 4461 4115 3447 3714 3983 3832 3927 3979 4159 3860 3956 3769 3649 3661 4017 3496 3895 3812 3947 3648 3736 3751 3600 3704 4254 3706 3754 3880 3892 3852 3959 3785 3942 4218 3643 3853 4206 4027 3909 4131 4273 4008 3836 3715 3712 3975 3813 4129 4311 4087 4085 3978 3783 3992 4401 3593 3605 4263 3996 3993 3823 4174 3733 4132 3894 3389 3626 3675 4058 3866 3645 4033 4118 4164 3979 4120 3940 3746 3811 3527 3807 3892 3926 3934 3599 3599 3770 4197 3837 3692 3811
3629 3619 3505 3719 3734 3293 3642 3289 3355 3251 4065 3713 3493 3778 3710 3785 3764 3707 3684 3348 3403 3441 3606 3094 3656 3841 3788 3713 3817 3689 3910 3294 3425 3403 3685 3679 3805 3191 3045 3355 3515 3692 3475 3610 3775 3708 3380 3584 3604 3790 3459 3689 3545 3517 3593 3443 3373 3823 3804 3651 3449 3399 3572 3386 3553 3764 3417 3421 3612 3411 3683 3866 3635 3223 3540 3481 3682 3360 3986 3832 3998 3622 3212 3723 3421 3641 3713 3496 3396 4021 3483 3236 3526 3576 3762 3591 3596 3844 3377 3603 3401 3418 3655 3754 3339 3687 3409 3692 3324 3534 3701 3374 3169 3908 3454 3560 3610 3832 3552 3480 3368 3508 3840 3411 3650 3976 3701 3587 3861 3787 3676 3542 3414 3488 3697 3399 3812 3895 3798 3645 3790 3656 3775 3957 3463 3230 4020 3615 3512 3356 3924 3612 3711 3275 3212 3138 3408 3645 3701 3174 3752 3763 3471 3672 3706 3559 3604 3410 3311 3618 3630 3532 3600 3103 3587 3459 3823 3548 3349 3678
3676 3747 3458 3950 3819 3017 3777 3501 3688 3497 3975 3743 3715 3759 3764 3644 3581 3580 3484 3410 3566 3349 3536 3021 3673 3876 3725 3586 3748 3543 3762 3214 3488 3472 3845 3671 3520 3355 3411 3430 3640 3820 3708 3562 3597 3600 3417 3626 3959 3580 3686 3655 3733 3601 3884 3315 3643 3546 3606 3806 3469 3483 3796 3598 3680 3713 3653 3268 3796 3507 3778 3579 3749 3489 3596 3774 3350 3537 4078 3825 3949 3646 3273 3859 3464 3502 3936 3593 3457 4122 3689 3475 3737 3853 3820 3429 3676 3761 3463 3686 3571 3537 3614 3617 3418 3561 3537 3658 3678 3542 3515 3502 3415 3881 3163 3443 3681 3538 3353 3617 3393 3769 3828 3400 3530 3874 3595 3512 3805 3752 3698 3616 3631 3373 3841 3478 3785 3829 3757 3787 3614 3470 4175 4153 3510 3223 3998 3858 3426 3541 3995 3574 3631 3401 3279 3573 3325 3753 3935 3467 3602 3640 3644 3523 3768 3508 3565 3537 3298 3437 3514 3959 3685 3277 3654 3404 4027 3756 3496 3731
4180 4049 3568 4469 3919 3514 3877 3698 3988 3692 4216 3962 4013 3976 4083 3986 3982 3787 3732 3498 3748 3665 3664 3653 4107 4355 4097 3648 3909 4039 4208 3551 3672 4124 4065 3997 3951 3735 3694 3979 3998 3992 3800 3952 3914 4027 3735 3840 3978 3899 4056 3970 4060 3953 4146 3806 3821 3941 3967 3837 3851 3636 4403 3765 3893 3787 3925 3832 3977 4163 4135 3903 4286 3895 3729 3922 3777 3666 4290 4141 4264 4003 3557 4347 3517 3725 4189 3626 3679 4228 3835 3793 3861 3917 4112 4043 3797 3951 3828 3816 4032 3757 3994 3851 3627 3927 3731 3916 3763 3928 4065 3773 3772 4204 3706 3902 3987 4190 3653 3794 3853 3855 4167 3652 3972 4234 4029 3989 4159 4225 3787 4039 3784 3810 4180 3971 4023 4182 3677 3894 3852 3777 4087 4412 3589 3650 4378 4017 3923 3813 4241 3950 4012 3762 3460 3452 3898 3751 3959 3591 3867 3954 4151 3943 3845 3984 3822 3951 3690 3805 3867 4103 4192 3679 3763 3666 4105 3889 3591 3938
3373 3478 3271 3720 3554 2934 3434 3097 3474 3099 3733 3531 3509 3388 3490 3440 3311 3337 3194 3063 3166 3295 3418 3052 3567 3507 3704 3397 3490 3572 3614 3273 3147 3314 3383 3410 3780 3119 2985 3122 3481 3409 3286 3321 3448 3600 3278 3327 3510 3354 3583 3452 3297 3499 3451 3189 3268 3493 3438 3581 3531 3042 3597 3232 3531 3268 3390 3142 3311 3287 3476 3617 3360 3081 3295 3376 3346 3172 3809 3869 3501 3470 3087 3661 3212 3171 3430 3179 3139 3703 3158 3018 3250 3378 3714 3387 3327 3459 3103 3554 3409 3125 3175 3617 3285 3425 3208 3680 3218 3405 3463 2974 3126 3512 3347 3303 3489 3527 3297 3039 3278 3365 3522 3219 3223 3799 3373 3524 3757 3582 3164 3240 3152 3295 3602 3259 3657 3495 3353 3341 3604 3521 3580 3725 3302 3155 3849 3457 3324 3285 3624 3244 3583 3109 3070 3128 3197 3368 3265 3387 3380 3422 3441 3403 3318 3219 3178 3407 3197 3390 3630 3418 3284 3017 3174 3167 3487 3244 3375 3398
4197 3981 3784 4242 3940 3424 3826 3683 3702 3665 4352 3820 3755 3754 3995 3937 4005 3734 3890 3674 3761 4068 3561 3496 4156 4384 4059 3646 3944 3805 4075 3686 3757 3983 4197 3758 4157 3665 3589 3685 3684 3735 4112 3946 3985 3926 3700 3760 4304 4067 3946 3956 3940 3827 4013 4083 3637 3946 4159 4208 3820 3558 4028 3917 3897 3927 3815 3852 3965 4185 4104 4117 4023 3687 3752 3768 3810 3600 4178 4195 4224 3761 3723 4444 3544 3626 4080 3803 3838 4284 3830 3661 3876 3888 4052 4127 3839 4074 3857 3893 3901 3849 3639 4232 3695 4030 3945 3774 3885 3562 4023 3461 3698 4036 3602 3862 3949 4018 3709 3805 3614 3771 4054 3823 3830 3943 4145 4038 4155 4211 3903 3787 3582 3753 4266 3551 4229 4106 3983 3937 3967 3757 4172 4148 3619 3704 4476 4128 3984 3582 4210 3677 3954 3679 3443 3550 3653 3905 4146 3831 4027 4055 3839 3839 3902 3841 3902 3701 3481 3919 4025 4019 3760 3554 3739 3672 3913 3909 3783 3934
3705 3838 3574 4092 3778 3094 3622 3435 3690 3502 4014 3655 3493 3855 3713 3649 3556 3581 3483 3456 3549 3394 3561 3271 3911 3994 3854 3862 3654 3599 3792 3433 3532 3661 3640 3710 3811 3123 3234 3511 3788 3755 3437 3651 3669 3545 3206 3663 3923 3617 3616 3710 3608 3747 3631 3317 3524 3696 3607 3634 3587 3387 3808 3445 3687 3598 3571 3499 3771 3736 3673 3636 3717 3529 3674 3423 3635 3439 4037 3835 3935 3411 3385 4029 3418 3327 3666 3602 3685 3906 3592 3139 3765 3615 3824 3656 3778 3718 3406 3874 3627 3411 3540 3803 3355 3916 3486 3741 3595 3570 3824 3364 3540 3893 3337 3530 3701 3928 3485 3315 3531 3772 3673 3429 3600 3862 3703 3778 3892 3833 3614 3645 3408 3430 3720 3894 3874 3796 3823 3684 3599 3589 3838 4158 3632 3549 4281 3635 3735 3425 3946 3710 3710 3497 3307 3346 3480 3697 3758 3489 3572 3717 3676 3525 3655 3705 3488 3532 3304 3695 3618 3634 3879 3263 3694 3661 3865 3516 3518 3486
3473 3579 3356 4056 3740 2937 3630 3225 3556 3255 3854 3453 3290 3510 3459 3453 3396 3450 3417 3183 3248 3073 3383 3165 3604 3741 3671 3515 3482 3289 3651 3058 3499 3460 3351 3295 3728 3117 3066 3246 3473 3555 3301 3387 3682 3563 3302 3379 3506 3367 3403 3425 3271 3650 3537 3334 3394 3396 3488 3361 3342 3244 3737 3385 3561 3480 3518 3449 3478 3490 3515 3300 3692 3531 3352 3503 3279 3166 3787 3545 3788 3035 3257 3658 3250 3418 3490 3197 3337 3693 3419 3418 3360 3456 3534 3465 3449 3539 3092 3539 3574 3204 3147 3594 3151 3503 3271 3338 3579 3388 3684 3296 3327 3618 3392 3467 3547 3412 3306 3293 3387 3520 3567 3272 3288 3926 3617 3577 3582 3626 3441 3370 3158 3143 3836 3795 3601 3662 3302 3671 3526 3434 3858 3827 3187 3007 3740 3590 3402 3255 3853 3454 3816 3275 3110 3263 3214 3376 3536 3274 3430 3366 3233 3399 3552 3432 3335 3552 3211 3236 3353 3466 3585 3181 3311 3077 3658 3185 3178 3496
3631 3699 3442 3709 3663 2693 3725 3079 3639 3448 4009 3493 3454 3464 3356 3737 3746 3385 3256 3318 3458 3319 3093 3060 3784 3807 3602 3637 3679 3394 3842 3411 3521 3463 3735 3479 3722 3169 3102 3392 3469 3540 3493 3424 3538 3641 3219 3444 3650 3358 3561 3587 3343 3585 3648 3283 3442 3359 3596 3663 3487 3477 3613 3278 3715 3590 3545 3201 3428 3409 3500 3676 3931 3325 3524 3505 3517 3390 3705 3839 3819 3317 3325 3583 3487 3340 3810 3514 3518 3881 3705 3338 3432 3505 3728 3545 3552 3531 3296 3615 3448 3298 3232 3831 3220 3643 3425 3435 3456 3558 3554 3166 3214 3897 3339 3271 3535 3612 3338 3486 3412 3667 3558 3422 3623 3913 3511 3465 3762 3666 3306 3568 3373 3323 3744 3603 3771 3692 3475 3406 3949 3417 3700 3710 3247 3358 3922 3650 3344 3329 3742 3495 3597 3267 3282 3195 3189 3513 3496 3271 3565 3566 3506 3296 3631 3331 3387 3575 3015 3387 3469 3449 3449 3134 3265 3350 3830 3495 3410 3433
3774 4034 3545 4036 3737 3163 3789 3422 3666 3292 4203 3908 3659 3848 3975 3832 3556 3813 3418 3345 3539 3821 3464 3249 3748 3809 4015 3641 3764 3642 3967 3308 3501 3455 3612 3604 3910 3362 3450 3647 3533 3666 3367 3649 3618 3590 3393 3695 3814 3747 3716 3665 3628 3777 3852 3639 3659 3737 3551 3660 3704 3560 3902 3518 3791 3610 3320 3378 3576 3694 3574 3954 3742 3444 3610 3585 3629 3428 4131 3945 3975 3755 3659 3852 3530 3492 3741 3627 3815 3957 3673 3597 3483 3751 3848 3681 3790 3786 3600 3654 3658 3212 3614 3787 3651 3846 3530 3818 3625 3630 3719 3385 3546 3917 3251 3549 3817 3657 3656 3472 3596 3550 4036 3486 3647 3892 3827 3714 3878 4058 3985 3527 3704 3383 3883 3791 3979 4032 3763 3845 3753 3597 3761 4007 3507 3623 4201 3679 3811 3497 3928 3640 3852 3351 3352 3260 3880 3761 3791 3535 3654 3676 3908 3738 3565 3633 3482 3641 3455 3747 3642 3680 3660 3345 3703 3632 3847 3860 3648 3832
4155 4135 3939 4459 4041 3437 3820 3854 3868 3621 4539 3815 3844 4039 3910 3940 3948 3907 3845 3616 3763 3916 3731 3527 4038 4372 4121 3949 3876 4071 4147 3677 3926 4046 3900 3903 4143 3990 3601 3917 3889 3866 3728 3902 4094 3907 3691 3803 3899 3962 3933 3959 3761 4135 4055 3920 3987 3835 3903 3940 4010 3674 4055 3710 4142 3769 3937 3736 3903 3907 4097 4073 4329 3877 3943 3963 3976 3758 4405 4351 4324 3797 3725 4404 3744 3838 4388 3953 3932 4281 4030 3849 3773 3743 4114 4028 3970 4003 3729 4020 4008 3796 3955 4101 3642 3871 3896 4034 4005 3934 3980 3751 3731 4386 3795 3697 4001 3824 3893 3812 3944 4079 4365 3667 4010 4316 4126 3968 4254 4342 3846 4150 3943 3966 4056 3814 3954 4213 3881 3899 4274 4020 4148 4403 3830 3601 4430 4128 3991 3885 4196 4152 4188 3632 3532 3682 3638 4057 4031 3845 4005 4038 3856 3869 3906 4039 3908 3849 3822 3927 4014 3657 3947 3594 3890 3761 4183 3838 3849 4011
4242 4107 3967 4429 4039 3258 3936 3578 3928 3860 4400 4030 3823 4151 4049 3970 3895 3840 3756 3562 3958 3850 3763 3539 4164 4341 4081 3971 4132 3772 4098 3792 3855 3942 3923 3956 4210 3779 3463 3926 3985 4127 3694 3948 3830 4226 3559 3945 4131 4227 3982 4134 3747 4201 4084 3876 3920 3910 4084 4149 3711 3642 4282 3770 4294 3699 4065 3628 4059 4060 4183 4096 4111 3868 3947 3856 3830 3802 4316 4295 4259 3927 3701 4366 3687 3575 4195 3763 3914 4492 3972 3823 3703 3919 4224 3976 4073 4102 3752 4377 3970 3710 3654 4301 3662 3842 3681 4021 3923 3953 4087 3718 3551 4422 3519 4057 4228 4183 3829 3700 3671 4208 4170 3723 3931 4387 4265 3939 4123 4295 3867 3993 3908 3757 4266 3808 4052 4359 4018 4165 4089 3748 4242 4456 3841 3836 4318 4180 4109 3897 4340 3751 4263 3645 3563 3786 3865 3778 4156 3806 4140 3877 4046 3985 3919 4061 3875 4043 3885 3986 4034 3647 4039 3454 4125 3632 4142 3895 3819 3994
3797 3975 3630 4135 3714 3173 3798 3585 3707 3325 4067 3573 3734 3724 3748 3679 3697 3774 3494 3403 3486 3446 3676 3236 3928 3926 3601 3766 3598 3454 4014 3476 3414 3496 3614 3487 3740 3556 3303 3731 3619 3625 3575 3602 3725 3979 3447 3595 3749 3664 3658 3310 3662 3704 3726 3545 3638 3401 3730 3701 3723 3555 3911 3602 3579 3571 3612 3505 3742 3515 3780 3727 4042 3533 3681 3598 3662 3626 3928 3993 3942 3435 3434 4002 3237 3522 3829 3576 3622 4017 3788 3581 3782 3582 3952 3459 3480 3787 3769 3593 3850 3344 3320 3665 3408 3702 3461 3535 3631 3656 3819 3473 3350 3894 3219 3464 3699 3652 3488 3567 3585 3728 3825 3361 3648 4073 3701 3826 3904 3776 3632 3651 3472 3477 3723 3484 3845 3883 3582 3782 3768 3653 3582 4133 3588 3328 4216 3871 3686 3511 3756 3688 3966 3497 3250 3302 3669 3906 3712 3563 3814 3699 3630 3856 3686 3619 3546 3601 3163 3434 3491 3486 3734 3379 3568 3371 3675 3597 3609 3673
3817 3837 3608 4196 3839 3104 3753 3488 3688 3485 3996 3650 3848 3627 3907 3561 3714 3597 3633 3296 3587 3464 3586 3255 3773 4125 3909 3645 3783 3631 3773 3492 3818 3457 3598 3574 3835 3608 3107 3436 3716 3781 3693 3846 3660 3842 3216 3515 3880 3736 4052 3720 3637 3965 3804 3336 3675 3722 3715 3764 3502 3376 4097 3510 3869 3737 3802 3611 3727 3736 3835 3873 3987 3525 3743 3813 3548 3481 4149 4068 4096 3385 3423 3892 3457 3508 3968 3565 3781 3886 3854 3433 3764 3721 3982 3857 3671 3770 3729 3848 3634 3432 3599 3957 3357 3900 3526 3777 3704 3559 3829 3335 3691 4019 3629 3798 3789 3790 3682 3516 3606 3835 3776 3637 3722 3896 3902 3582 3903 3843 3782 3705 3682 3599 3799 3752 3746 3958 3812 3882 3884 3660 4048 4228 3641 3495 3930 3846 3399 3683 4033 3801 3841 3494 3448 3546 3566 3923 3809 3445 3770 3715 3578 3540 3858 3577 3730 3718 3398 3278 3650 3636 3825 3259 3624 3363 4013 3613 3423 3706
3743 3642 3424 3945 3603 3093 3546 3296 3414 3346 3891 3445 3612 3697 3584 3760 3532 3582 3214 3422 3308 3616 3502 3045 3672 3731 3858 3436 3552 3510 3733 3383 3441 3450 3563 3549 3748 3211 3395 3356 3579 3639 3584 3411 3679 3421 3342 3534 3692 3599 3775 3600 3525 3733 3644 3550 3478 3703 3473 3680 3693 3341 3819 3337 3782 3420 3530 3202 3614 3435 3827 3857 3518 3415 3595 3654 3469 3373 4136 3998 3973 3619 3348 3871 3450 3267 3800 3544 3464 3990 3647 3271 3525 3528 3793 3379 3684 3811 3471 3620 3645 3470 3537 3570 3176 3619 3443 3467 3480 3410 3594 3197 3395 3838 3447 3391 3489 3567 3386 3582 3755 3667 3810 3341 3553 3909 3706 3524 3958 3640 3612 3489 3515 3233 3699 3523 3669 3766 3604 3632 3745 3639 3796 4004 3392 3299 4039 3684 3750 3445 3786 3619 3763 3306 3249 3227 3497 3587 3570 3627 3694 3916 3492 3588 3730 3594 3423 3643 3359 3478 3617 3617 3491 3369 3650 3409 3755 3700 3512 3527
3664 3577 3366 3745 3521 2923 3423 3269 3500 3283 3913 3538 3498 3439 3543 3603 3522 3441 3113 3137 3385 3455 3250 3233 3757 3664 3686 3444 3640 3542 3699 3282 3305 3497 3540 3393 3611 3227 3237 3419 3447 3534 3414 3559 3698 3667 3068 3615 3681 3422 3353 3509 3453 3718 3729 3344 3266 3517 3616 3516 3256 3359 3878 3088 3600 3582 3481 3206 3401 3497 3772 3576 3716 3322 3408 3468 3332 3423 3675 3733 3724 3357 3433 3482 3156 3201 3768 3299 3488 3648 3644 3363 3376 3275 3726 3442 3802 3738 3254 3622 3529 3247 3379 3814 3029 3676 3156 3416 3345 3405 3621 3395 3116 3808 3501 3408 3339 3493 3376 3328 3514 3721 3687 3522 3540 3681 3885 3119 3728 3749 3342 3712 3147 3145 3758 3364 3706 3731 3404 3332 3578 3407 3552 3837 3227 3433 3677 3597 3424 3198 3923 3337 3532 3097 3327 3187 3502 3475 3368 3509 3467 3806 3336 3404 3537 3387 3316 3314 3392 3488 3448 3129 3412 3094 3543 3363 3629 3354 3362 3359
3480 3641 3250 3590 3457 2979 3387 3139 3387 3087 3504 3055 3344 3670 3207 3534 3421 3250 3036 3000 3270 3275 3052 2997 3310 3753 3273 3406 3293 3346 3453 3090 3264 3215 3363 3393 3409 3227 3225 3279 3363 3171 3261 3336 3261 3422 3157 3214 3312 3156 3214 3366 3325 3409 3363 3072 3207 3311 3450 3271 3094 3193 3492 3251 3328 3200 3430 3243 3442 3317 3663 3428 3390 3225 3198 3473 3234 3002 3512 3713 3508 3346 3092 3714 3091 3150 3560 3077 3250 3743 3266 3177 3172 3303 3620 3322 3112 3214 3398 3372 3207 3023 3211 3324 2888 3437 3192 3419 3268 3535 3475 2857 3091 3319 3013 3217 3288 3433 3185 3220 3116 3363 3405 3040 3188 3652 3524 3281 3509 3543 3276 3489 3158 3056 3209 3183 3596 3640 3382 3280 3410 3261 3480 3645 3210 3015 3703 3453 3323 3158 3456 3382 3204 3171 2953 3209 3227 3378 3516 3270 3228 3367 3369 3519 3213 3315 3079 3377 2937 3341 3292 3295 3345 3061 3133 2975 3316 3158 3154 3244
3700 3641 3301 4001 3469 2840 3501 3433 3459 3370 3789 3407 3321 3329 3503 3436 3446 3341 3141 3347 3399 3216 3364 2941 3589 3817 3690 3327 3571 3113 3776 3266 3432 3206 3525 3531 3400 3076 3117 3269 3520 3580 3430 3425 3492 3472 3207 3530 3688 3554 3491 3323 3467 3528 3594 3313 3424 3458 3508 3538 3470 3270 3639 3244 3438 3426 3440 3206 3476 3573 3694 3633 3671 3332 3400 3486 3344 3303 3635 3704 3711 3260 3330 3712 3344 3279 3733 3314 3493 3919 3499 3124 3462 3655 3648 3471 3469 3501 3356 3653 3519 3477 3286 3789 3292 3542 3330 3379 3381 3174 3427 3070 3412 3557 3232 3365 3504 3858 3144 3343 3417 3536 3518 3424 3431 3605 3590 3367 3676 3451 3495 3518 3234 3136 3495 3182 3546 3743 3394 3524 3540 3358 3561 3974 3367 3122 4028 3455 3369 3204 3695 3211 3619 3277 3205 3171 3309 3405 3526 3264 3578 3563 3212 3391 3587 3413 3368 3492 3220 3309 3235 3571 3449 3383 3415 3237 3596 3318 3309 3329
4014 4065 3788 4274 3815 3238 3846 3767 3583 3750 4174 3877 3707 3990 3977 3984 3759 3783 3774 3575 3725 3739 3834 3319 4082 4271 3970 3589 3919 3566 3938 3638 3678 3609 3865 3857 3972 3450 3522 3663 3674 4026 3862 3882 3897 4023 3723 3901 3808 3919 3910 3887 3844 3982 3923 3681 3869 3853 3820 3946 3821 3626 4064 3546 3953 3821 3717 3634 3802 3769 4143 3843 4054 3631 3803 3694 3837 3691 4258 4026 4054 3680 3526 4035 3506 3571 4088 3704 3822 4430 3814 3640 3984 4090 4160 3903 3810 3898 3782 3920 3773 3558 3788 3976 3581 3980 3873 3866 3769 3775 4009 3616 3928 4193 3624 3850 3997 4045 3737 3680 3620 3916 4064 3555 3631 4044 3729 3770 4134 4074 3724 3777 3615 3494 3816 3929 3877 3998 3874 3744 3834 3752 4070 4550 3802 3638 4346 3944 3961 3772 4240 3807 3889 3692 3410 3718 3660 3676 3878 3691 3838 4022 3723 3822 3852 3592 3742 3834 3508 3929 3892 3905 3996 3387 3982 3895 4139 3718 3551 3881
3834 3974 3912 4330 3948 3389 3996 3647 3871 3633 4167 3621 3997 4136 3879 3837 3948 3745 3709 3610 3755 3464 3610 3210 3847 4122 3857 3757 4069 3782 4065 3477 3817 3544 3734 3834 3901 3569 3550 3662 3742 3840 3593 3851 3851 3824 3822 3712 3954 3670 3863 3778 3701 4145 3819 3622 4015 3945 3815 3788 3787 3784 4052 3687 3763 3867 3778 3549 3670 3774 4032 4053 4046 3751 3645 3892 3574 3646 4243 4027 4125 3676 3555 4249 3663 3670 4054 3753 3978 4256 3894 3796 3759 3911 4058 3746 3713 3810 3592 3917 3576 3553 3736 3677 3701 3866 3792 3869 3896 3812 3816 3669 3674 4143 3548 3772 3818 3778 3664 3453 3649 3687 4064 3577 3759 4071 3894 3949 4039 4063 3815 3951 3648 3625 4048 3761 3993 3994 3869 3898 4023 4038 4146 4328 3781 3406 4180 3828 3806 3867 3920 4033 4088 3688 3695 3643 3419 3984 3823 3785 3931 3996 3769 3892 3588 3795 3729 3926 3384 3821 3714 3863 3941 3599 3648 3651 3880 3804 3612 3844
3547 3503 3247 3870 3347 2865 3484 3075 3176 3113 3773 3454 3543 3424 3426 3268 3418 3382 3279 3066 3227 3159 3166 2929 3662 3741 3506 3092 3379 3430 3466 3024 3326 3126 3200 3288 3319 3125 3009 3213 3228 3460 3468 3217 3361 3507 3250 3349 3360 3452 3500 3188 3385 3446 3391 3200 3215 3457 3426 3351 3107 3091 3614 3246 3246 3368 3352 3261 3310 3523 3365 3310 3792 3419 3474 3504 3329 3302 3789 3793 3697 3224 3053 3678 2951 3151 3541 3295 3550 3515 3402 3228 3358 3406 3693 3255 3479 3384 3290 3497 3251 3207 3221 3400 3406 3464 3035 3539 3209 3275 3474 3173 3159 3532 3287 3202 3459 3356 3170 3152 3341 3669 3634 3133 3470 3667 3330 3322 3574 3499 3278 3518 3114 3241 3504 3470 3441 3564 3219 3433 3387 3266 3416 3901 3163 3252 3565 3382 3315 3428 3449 3405 3517 3184 3143 3123 3263 3452 3553 3218 3432 3449 3299 3348 3254 3376 3307 3446 3234 3080 3330 3390 3350 3130 3264 3243 3721 3387 3245 3377
3673 3781 3714 4002 3684 3049 3685 3430 3361 3448 3873 3479 3683 3464 3570 3867 3583 3497 3379 3079 3655 3584 3567 3184 3958 3962 3646 3564 3644 3470 3699 3406 3657 3483 3682 3446 3683 3498 3140 3590 3538 3697 3625 3589 3396 3710 3126 3524 3542 3709 3630 3629 3534 3490 3718 3568 3563 3788 3648 3740 3596 3318 3819 3531 3699 3794 3575 3280 3680 3601 3884 3673 3888 3496 3633 3485 3565 3407 3918 3778 3809 3428 3440 3997 3217 3460 3682 3659 3700 4045 3860 3528 3650 3544 3768 3554 3589 3821 3660 3448 3547 3362 3656 3685 3283 3659 3516 3614 3475 3598 3565 3162 3547 3691 3412 3632 3692 3756 3588 3560 3573 3708 3794 3373 3691 3904 3902 3667 3758 3967 3644 3700 3455 3409 3667 3494 3804 3773 3677 3637 3751 3473 3690 4022 3314 3507 3913 3535 3539 3739 3812 3428 3887 3524 3407 3529 3479 3526 3609 3434 3824 3713 3559 3728 3746 3569 3430 3582 3308 3551 3458 3614 3651 3491 3455 3632 3664 3559 3401 3478
3835 3658 3494 3725 3710 2864 3468 3227 3588 3259 3937 3582 3500 3720 3781 3470 3655 3593 3421 3184 3347 3568 3350 3338 3772 3682 3668 3514 3515 3522 3705 3156 3447 3280 3521 3582 3703 3410 3357 3459 3345 3650 3513 3629 3411 3555 3422 3344 3572 3742 3549 3601 3506 3605 3660 3427 3212 3554 3638 3517 3559 3251 3932 3362 3490 3355 3308 3283 3404 3407 3733 3708 3438 3524 3706 3652 3396 3487 3885 3913 3701 3551 3296 3774 3320 3276 3683 3548 3478 3852 3825 3316 3305 3641 3700 3626 3629 3521 3417 3593 3475 3266 3357 3528 3415 3623 3529 3634 3400 3687 3602 3164 3485 3773 3445 3375 3634 3710 3423 3359 3399 3460 3798 3305 3795 3993 3613 3346 3787 4064 3749 3398 3395 3339 3703 3445 3931 3611 3468 3822 3529 3388 3499 3836 3349 3257 4023 3578 3498 3368 3745 3500 3613 3207 3220 3353 3542 3587 3624 3407 3574 3687 3610 3552 3617 3425 3421 3422 3317 3429 3469 3546 3551 3207 3522 3361 3708 3553 3315 3631
3616 4033 3801 4082 3740 3206 3762 3395 3627 3506 4090 3658 3758 3857 3740 3789 3834 3828 3496 3506 3492 3512 3660 3156 3924 3982 3827 3723 3791 3548 3765 3295 3550 3683 3808 3678 3724 3562 3453 3611 3564 3833 3792 3639 3741 3867 3429 3541 3924 3767 3672 3530 3579 3896 3659 3630 3713 3829 3864 3813 3760 3557 3792 3326 3786 3762 3626 3399 3772 3553 3945 3757 4011 3539 3814 3679 3634 3620 4132 4025 4031 3553 3504 4324 3566 3632 4162 3495 3659 4257 3751 3549 3814 3591 3976 3656 3755 3727 3442 3875 3722 3647 3631 3778 3555 3674 3422 3589 3590 3829 3860 3394 3562 3619 3394 3532 3951 3778 3506 3593 3610 3813 4009 3412 3787 3771 3996 3698 3746 4059 3651 3824 3615 3681 3917 3660 3621 3977 3824 3765 3958 3421 4067 3988 3360 3426 4094 4003 3956 3403 3895 3643 4052 3555 3319 3284 3368 3356 3776 3413 3959 3860 3737 3845 3490 3567 3629 3774 3352 3565 3552 3590 3764 3412 3614 3628 3891 3742 3682 3916
3698 4103 3829 4379 4026 3476 3954 3604 3987 3407 4224 3747 3941 3912 3896 3923 3747 3754 3635 3589 3760 3674 3769 3294 3993 4115 3884 3693 3882 3721 3892 3401 3832 3701 4053 4091 3835 3416 3350 3692 3916 3975 3776 3642 3899 3918 3836 3585 3914 3667 3778 3937 3754 4026 3989 3614 3773 4140 3854 3825 3717 3602 4180 3577 4118 4052 3785 3479 3881 3761 4102 3843 3891 3616 3652 3613 3537 3662 4335 4130 4093 3707 3584 4144 3757 3716 3961 3712 3944 4165 3947 3470 3581 4031 3898 3778 3770 3927 3729 3852 3684 3779 3883 4045 3549 3899 3712 3896 3975 3760 4046 3583 3686 4012 3495 3908 3929 3934 3628 3715 3543 3721 4121 3448 3677 4238 3916 3851 4092 4076 3892 3754 3589 3739 3751 3768 4001 4143 3964 3939 3812 3778 4208 4201 3541 3484 4107 3879 3851 3674 4207 3930 3939 3641 3431 3574 3650 3792 4156 3585 3929 4168 3874 3839 3828 3722 3729 3965 3558 3696 3851 3962 4035 3626 3927 3663 3921 3637 3536 4009
3852 4000 3656 4237 3811 3205 3794 3574 3693 3197 4059 3690 3710 3828 3820 3776 3648 3680 3595 3361 3430 3338 3631 3413 3668 3987 3788 3597 3690 3621 3887 3356 3666 3504 3703 3621 3877 3454 3485 3566 3611 3560 3472 3774 3881 3688 3314 3616 3872 3509 3503 3805 3785 3715 3732 3573 3607 3508 3494 3666 3582 3635 3860 3352 3757 3633 3584 3409 3860 3558 3638 3783 3863 3447 3661 3499 3638 3216 3832 3688 4200 3519 3452 3793 3394 3466 4024 3453 3616 4052 3745 3338 3742 3914 3827 3607 3691 3953 3641 3697 3659 3414 3610 3755 3454 3735 3627 3440 3645 3436 3906 3663 3514 3987 3270 3483 3837 3748 3614 3519 3609 3562 3862 3470 3610 3951 3602 3526 4056 3877 3661 3605 3440 3472 3746 3535 3795 4095 3695 3626 3794 3724 3920 4219 3372 3345 4148 3724 3718 3699 4005 3661 3757 3330 3191 3351 3617 3844 3746 3443 3627 3780 3596 3677 3406 3303 3450 3524 3137 3483 3561 3825 3935 3266 3471 3592 3667 3273 3449 3538
3774 3670 3514 4179 3694 3022 3676 3637 3692 3485 4103 3763 3544 3686 3708 3628 3601 3536 3482 3235 3565 3704 3577 3243 3684 3969 3907 3541 3795 3522 3817 3511 3637 3537 3870 3445 4013 3485 3390 3521 3811 3527 3563 3540 3644 3691 3433 3508 3580 3593 3557 3798 3526 3745 3692 3683 3526 3766 3693 3713 3617 3267 3707 3560 3691 3652 3511 3442 3734 3629 3757 3804 3780 3593 3426 3712 3429 3437 4008 3979 3989 3703 3314 3963 3162 3716 3897 3542 3649 3951 3673 3294 3435 3671 3952 3675 3626 3754 3358 3395 3535 3547 3405 3860 3468 3721 3658 3656 3464 3487 3688 3578 3293 3992 3480 3562 3632 3841 3534 3522 3659 3787 3795 3416 3589 3932 3739 3735 3835 3908 3528 3652 3432 3459 3912 3839 3857 3959 3462 3558 3883 3844 3852 3989 3532 3600 4178 3647 3692 3545 3929 3579 3860 3597 3280 3399 3660 3525 3625 3537 3555 3725 3663 3401 3608 3798 3542 3596 3413 3626 3789 3651 3717 3303 3725 3450 3665 3511 3300 3726
3828 3728 3348 3796 3443 2898 3446 3407 3447 3244 3641 3552 3655 3525 3611 3469 3373 3424 3249 3010 3393 3409 3239 2997 3626 3829 3646 3353 3347 3577 3938 3124 3256 3489 3600 3447 3651 3339 3072 3402 3361 3449 3367 3622 3365 3613 3181 3464 3550 3509 3463 3526 3513 3659 3623 3384 3251 3503 3568 3515 3550 3403 3637 3408 3525 3504 3374 3320 3535 3458 3647 3657 3652 3432 3292 3502 3377 3241 3731 3838 3784 3463 3148 3790 3187 3472 3484 3426 3526 3922 3642 3351 3426 3659 3766 3291 3572 3500 3370 3474 3301 3319 3328 3622 3349 3714 3265 3540 3265 3457 3604 3214 3254 3685 3266 3298 3382 3557 3332 3273 3416 3568 3601 3046 3502 3650 3683 3416 3698 3920 3373 3352 3442 3271 3710 3472 3695 3637 3389 3461 3671 3689 3741 3916 3326 3270 3766 3505 3372 3548 3658 3508 3591 3172 3044 3038 3370 3514 3553 3375 3676 3600 3477 3693 3276 3476 3211 3414 3157 3389 3484 3385 3585 3138 3372 3296 3663 3531 3492 3627
3771 3792 3441 3911 3356 2731 3398 3107 3344 3228 4002 3327 3336 3613 3493 3525 3472 3320 3244 3145 3171 3527 3290 3120 3546 3700 3687 3336 3391 3544 3583 3349 3384 3311 3445 3207 3542 3377 3142 3427 3508 3339 3200 3452 3384 3571 3217 3603 3476 3586 3379 3337 3317 3616 3398 3392 3259 3574 3272 3268 3351 3269 3668 3174 3496 3341 3435 3252 3582 3526 3432 3576 3786 3204 3325 3498 3324 3186 3627 3603 3752 3460 3287 3881 3435 3369 3685 3409 3466 3882 3659 3101 3400 3287 3541 3698 3425 3402 3214 3464 3566 3243 3480 3552 3187 3454 3430 3592 3327 3311 3355 3216 3343 3675 3322 3481 3490 3448 3461 3455 3245 3524 3573 3240 3441 3619 3362 3508 3778 3751 3413 3533 3170 3204 3724 3542 3680 3426 3513 3721 3678 3477 3375 3765 3088 3396 3874 3440 3451 3114 3748 3418 3656 3341 3010 3123 3627 3342 3620 3046 3448 3571 3476 3431 3282 3425 3291 3259 3057 3454 3226 3570 3482 3160 3421 3052 3490 3394 3223 3479
4129 3821 3991 4023 3866 3197 3884 3680 3938 3698 4105 3849 3915 3992 4037 3821 3714 3787 3662 3748 3728 3759 3593 3241 4004 4264 3782 3734 3766 3625 3887 3704 3738 3658 3912 4072 3923 3558 3386 3639 3809 3803 3772 3639 3744 3869 3404 3693 3837 3857 3806 3955 3808 3923 3949 3831 3686 3825 3812 3897 3820 3719 4051 3514 3812 3951 3950 3567 4147 3881 4022 3873 3997 3815 3728 4060 3617 3758 4049 4236 4380 3859 3347 4252 3529 3622 4114 3666 3756 4183 4032 3522 3714 4034 4110 3682 3562 3817 3498 3875 3531 3843 3628 3939 3759 4052 3810 3626 3497 3535 3878 3566 3585 4130 3409 3690 3828 3937 3603 3638 3492 3928 4182 3339 3734 3903 3815 3794 4225 4086 3623 3675 3506 3704 4035 3584 4017 3981 3829 3744 3837 3839 4163 4347 3696 3522 4347 4024 3804 3729 4045 3828 3921 3658 3303 3648 3394 3859 3848 3727 4017 3832 3770 3864 3676 3895 3605 3810 3481 3800 3797 3853 3926 3442 3880 3546 4020 3696 3702 3926
3809 3931 3702 4284 3916 3077 3747 3591 3860 3506 4345 3739 3607 3904 3822 3942 3659 3686 3597 3681 3659 3607 3704 3277 4039 4213 4105 3504 3771 3641 3861 3265 3591 3646 3759 3601 3883 3277 3544 3613 3751 4020 3581 3733 3793 3710 3327 3596 3802 3646 3617 3696 3401 4008 3812 3753 3776 3550 3789 3807 3705 3484 3806 3512 3748 3660 3550 3406 3980 3690 3665 3837 3961 3687 3720 3295 3759 3295 4021 4029 4028 3405 3389 4065 3420 3695 3943 3641 3826 3924 3810 3550 3730 3690 3974 3853 3795 3765 3714 3867 3639 3501 3628 3856 3636 3836 3594 3628 3679 3585 3774 3493 3459 3986 3306 3648 3859 3715 3572 3596 3589 3770 4180 3424 3842 3931 3724 3895 3875 4016 3702 3756 3533 3416 3878 3794 3973 4200 3839 3870 3782 3603 3849 4129 3415 3744 4283 3797 3840 3492 3886 3590 3836 3663 3409 3277 3650 3659 3641 3513 3744 3761 3807 3629 3730 3584 3545 3752 3402 3693 3652 3587 3616 3292 3728 3661 3961 3639 3571 3664
3679 3922 3482 3909 3770 3141 3587 3401 3415 3361 4020 3790 3565 3800 3933 3735 3638 3562 3495 3379 3575 3561 3792 3291 3748 4054 3586 3641 3803 3688 3805 3314 3507 3473 3712 3678 3763 3253 3198 3375 3585 3564 3585 3636 3740 3771 3291 3496 3581 3640 3708 3663 3473 3794 3582 3667 3669 3798 3567 3782 3418 3505 3810 3510 3744 3758 3647 3615 3720 3502 3899 3730 3695 3496 3589 3295 3368 3362 4049 4004 3564 3514 3315 3979 3379 3532 3645 3526 3661 3878 3645 3416 3607 3650 3914 3705 3541 3922 3643 3645 3636 3381 3439 3874 3537 3653 3481 3613 3350 3698 3726 3232 3551 4011 3524 3776 3507 3798 3437 3364 3342 3729 3727 3248 3718 3786 3617 3569 3992 4052 3572 3636 3415 3356 3790 3407 3684 3863 3795 3709 3658 3640 3876 4131 3547 3413 4081 3612 3586 3515 3858 3679 3810 3707 3228 3393 3599 3728 3758 3429 3768 3853 3395 3606 3593 3557 3434 3680 3242 3589 3692 3517 3689 3449 3729 3602 3687 3412 3463 3625
4108 4077 3941 4290 3932 3366 4213 3711 3947 3461 4362 3923 3799 3863 4126 4000 3834 4070 3719 3744 3552 3761 3838 3486 4109 4003 4029 3886 3758 3901 4158 3657 3805 3780 3950 3848 3956 3577 3643 3739 3839 3843 3801 3831 4021 3915 3638 3884 3974 3792 4149 3856 3875 3815 4000 3720 3698 4001 3930 3894 3845 3642 4256 3778 3855 3807 3647 3693 4107 4052 3870 4143 4014 3639 3915 3776 3960 3770 4247 4263 4245 3853 3424 4069 3537 3504 4082 3799 3902 4126 3848 3496 4012 3867 4284 3687 3751 4049 3879 3939 3969 3822 3548 3936 3512 3867 3689 3723 3663 3524 4030 3741 3492 4166 3473 3801 3874 3958 3730 3749 3911 3839 3961 3551 3895 4259 4067 3980 4128 4048 3837 3660 3659 3787 4260 3746 3819 4129 4084 3944 3822 3919 3948 4351 3777 3663 4417 4024 3902 3743 4124 3819 4288 3685 3546 3510 3821 3982 4004 3719 4088 4005 3881 3863 3897 3775 3765 3871 3531 3580 3708 3853 3858 3411 4017 3660 4095 3811 3777 3899
3625 3646 3455 4004 3652 3058 3430 3370 3478 3079 3903 3381 3475 3534 3529 3292 3491 3336 3435 3274 3260 3251 3476 3111 3692 3728 3619 3433 3481 3643 3746 3211 3370 3437 3511 3413 3489 3388 3104 3421 3462 3502 3332 3408 3674 3509 3459 3244 3615 3493 3520 3525 3459 3580 3508 3355 3455 3305 3555 3416 3305 3377 3594 3275 3663 3361 3443 3238 3745 3422 3618 3467 3490 3325 3459 3533 3406 3246 3900 3648 4038 3312 3252 3544 3445 3632 3629 3443 3432 3800 3563 3158 3480 3555 3680 3402 3481 3762 3222 3493 3472 3247 3530 3605 3178 3366 3301 3526 3549 3669 3669 3433 3090 3860 3418 3436 3421 3650 3407 3363 3199 3600 3706 3270 3348 3755 3553 3499 3483 3632 3533 3650 3500 3460 3661 3440 3821 3703 3411 3563 3580 3560 3762 3979 3395 3298 3745 3635 3533 3392 3839 3576 3405 3244 3131 3314 3406 3612 3576 3422 3340 3552 3432 3336 3410 3358 3362 3437 3132 3488 3369 3693 3482 3104 3514 3207 3724 3414 3103 3400
3478 3505 3305 3596 3125 2761 3149 3164 3370 3069 3722 3393 3210 3215 3546 3232 3431 3168 3072 2969 3229 3232 3082 3075 3381 3382 3339 2986 3303 3296 3508 3034 3153 3258 3147 3094 3420 2859 3020 3175 3150 3265 2954 3339 3302 3298 3066 3387 3268 3181 3183 3442 3133 3247 3530 3092 3185 3061 3192 3195 3301 3063 3553 3410 3311 3205 3135 3090 3647 3241 3326 3538 3407 3234 3004 3113 3215 2891 3414 3351 3598 3227 3068 3376 2937 3157 3327 2991 3477 3475 3440 3265 3350 3534 3530 3330 3095 3425 3174 3254 3135 2900 3177 3496 3099 3308 3088 3367 3241 3293 3240 3064 3002 3551 2929 3313 3162 3263 3227 3095 3019 3025 3435 2989 3181 3282 3200 3343 3543 3637 3260 3056 3127 3008 3522 3221 3247 3306 3224 3190 3178 3440 3536 3752 3001 3197 3515 3322 3186 3136 3669 3133 3392 3109 2808 3153 3261 3124 3405 3187 3425 3175 3327 3139 3262 3144 2819 3250 3041 3375 3206 3192 3173 3064 3236 3053 3309 3110 3164 3342
3422 3296 3267 3583 3326 2680 3104 3167 3345 3034 3591 3316 3147 3195 3302 3277 3229 3276 3067 3176 3011 3136 3165 2962 3357 3492 3381 3196 3200 3403 3430 3032 3238 3393 3362 3264 3395 3166 3140 3154 3371 3227 3323 3112 3199 3388 2857 3275 3268 3339 3300 3402 3412 3283 3379 3190 3295 3393 3273 3197 3169 3081 3413 2974 3158 3303 3185 2982 3270 3257 3390 3316 3268 3150 3110 3183 3256 3133 3685 3458 3385 3202 2949 3693 2973 3194 3538 3105 3198 3573 3356 2976 3303 3284 3399 3135 3356 3463 3033 3221 3295 3203 3173 3476 2997 3332 3250 3205 3101 3187 3347 3240 3113 3355 3073 3180 3337 3423 3002 3172 3193 3508 3565 2941 3209 3490 3537 3145 3521 3421 3185 3265 3113 2992 3499 3067 3293 3478 3226 3165 3299 3374 3324 3604 2887 3105 3727 3449 3316 2820 3790 3291 3403 3000 2896 2951 3060 3158 3250 3124 3274 3262 3249 3168 3353 3424 3192 3103 2945 3292 3240 3143 3353 2947 3401 3198 3286 3128 3072 3174
3828 3791 3641 4188 3598 3148 3574 3637 3650 3437 4113 3847 3817 3853 3778 3653 3742 3552 3522 3308 3409 3300 3570 3214 3818 3984 3822 3465 3933 3662 3890 3126 3504 3524 3764 3712 3798 3433 3332 3727 3486 3713 3642 3590 3761 3811 3390 3534 3989 3688 3678 3866 3667 3967 3821 3638 3682 3604 3768 3876 3464 3692 3652 3537 3642 3728 3718 3432 3660 3579 3674 3970 3741 3616 3641 3728 3609 3510 3906 3898 4147 3576 3493 4083 3376 3690 3781 3432 3731 4192 3848 3345 3612 3866 3715 3708 3752 3930 3475 3763 3548 3265 3574 3833 3700 3737 3639 3701 3655 3605 3827 3457 3651 3841 3550 3712 3645 3883 3515 3768 3222 3685 4220 3352 3686 3954 3790 3760 3953 4043 3620 3744 3675 3558 3935 3472 4055 3973 3610 3712 3700 3646 3937 4153 3533 3335 4168 3821 3760 3640 4028 3708 3758 3446 3210 3546 3526 3848 3661 3724 3776 3807 3671 3831 3547 3727 3591 3757 3446 3369 3831 3604 3885 3430 3497 3520 3729 3690 3311 3741
3919 4005 3526 4198 3977 3323 3734 3452 3615 3709 4011 3710 3726 3826 3634 3814 3847 3633 3641 3336 3612 3456 3647 3397 4004 4157 4187 3426 3844 3773 3757 3365 3540 3738 3699 3752 3983 3451 3487 3723 3793 3658 3633 3740 3736 4018 3397 3645 3727 3659 3681 3767 3632 3911 4020 3454 3629 3800 3827 3737 3750 3670 4070 3509 3940 3763 3694 3583 3799 3947 4004 3942 3921 3660 3550 3697 3459 3581 4096 3952 4114 3709 3439 3815 3451 3606 3916 3607 3626 4150 3819 3521 3962 3898 3950 3683 3703 3899 3769 3758 3707 3523 3668 3851 3242 3692 3570 3714 3629 3602 3822 3552 3624 3970 3429 3703 3729 3777 3655 3550 3602 3684 3989 3610 3682 4047 4000 3807 3990 3956 3747 3868 3475 3531 3939 3555 3985 4113 3890 3506 3787 3629 3893 4311 3544 3565 4089 3944 3592 3594 3901 3655 3917 3508 3498 3410 3673 3637 3763 3371 3821 3817 3770 3589 3781 3569 3603 3677 3345 3706 3757 3827 4012 3304 3580 3500 3882 3667 3450 3463
3914 3782 3464 4201 4025 3191 3697 3441 3698 3602 4153 3694 4055 3855 3880 3819 3680 3685 3770 3406 3639 3418 3627 3379 3720 4052 3920 3710 4024 3738 3911 3436 3628 3523 3786 3698 3915 3562 3511 3745 3813 3568 3685 3961 3702 3873 3398 3632 4026 3746 3826 3627 3726 3907 3920 3643 3594 4027 3803 3730 3477 3597 3998 3698 3759 3839 3762 3522 3796 3779 3869 3885 3872 3764 3499 3611 3509 3561 3903 3979 4093 3502 3578 4086 3600 3572 3971 3568 3925 4094 3981 3507 3744 3679 3870 3721 3910 3944 3637 3954 3766 3493 3549 3918 3532 3868 3559 3788 3561 3575 3777 3449 3705 3859 3677 3700 3819 3676 3587 3430 3464 3719 3765 3448 3847 3903 3738 3878 4055 4025 3475 3859 3353 3395 3790 3897 3948 3863 3792 3879 3937 3597 3914 4333 3394 3639 4308 3909 3691 3736 3859 3615 3998 3506 3578 3408 3549 3694 3855 3575 3965 3902 3777 3830 3599 3791 3521 3559 3555 3566 3684 3732 4001 3555 3546 3549 3858 3665 3499 3807
4095 4002 3760 4062 3938 3358 3861 3344 3808 3522 4261 3474 3831 3972 3905 4008 3883 3570 3760 3495 3618 3677 3614 3483 3927 4337 3995 3801 3794 3811 3981 3452 3732 3849 3862 3752 4010 3541 3431 3728 3705 3862 3704 4073 3873 3927 3583 3957 3921 3771 3752 3910 3837 4115 3912 3686 3727 4009 3906 3966 3913 3616 4090 3769 3796 3878 3768 3715 3732 3652 4090 4213 4151 3522 3634 3588 3785 3494 4043 4134 4206 3678 3586 4254 3590 3654 3823 3567 4055 4113 3871 3658 3581 3851 4051 4087 3878 3873 3750 3913 3648 3658 3700 4059 3676 3965 3767 3839 3790 3891 3810 3477 3688 4034 3885 3860 3476 3887 3777 3737 3685 3776 4015 3506 3878 4048 3950 4098 4068 4366 3674 3703 3555 3628 3941 3941 4011 3847 3843 4134 4139 3828 3980 4377 3727 3562 4333 3838 3941 3609 4072 3848 3812 3578 3424 3505 3680 3604 3847 3632 3993 4068 3864 3878 3778 3644 3623 3980 3441 3754 3944 3731 3904 3523 3592 3625 3899 3839 3713 4030
4319 4074 3842 4391 3869 3106 3928 3582 3913 3656 4176 3754 3834 4011 3882 4155 3899 3780 3656 3589 4001 3813 3801 3372 3829 4142 3909 3685 3825 3701 4151 3507 4005 3828 3930 3871 3850 3365 3570 3743 3923 4140 3722 3933 4017 3936 3516 3851 4055 3847 3622 3977 3835 3889 3917 3645 3819 3914 3775 3735 3599 3681 4337 3653 3749 3908 3797 3459 4007 3762 4145 3927 4045 3728 3899 3701 3873 3515 4053 4055 3993 3719 3508 4128 3600 3698 4029 3722 4045 4158 4011 3563 3686 3956 3960 3856 3791 4003 3893 3933 3736 3660 3756 3933 3663 4088 3744 3801 3902 3730 3947 3643 3463 4271 3662 3810 3880 3953 3626 3651 3732 4006 4012 3622 4019 4120 3981 3695 4068 4153 3628 3902 3702 3594 3977 3975 3938 4081 3917 3946 3933 3631 3861 4325 3486 3642 4431 3914 3876 3880 3904 3816 3826 3698 3529 3478 3540 3859 3775 3742 4147 4010 3602 3792 3982 3957 3602 4027 3444 3833 3834 3876 3809 3648 3779 3848 4091 3718 3767 3684
3450 3763 3309 3865 3388 2789 3638 3129 3586 3141 3537 3349 3483 3427 3485 3521 3385 3344 3352 3019 3390 3183 3302 3027 3664 3621 3609 3153 3382 3274 3336 3208 3369 3188 3109 3655 3361 3010 3171 3221 3345 3519 3208 3368 3464 3626 3235 3324 3388 3383 3335 3213 3061 3506 3349 3121 3300 3583 3447 3194 3281 3001 3844 3143 3535 3356 3354 3177 3499 3391 3542 3445 3567 3162 3329 3532 3239 3346 3703 3620 3457 3355 2999 3685 3435 3165 3314 3313 3379 3758 3599 2930 3446 3611 3694 3252 3289 3582 3320 3344 3387 3141 3153 3600 3260 3462 3141 3507 3354 3276 3548 3006 3429 3800 3159 3390 3523 3384 3401 3219 3282 3523 3571 3042 3222 3736 3190 3510 3720 3464 3350 3304 3281 3349 3395 3413 3424 3568 3539 3380 3389 3370 3322 3778 3364 2978 3771 3469 3593 3361 3339 3306 3684 3300 3185 3261 3267 3436 3477 3163 3509 3367 3409 3321 3366 3406 3312 3550 3108 3215 3248 3319 3331 3304 3336 3087 3429 3196 3196 3242
3950 3857 3891 4280 3965 3289 3789 3541 3873 3576 4386 3865 4027 3971 4041 4035 3643 3869 3876 3770 3817 3825 3691 3340 4102 4220 3976 3868 3871 3682 4063 3606 3606 3680 3920 3877 3863 3371 3467 3644 3758 4063 3810 3641 3852 4128 3657 3884 3937 3739 3772 3855 3782 3861 3965 3750 3532 3828 3897 3875 3945 3560 4037 3447 3792 3889 3741 3708 3828 3715 3899 3918 4067 3634 3692 3593 3567 3605 4145 4083 4086 3744 3638 4226 3442 3710 4085 3879 3815 4047 4029 3620 3994 3812 4063 3920 4077 3927 3794 3901 3656 3736 4018 4038 3793 4031 3605 3942 3617 3701 3832 3630 3525 3972 3701 3729 3990 3985 3650 3615 3623 3872 4149 3283 3821 4194 3905 3897 4009 4261 3960 3842 3435 3463 3934 3824 4044 4113 4151 3876 3937 4006 3997 4200 3668 3557 4102 3897 3891 3579 4109 3607 4045 3566 3422 3659 3722 3932 4025 3649 3924 4024 3919 3820 3844 3699 3776 3867 3405 3527 3805 3644 3706 3437 3761 3778 4227 3739 3817 3902
3810 3953 3978 4318 3918 3448 4065 3556 3846 3663 4256 3742 3864 4076 4066 3965 3987 3733 3851 3770 3837 3747 3705 3380 3929 4252 4256 3821 3712 3833 4139 3598 3884 3681 4074 3662 4164 3389 3353 3513 3838 4080 3660 3892 3907 3960 3686 3652 4005 3910 3865 3877 3829 3887 3953 3956 3707 4041 3937 3836 3797 3827 4070 3666 4161 4014 3659 3628 3959 3805 4070 4067 3978 3828 3735 3654 3622 3750 4232 4082 4199 3816 3585 4166 3697 3697 4179 3875 3864 4352 3990 3624 3827 3973 3962 3834 3861 4052 3761 3971 3688 3602 3866 4082 3594 3975 3658 3896 3788 3836 4069 3689 3481 4218 3632 4045 4012 4037 3851 3618 3634 3896 4229 3851 3871 4234 4049 3905 4173 4064 4008 3871 3709 3821 3884 3916 4053 4219 4112 3981 3857 3937 4151 4378 3581 3733 4254 3969 4031 3612 3966 3801 4035 3531 3718 3576 3701 3934 4009 3657 3957 3917 3953 4041 3974 3699 3884 3833 3456 3878 3689 4058 4168 3679 3770 3683 3996 3868 3802 3745
3573 3671 3474 3811 3390 2823 3626 3305 3352 3331 3751 3703 3415 3495 3671 3402 3451 3411 3485 3337 3253 3353 3396 3024 3634 3617 3572 3415 3546 3416 3679 3197 3376 3300 3646 3344 3797 3301 3360 3382 3528 3480 3356 3575 3439 3503 3461 3259 3694 3485 3711 3477 3546 3388 3616 3411 3357 3619 3479 3701 3290 3284 3519 3260 3437 3495 3559 3208 3515 3555 3543 3817 3745 3246 3467 3370 3400 3319 3798 3651 3766 3519 3391 3954 3294 3510 3753 3437 3566 3928 3527 3207 3609 3604 3690 3335 3546 3718 3362 3481 3427 3407 3328 3675 3323 3505 3351 3474 3216 3490 3472 3377 3268 3796 3155 3360 3591 3517 3233 3309 3427 3573 3691 3250 3434 3470 3566 3518 3694 3707 3472 3472 3401 3282 3705 3680 3557 3740 3374 3520 3550 3422 3785 3886 3245 3322 3947 3664 3774 3537 3703 3497 3758 3329 3129 3168 3185 3413 3672 3432 3517 3464 3642 3357 3556 3649 3426 3409 3165 3365 3454 3476 3513 3082 3436 3412 3683 3382 3417 3609
3898 3979 3929 4446 3862 3238 4364 3699 4083 3646 4303 3790 3838 4065 4031 4094 4085 3951 3622 3794 3903 3748 3718 3492 4197 4280 3982 3800 3938 3878 4146 3666 3720 3796 3814 3826 4042 3532 3387 3773 3661 4063 3846 3739 3983 3798 3756 3995 4206 3843 3863 3918 3776 3818 3888 3778 3851 4117 3914 3891 3754 3780 3998 3691 4107 3942 3711 3818 3930 3757 3964 4152 4173 3770 3976 3824 4002 3825 4322 4183 4204 3795 3466 4221 3685 3671 3923 3935 3838 4251 3879 3705 3815 3848 4154 3951 3815 3918 3649 3960 3845 3731 3818 4104 3779 4082 3586 3905 3922 3817 4131 3697 3863 4108 3663 4011 3911 3907 3924 3658 3751 4142 4184 3681 4026 4232 4106 3617 4092 4109 3724 3901 3774 3783 4045 3745 3996 4174 4031 3939 4129 3883 4144 4212 3629 3330 4442 4013 3948 3762 4158 3985 4055 3679 3697 3541 3600 3986 4045 3655 3801 4062 3964 3969 3933 3804 3836 3905 3732 3645 3754 3828 3968 3637 3592 3682 4311 3894 3682 4037
3944 3796 3545 4001 3737 3134 3530 3252 3576 3367 3964 3611 3421 3797 3499 3516 3501 3509 3366 3231 3373 3499 3484 3165 3844 4051 3864 3556 3555 3627 3694 3198 3565 3538 3591 3528 3687 3374 3304 3250 3501 3684 3273 3535 3638 3572 3176 3662 3657 3582 3673 3500 3520 3832 3665 3497 3669 3635 3598 3474 3431 3305 3746 3522 3764 3572 3724 3383 3711 3800 3698 3719 3704 3426 3415 3561 3592 3290 4034 3823 3901 3442 3312 3828 3540 3517 3776 3542 3540 3908 3668 3339 3528 3609 3824 3702 3453 3553 3458 3629 3695 3340 3411 3548 3323 3599 3425 3640 3500 3531 3767 3307 3519 3863 3383 3411 3703 3640 3449 3550 3507 3645 3576 3297 3378 3810 3538 3612 3862 3957 3365 3625 3552 3427 3722 3329 3849 3889 3610 3762 3734 3653 3689 3943 3395 3228 4139 3722 3786 3327 3897 3495 3712 3456 3444 3263 3561 3870 3733 3514 3569 3694 3569 3613 3341 3456 3520 3587 3518 3584 3333 3655 3471 3262 3605 3365 3561 3555 3339 3684
3848 3782 3680 4095 3699 3321 3857 3647 3604 3489 4277 3372 3628 3751 3845 3654 3672 3555 3632 3256 3620 3629 3349 3227 3756 4098 3855 3452 3601 3637 3829 3400 3640 3558 3581 3731 3902 3574 3255 3689 3718 3642 3469 3799 3707 3636 3312 3630 4013 3953 3653 3614 3813 3613 3849 3548 3582 3864 3862 3499 3744 3690 3732 3460 3783 3677 3709 3436 3778 3766 3988 3835 3821 3651 3308 3566 3545 3706 3807 3823 4049 3682 3454 4092 3520 3459 3901 3588 3698 4026 3816 3524 3581 3563 3832 3631 3577 3804 3693 3526 3460 3474 3693 3836 3484 3755 3550 3723 3570 3418 3835 3240 3429 3923 3085 3679 3681 3727 3528 3550 3344 3571 3932 3561 3849 3744 4047 3813 3881 3872 3684 3602 3614 3440 3796 3487 3788 3943 3612 3679 3732 3681 3995 4082 3538 3425 4175 3844 3743 3629 3685 3620 3714 3340 3500 3483 3601 3569 3862 3721 3833 3715 3614 3625 3606 3721 3619 3517 3581 3711 3339 3723 3736 3449 3824 3446 3726 3793 3596 3715
3698 3848 3492 3979 3830 3109 3532 3299 3668 3211 3971 3600 3499 3521 3662 3664 3712 3515 3402 3222 3452 3376 3402 3172 3819 3991 3747 3594 3683 3398 3685 3369 3417 3600 3485 3540 3674 3458 3290 3525 3570 3575 3617 3624 3412 3735 3343 3344 3555 3532 3762 3521 3271 3786 3720 3382 3371 3508 3692 3622 3426 3381 4033 3274 3705 3451 3459 3597 3668 3691 3771 3593 3890 3430 3622 3594 3510 3417 4101 3992 3962 3381 3287 3898 3330 3443 3751 3406 3494 3933 3706 3449 3671 3683 3743 3568 3507 3752 3649 3523 3467 3520 3356 3673 3291 3473 3364 3591 3277 3596 3688 3316 3444 3863 3306 3700 3621 3714 3511 3500 3432 3615 3831 3354 3536 3930 3845 3505 3828 3764 3562 3676 3178 3488 3723 3501 3670 3870 3561 3516 3670 3504 3705 4067 3417 3316 3801 3735 3587 3412 3857 3452 3968 3321 3131 3494 3626 3544 3995 3476 3561 3578 3654 3580 3629 3557 3649 3593 3259 3621 3714 3647 3562 3280 3523 3483 3810 3463 3427 3345
3619 3781 3385 3710 3470 3043 3436 3320 3389 3157 3909 3557 3358 3739 3675 3628 3416 3588 3224 3180 3305 3338 3326 2977 3540 3839 3592 3578 3569 3323 3581 3027 3277 3293 3473 3785 3615 3164 3216 3254 3341 3463 3438 3678 3578 3476 3123 3433 3604 3550 3543 3379 3594 3499 3525 3516 3397 3359 3422 3450 3314 3332 3483 3259 3290 3458 3144 3241 3392 3643 3584 3748 3703 3398 3498 3510 3364 3278 3727 3776 3849 3512 3110 3799 3263 3125 3598 3258 3242 3717 3387 3079 3362 3494 3566 3499 3435 3654 3347 3601 3444 3422 3145 3614 3360 3617 3364 3390 3253 3375 3379 3382 3376 3703 3231 3368 3416 3543 3262 3065 3343 3445 3811 3299 3308 3622 3873 3268 3697 3757 3596 3260 3361 3096 3526 3305 3599 3580 3479 3611 3562 3325 3717 3869 3356 3149 4030 3574 3414 3156 3521 3420 3483 3101 3124 3231 3290 3441 3339 3330 3384 3541 3344 3553 3421 3402 3342 3326 3140 3556 3392 3441 3554 3212 3394 3493 3668 3419 3354 3440
3407 3237 2969 3579 3202 2768 3256 2871 3167 3073 3416 3184 3122 3448 3374 3402 3019 3221 3150 2941 3240 2908 2819 3012 3589 3596 3182 3244 3224 3173 3614 2809 3111 3308 3013 3355 3255 2916 2640 3098 3144 3137 3104 3159 3215 3227 3008 3238 3293 3188 3400 3087 3002 3405 3292 3186 3182 3187 3142 3089 3359 3251 3628 3012 3314 3196 3015 3069 3048 3273 3385 3437 3564 3124 3231 3128 3145 2994 3493 3391 3633 3118 2866 3478 3074 3129 3221 3108 2946 3500 3158 3099 3220 3093 3426 3094 2959 3282 2995 3447 3229 3190 3078 3481 2927 3345 2983 3176 3165 3183 3327 3030 3132 3388 3100 3212 3158 3327 3164 3058 2908 3170 3412 2784 3220 3098 3314 3135 3288 3432 3104 3130 3013 3054 3280 3228 3272 3274 3354 3124 3343 3073 3401 3375 3143 3008 3604 3185 3271 3134 3319 3302 3168 3015 3004 3008 2939 3249 3099 3169 3128 3296 3240 3527 3159 3309 3122 3081 3069 3211 3086 3022 3250 3028 3170 2933 3358 3246 2921 3272
3601 3896 3546 3924 3696 3082 3692 3544 3791 3443 4264 3751 3897 3875 3843 3671 3794 3656 3629 3333 3456 3723 3549 3314 3830 4081 3794 3576 3868 3681 3822 3634 3596 3678 3906 3630 3911 3435 3180 3586 3557 3688 3547 3624 3688 3509 3275 3580 3809 3716 3782 3751 3530 3777 3825 3699 3728 3738 3764 3655 3658 3287 3843 3411 3799 3691 3438 3578 3738 3741 3565 3743 3906 3384 3630 3620 3533 3622 4005 3917 4048 3644 3402 4094 3488 3620 3932 3579 3846 4106 3717 3570 3666 3549 3768 3699 3786 3833 3439 3599 3673 3470 3558 3754 3556 3597 3653 3643 3489 3522 3924 3483 3449 3897 3326 3666 3617 3618 3755 3464 3447 3701 4011 3337 3857 4114 3876 3748 4061 4096 3611 3528 3504 3613 3796 3540 3862 3906 3619 3842 4034 3681 3909 4010 3495 3617 4208 3496 3699 3553 4040 3778 3917 3467 3342 3137 3516 3745 3717 3593 3701 3912 3722 3585 3678 3735 3625 3513 3330 3397 3524 3438 3933 3382 3840 3703 3783 3727 3492 3794
3835 3942 3558 4024 3671 3124 3561 3459 3724 3484 3951 3575 3875 3660 3731 3805 3642 3576 3594 3394 3501 3536 3466 3457 3752 4096 3945 3688 3713 3744 3906 3319 3585 3751 3706 3531 3599 3454 3297 3588 3609 3874 3764 3736 3627 3812 3480 3673 3865 3580 3744 3694 3630 3681 3857 3457 3630 3796 3683 3886 3702 3388 3923 3404 3648 3642 3593 3399 3962 3526 3611 3667 3939 3492 3477 3542 3723 3231 4044 4005 4122 3551 3278 3958 3472 3499 3759 3633 3697 3930 3800 3717 3777 3811 3989 3630 3707 3950 3681 3820 3706 3632 3831 3682 3405 3810 3550 3620 3521 3663 3788 3436 3485 3686 3612 3549 3804 3737 3551 3563 3545 3825 4071 3452 3760 3855 3938 3818 3861 3978 3723 3660 3584 3553 3754 3623 3995 3766 3895 3882 3606 3687 3814 4245 3586 3453 4105 3908 3692 3554 3935 3622 3752 3226 3432 3439 3447 3702 3638 3682 3870 3935 3879 3701 3746 3676 3624 3485 3243 3504 3694 3744 3772 3334 3494 3671 3909 3719 3564 3834
3888 3844 3784 4065 3655 3352 3836 3487 3891 3337 3884 3827 3889 3711 3845 3612 3654 3794 3554 3572 3585 3589 3578 3413 3941 4050 3934 3586 3805 3704 4104 3478 3799 3749 3700 3697 3773 3589 3567 3504 3668 3786 3617 3690 3664 3918 3577 3839 3854 3688 3931 3706 3707 3947 3968 3528 3580 3925 3811 3800 3515 3470 4053 3637 3918 3836 3675 3498 3938 3739 4028 4012 3908 3563 3426 3669 3616 3613 4115 3988 4035 3519 3494 4162 3435 3583 3813 3607 3901 4019 3677 3489 3739 3886 4012 3738 3750 3880 3656 3797 3583 3618 3487 3933 3493 4054 3678 3627 3495 3537 3914 3549 3528 4076 3441 3479 3738 3940 3621 3465 3709 3767 3760 3368 3723 4002 3954 3736 3856 4068 3600 3584 3609 3587 4131 3768 3681 3853 3824 3668 3808 3782 3984 4131 3635 3623 4037 3942 3811 3659 3903 3558 3860 3404 3452 3488 3574 3973 3750 3856 3961 3858 3766 3901 3655 3760 3523 3857 3542 3556 3885 3518 3723 3431 3638 3585 4014 3795 3627 3722
3418 3614 3387 3702 3562 2825 3381 3102 3372 2970 3594 3392 3457 3640 3426 3330 3504 3289 3377 3123 3257 3305 3216 2969 3588 3594 3572 3299 3484 3415 3535 3022 3164 3211 3430 3368 3656 3077 3111 3373 3289 3447 3435 3269 3276 3470 3083 3230 3630 3316 3368 3422 3293 3447 3568 3416 3066 3302 3434 3490 3359 3078 3499 3290 3582 3423 3406 3424 3574 3370 3332 3396 3684 3375 3437 3152 3145 3313 3621 3675 3599 3227 3117 3686 3094 3095 3494 3390 3268 3839 3378 3139 3354 3316 3526 3386 3436 3333 3423 3468 3422 3134 3207 3489 3317 3319 3316 3443 3206 3402 3479 3120 3027 3361 3034 3277 3389 3327 3191 3312 3277 3382 3591 3160 3419 3629 3423 3183 3501 3731 3450 3484 3223 3102 3226 3223 3648 3549 3419 3530 3323 3264 3381 3526 3117 3345 3855 3388 3317 2917 3504 3261 3747 3201 2949 3173 3189 3565 3474 3142 3365 3556 3309 3431 3552 3197 3293 3235 2969 3086 3249 3291 3521 2996 3134 3158 3451 3349 3236 3302
3709 3918 3625 3795 3681 3073 3683 3364 3660 3309 3934 3670 3570 3789 3848 3746 3762 3669 3354 3630 3429 3478 3626 3130 3846 3886 3872 3512 3608 3530 3622 3263 3547 3406 3834 3629 3847 3280 3278 3345 3547 3920 3377 3656 3734 3749 3139 3560 3569 3489 3492 3475 3304 3752 3547 3527 3429 3741 3708 3800 3408 3434 3823 3387 3762 3668 3562 3375 3572 3527 3755 3635 3959 3374 3379 3590 3452 3510 3857 3939 3700 3492 3501 3919 3469 3570 3936 3615 3583 3917 3808 3271 3685 3630 3628 3624 3675 3764 3411 3649 3528 3340 3226 3734 3533 3754 3647 3415 3314 3485 3564 3349 3360 3887 3224 3579 3636 3589 3509 3747 3460 3796 3885 3233 3656 3782 3491 3658 3965 3678 3678 3610 3332 3326 3980 3518 3564 3709 3786 3523 3637 3333 3778 4069 3346 3438 3974 3738 3649 3441 3941 3584 3885 3656 3138 3211 3406 3722 3796 3231 3660 3367 3464 3491 3621 3529 3650 3513 3222 3609 3647 3548 3647 3251 3694 3438 3793 3536 3633 3693
3693 3636 3466 3769 3583 3149 3576 3391 3495 3190 3909 3577 3639 3784 3641 3736 3558 3361 3265 3438 3283 3436 3246 3180 3610 3959 3607 3568 3634 3687 3649 3162 3438 3369 3456 3641 3523 3303 3189 3518 3552 3624 3505 3605 3626 3747 3317 3619 3660 3583 3576 3702 3467 3752 3663 3613 3560 3790 3690 3528 3445 3377 3613 3359 3666 3640 3621 3326 3539 3613 3813 3810 3811 3325 3378 3418 3531 3379 3834 3908 3907 3506 3336 3873 3450 3440 3906 3432 3762 3930 3834 3400 3380 3646 3632 3612 3448 3888 3329 3689 3400 3594 3523 3840 3362 3465 3353 3602 3576 3491 3433 3403 3325 3794 3373 3790 3479 3885 3403 3471 3470 3602 3912 3465 3507 3746 3768 3531 3955 4078 3269 3701 3255 3319 3691 3594 3695 3899 3700 3779 3681 3599 3716 4112 3437 3255 4026 3623 3512 3525 3966 3696 3682 3488 3318 3281 3584 3577 3621 3435 3713 3661 3624 3668 3625 3634 3577 3522 3321 3579 3658 3490 3575 3375 3580 3438 3659 3633 3419 3677
3712 3677 3362 3966 3691 3098 3661 3354 3328 3341 4111 3471 3740 3745 3900 3773 3591 3704 3525 3349 3392 3517 3563 3097 3683 3888 3817 3524 3766 3596 3923 3370 3380 3694 3841 3681 3638 3270 3182 3494 3535 3679 3640 3681 3662 3615 3543 3236 3717 3639 3776 3552 3538 3504 3661 3551 3408 3692 3523 3651 3463 3401 3720 3539 3596 3519 3398 3370 3532 3670 3765 3772 3698 3481 3601 3625 3586 3295 4014 3885 3832 3487 3430 3998 3387 3526 3770 3469 3428 4032 3599 3236 3584 3564 3673 3453 3682 3734 3449 3645 3572 3388 3528 3743 3440 3649 3489 3473 3322 3578 3583 3174 3492 3869 3312 3609 3596 3644 3374 3640 3423 3587 3903 3410 3513 3797 3600 3739 3898 3803 3808 3722 3544 3592 3688 3491 3727 3707 3834 3620 3666 3510 3789 3978 3445 3449 4153 3885 3560 3664 3640 3635 3747 3509 3189 3203 3439 3545 3681 3333 3735 3727 3520 3606 3639 3794 3701 3416 3163 3534 3749 3797 3678 3258 3356 3505 3973 3796 3581 3682
4085 3904 3600 4300 4009 3398 3797 3525 3819 3536 4306 3879 3833 3969 3690 3856 3761 3894 3644 3486 3509 3600 3632 3277 4141 4232 4084 3766 3896 3897 3953 3592 3652 3821 3817 3980 4098 3464 3466 3712 3899 3827 3610 3796 3818 3812 3192 3870 3905 3879 3997 3886 3877 3823 3971 3802 3681 3905 3949 3863 3636 3714 4078 3703 3987 3882 3954 3707 3912 3968 3736 3728 3938 3494 3643 3850 3867 3538 4117 3964 4354 3838 3672 4117 3691 3563 3786 3658 3852 4032 3905 3574 3891 3904 3956 3865 3900 4012 3711 3826 3897 3728 3624 4016 3633 3748 3543 4006 3702 3704 3858 3463 3585 4081 3484 3809 3757 4069 3636 3730 3656 3933 4258 3774 3795 3870 4083 3752 4135 4061 3676 3774 3519 3598 3994 3648 3795 4090 3992 3817 3858 3814 4095 4431 3552 3627 4370 3992 3777 3855 4268 3709 3858 3345 3398 3476 3795 3807 4111 3808 4005 3860 3700 3786 3700 3831 3764 3834 3528 3739 3769 3961 3871 3658 3856 3668 3987 3765 3653 3826
3808 3836 3625 3889 3658 3274 3636 3539 3667 3357 4010 3801 3547 3557 3616 3587 3569 3619 3438 3506 3502 3636 3484 3307 3717 3948 3744 3587 3648 3646 4031 3402 3553 3648 3627 3397 3851 3395 3131 3389 3516 3665 3638 3688 3696 3529 3280 3454 3883 3596 3838 3632 3769 3573 3880 3739 3534 3771 3688 3488 3478 3497 3873 3511 3722 3722 3756 3381 3712 3532 3741 3858 3863 3613 3720 3695 3465 3511 3906 4003 4033 3504 3247 3909 3336 3505 3839 3587 3668 3998 3621 3614 3715 3526 3920 3627 3660 3699 3436 3639 3631 3310 3405 3732 3630 3831 3541 3504 3567 3386 3819 3478 3345 3837 3301 3492 3572 3673 3461 3626 3507 3608 3792 3419 3927 3979 3599 3477 3664 3901 3416 3550 3511 3306 3953 3534 3737 3810 3395 3739 3767 3644 3834 4030 3366 3265 4028 3820 3610 3374 3848 3535 3798 3413 3283 3272 3624 3664 3588 3371 3704 3699 3510 3711 3542 3679 3527 3504 3226 3557 3540 3427 3886 3238 3710 3536 3864 3661 3395 3611
3616 3775 3682 4013 3674 3233 3742 3385 3665 3337 3876 3561 3805 3722 3739 3635 3504 3712 3469 3338 3635 3616 3383 3148 4008 4095 3593 3837 3605 3522 3755 3443 3602 3486 3821 3524 3715 3338 3321 3466 3490 3601 3586 3535 3386 3560 3197 3398 3764 3621 3521 3652 3626 3630 3693 3668 3435 3838 3651 3685 3530 3520 3876 3402 3777 3682 3422 3372 3737 3415 3932 3680 3708 3581 3436 3564 3455 3449 3887 3972 3751 3395 3445 3942 3360 3381 3673 3497 3537 3999 3802 3321 3517 3771 3764 3518 3666 3505 3354 3674 3528 3352 3414 3711 3438 3975 3548 3668 3500 3586 3799 3316 3538 3706 3344 3365 3675 3810 3419 3524 3476 3674 3852 3296 3713 3802 3731 3776 3814 3949 3369 3552 3445 3441 3587 3598 3808 3737 3677 3698 3712 3394 3936 3935 3461 3401 3924 3833 3709 3493 3774 3496 3676 3461 3225 3339 3328 3444 3696 3496 3884 3951 3639 3871 3564 3601 3400 3719 3323 3632 3662 3573 3629 3353 3488 3565 3544 3652 3611 3750
3976 4064 3810 4282 3823 3385 3865 3572 3719 3670 4071 3723 3862 4201 3822 4050 3779 3669 3727 3606 3624 3750 3675 3463 3844 4103 4114 3927 3848 3894 4089 3712 3769 3536 3756 3758 3949 3604 3599 3641 3727 3931 3783 3773 3654 3860 3717 3916 4039 3825 3795 3839 3913 4032 4149 3611 3604 3938 3800 3826 3860 3508 4034 3690 4125 3887 3951 3472 3850 4062 4100 4212 4156 3848 3941 3942 3547 3705 4175 4124 4174 3794 3765 4150 3803 3643 4048 3943 3827 4081 3964 3716 3691 3746 3901 3782 3798 3886 3891 4140 3705 3627 3759 3963 3400 3950 3707 3658 3796 3831 3726 3524 3770 4031 3543 3739 4101 3826 3733 3576 3840 3921 4100 3539 3772 4124 3919 3799 4165 4248 3768 4039 3771 3688 3842 3812 3833 4204 3856 3907 3918 3892 4063 4269 3487 3448 4212 4196 3756 3718 4189 3702 4017 3613 3518 3653 3672 3876 3944 3814 3985 4051 3679 3917 3784 3997 3647 3982 3669 3760 3753 3869 3877 3297 3568 3566 3879 3756 3683 3928
3642 3882 3429 4022 3768 3122 3621 3310 3486 3493 3996 3499 3495 3653 3663 3532 3589 3594 3276 3374 3374 3395 3510 3204 3700 4037 3993 3543 3676 3362 3708 3059 3540 3476 3574 3250 3623 3230 3431 3411 3448 3831 3274 3452 3583 3592 3412 3606 3688 3615 3485 3379 3583 3666 3556 3398 3539 3725 3500 3404 3709 3465 3781 3414 3656 3522 3422 3217 3434 3520 3801 3682 3693 3460 3531 3618 3521 3269 4064 3677 3790 3483 3479 3918 3386 3586 3707 3611 3912 4076 3677 3614 3573 3562 3724 3526 3684 3536 3471 3634 3650 3346 3379 3744 3321 3600 3511 3581 3601 3583 3601 3405 3471 3678 3286 3405 3872 3676 3546 3316 3414 3571 3814 3467 3688 3799 3660 3708 3719 3969 3550 3466 3502 3417 3738 3774 3598 3876 3713 3660 3733 3359 3718 3999 3347 3299 3996 3853 3583 3459 3777 3533 3679 3290 3345 3365 3591 3619 3742 3346 3804 3557 3571 3603 3521 3462 3407 3759 3314 3494 3451 3382 3682 3319 3399 3414 3804 3564 3395 3784
3696 3582 3406 3803 3545 2950 3580 3312 3716 3240 3624 3332 3512 3475 3503 3655 3461 3412 3322 3086 3221 3323 3303 3225 3712 3570 3704 3346 3320 3385 3766 3116 3634 3295 3442 3508 3643 3324 2966 3359 3309 3765 3381 3453 3496 3460 3261 3385 3594 3443 3459 3446 3569 3384 3623 3226 3552 3484 3460 3510 3342 3419 3753 3291 3452 3410 3523 3415 3509 3289 3595 3537 3582 3341 3384 3638 3434 3233 3901 3883 3801 3538 3343 3689 3284 3394 3441 3269 3371 3673 3728 3224 3262 3396 3461 3577 3560 3702 3095 3624 3559 3183 3425 3563 3303 3670 3212 3470 3586 3589 3546 3237 3225 3754 3255 3572 3359 3595 3358 3424 3301 3559 3795 3055 3466 3837 3634 3357 3707 3775 3409 3553 3626 3397 3803 3432 3718 3547 3315 3525 3368 3317 3668 3947 3308 3181 3852 3564 3473 3480 3778 3572 3508 3345 3275 3180 3391 3489 3619 3472 3584 3455 3500 3656 3469 3315 3316 3390 3213 3271 3421 3488 3458 3184 3475 3133 3719 3427 3269 3548
3553 3692 3431 3900 3640 3061 3531 3207 3549 3338 4104 3524 3390 3391 3452 3621 3736 3521 3400 3315 3219 3432 3325 3019 3580 3840 3731 3275 3409 3442 3366 3172 3423 3403 3315 3483 3532 3272 3308 3335 3369 3422 3492 3476 3532 3478 2984 3393 3715 3639 3480 3163 3503 3461 3620 3377 3663 3395 3525 3410 3409 3381 3851 3260 3766 3391 3249 3325 3599 3554 3791 3650 3718 3284 3425 3499 3471 3329 3825 3785 3824 3504 3222 3838 3430 3360 3630 3292 3394 3714 3602 3193 3510 3569 3621 3428 3419 3424 3307 3641 3431 3407 3366 3696 3240 3519 3441 3372 3520 3317 3526 3234 3341 3925 3323 3330 3681 3442 3379 3146 3179 3502 3682 3306 3593 3655 3556 3489 3861 3555 3361 3496 3499 3258 3658 3457 3615 3676 3429 3429 3698 3445 3677 4033 3272 3184 4012 3706 3398 3231 3776 3462 3534 3247 3206 3381 3171 3536 3747 3387 3532 3405 3509 3313 3365 3298 3347 3560 3203 3687 3366 3550 3522 2939 3480 3379 3659 3326 3384 3691
3610 3691 3348 3720 3330 2820 3531 3217 3458 3078 3704 3432 3594 3577 3496 3473 3489 3418 3191 3182 3182 3461 3413 3055 3489 3573 3446 3294 3544 3268 3488 3076 3177 3179 3458 3350 3485 3038 3166 3425 3328 3456 3362 3575 3277 3554 3259 3459 3448 3385 3342 3338 3198 3499 3506 3626 3285 3550 3382 3533 3232 3224 3657 3238 3318 3515 3444 3135 3507 3247 3532 3645 3615 3143 3262 3297 3200 3330 3458 3511 3548 3374 3067 3659 3249 3365 3541 3418 3357 3635 3665 3091 3448 3413 3504 3556 3350 3523 3302 3523 3218 3185 2952 3546 3266 3528 3193 3301 3096 3331 3529 3065 3194 3596 3372 3129 3318 3534 3202 3352 3440 3569 3537 3131 3464 3676 3301 3402 3843 3700 3259 3323 3111 3103 3474 3281 3596 3582 3476 3680 3711 3266 3450 3823 3206 3286 4008 3425 3455 3242 3547 3503 3568 3260 3072 3008 3360 3520 3440 3308 3483 3792 3402 3495 3248 3417 3092 3318 3090 3245 3412 3406 3456 3054 3408 3211 3534 3336 3352 3697
4263 4233 4054 4431 3852 3547 3872 3750 3968 3994 4494 4040 3806 4161 3925 4137 4067 4082 3693 3682 3728 3953 3662 3610 4140 4422 4125 3676 3938 4165 4131 3616 3688 4031 4025 3863 4167 3582 3448 3816 3905 4104 3891 3894 4115 4131 3738 3852 4104 3943 3905 3955 3803 4157 4074 3931 3776 3867 4060 3926 3994 3717 4293 3783 4212 3778 3896 3776 3966 3977 4217 4162 4123 3661 3902 3733 3831 3912 4361 4182 4198 3883 3811 4403 3612 3968 4106 3831 3976 4253 4113 3753 3909 3957 4307 4055 3905 3962 3688 4041 3814 4012 3852 4225 3835 3954 3892 3934 3876 3940 3984 3804 3729 4203 3653 4037 4141 4042 3786 3867 3739 4221 4363 3901 4069 4290 4104 4062 4278 4374 3830 3951 3628 3880 4269 3924 3894 4246 3827 4137 4056 4140 4240 4303 3635 3711 4334 4134 3956 3751 4312 3832 4361 3711 3518 3607 3896 3829 3890 3761 4038 4062 3805 3980 3945 4008 3786 3976 3698 3981 3891 3996 4060 3509 3896 3843 4063 3911 3906 4126
3711 3977 3598 4110 3804 3482 3935 3552 3763 3553 4284 3812 3923 3901 3785 4010 3935 3740 3679 3494 3603 3488 3699 3411 4105 4255 4213 3855 3848 3902 4151 3675 3704 3853 3872 3857 4147 3342 3645 3800 3564 3693 3817 3816 3828 3738 3692 3698 3933 3698 3755 3888 3816 3704 4058 3820 3533 3895 3949 3897 3658 3736 3968 3807 4174 4042 3747 3658 3924 3674 3932 4166 3977 3415 3760 3755 3703 3616 4088 4158 4329 3772 3618 4015 3735 3614 3847 3486 3971 4186 3752 3612 4063 3521 4071 3798 4016 3889 3521 3657 3972 3473 3847 3908 3479 3742 3570 3770 3634 3649 3991 3514 3631 4314 3623 3768 3731 3906 3704 3640 3538 3741 4056 3818 3864 3915 3979 3646 4053 4102 3700 3972 3495 3684 4003 3449 3812 4095 4042 3798 3881 3926 3863 4292 3803 3618 4447 3865 3615 3565 4220 3705 3976 3597 3433 3316 3667 3758 3812 3754 3893 4200 3712 3993 3741 3935 3495 3897 3529 3597 3789 3617 3921 3649 3747 3713 4017 3830 3700 3996
3777 3612 3474 4156 3574 2969 3494 3367 3617 3286 3948 3558 3593 3583 3604 3745 3549 3409 3313 3396 3446 3570 3327 3102 3683 3893 3751 3626 3544 3499 3715 3365 3584 3592 3632 3464 3777 3241 3133 3566 3614 3577 3305 3449 3620 3509 3222 3549 3770 3470 3617 3558 3372 3594 3566 3631 3449 3684 3663 3600 3627 3412 3617 3230 3664 3670 3570 3219 3880 3470 3644 3599 3644 3546 3342 3369 3586 3276 3777 3865 4074 3497 3350 3873 3577 3382 3781 3599 3619 3967 3788 3206 3629 3528 3551 3557 3615 3818 3527 3516 3572 3382 3231 3878 3240 3735 3469 3429 3405 3506 3610 3094 3186 3876 3300 3539 3580 3743 3476 3593 3415 3722 3819 3241 3584 3796 3669 3592 3838 3669 3483 3461 3371 3340 3747 3537 3748 3675 3698 3215 3784 3514 3586 3984 3359 3460 4011 3686 3624 3336 3789 3462 3663 3386 3044 3503 3455 3651 3628 3349 3542 3622 3525 3485 3680 3528 3745 3524 3121 3586 3415 3496 3627 3152 3569 3292 3741 3524 3455 3462
3527 3904 3602 4095 3609 3132 3968 3118 3718 3330 4169 3439 3432 3823 3499 3691 3504 3595 3379 3382 3306 3307 3423 3041 3743 3946 3762 3523 3632 3467 3804 3267 3508 3503 3742 3480 3932 3410 3319 3351 3802 3724 3696 3538 3560 3697 3436 3684 3748 3576 3595 3445 3635 3752 3663 3625 3381 3798 3611 3466 3517 3485 3725 3566 3655 3870 3620 3315 3524 3686 3768 3584 3857 3391 3694 3581 3542 3506 3939 4020 3808 3559 3413 4083 3371 3195 3747 3549 3493 4012 3667 3246 3428 3591 3746 3550 3573 3729 3376 3685 3596 3539 3354 3678 3271 3530 3435 3391 3358 3471 3649 3417 3522 3594 3117 3268 3759 3601 3277 3419 3574 3686 3850 3320 3447 4098 3636 3757 3855 3532 3372 3582 3282 3335 3588 3590 3628 3960 3459 3790 3588 3630 3866 3888 3334 3301 3964 3931 3716 3421 3800 3558 3927 3645 3362 3134 3526 3555 3664 3483 3550 3802 3483 3563 3603 3628 3413 3630 3320 3559 3366 3476 3770 3212 3535 3516 3530 3386 3341 3661
3447 3717 3531 3953 3428 3080 3499 3151 3531 3233 3786 3431 3399 3481 3414 3369 3592 3385 3218 3337 3218 3293 3297 3192 3382 3865 3446 3309 3555 3387 3611 3145 3367 3238 3531 3396 3606 3354 3168 3371 3534 3665 3433 3364 3501 3518 3215 3325 3629 3348 3393 3498 3581 3517 3614 3331 3474 3507 3342 3529 3442 3464 3794 3099 3593 3630 3533 3367 3322 3297 3700 3526 3638 3417 3614 3410 3190 3187 3814 3659 3588 3371 3135 3937 3164 3365 3896 3236 3414 3836 3452 3301 3525 3414 3493 3561 3483 3679 3362 3603 3415 3304 3333 3651 3328 3347 3407 3309 3291 3463 3481 3425 3417 3527 3209 3338 3525 3399 3311 3471 3303 3484 3738 3315 3423 3751 3718 3418 3757 3731 3420 3672 3517 3044 3595 3520 3725 3857 3461 3571 3196 3214 3726 3868 3204 3043 3927 3785 3588 3286 3847 3570 3579 3332 3137 3233 3316 3511 3594 3378 3396 3470 3368 3525 3495 3456 3293 3422 3115 3338 3507 3430 3639 3081 3308 3464 3496 3322 3238 3460
3805 3777 3348 4047 3496 3120 3670 3473 3730 3370 4051 3738 3481 3686 3655 3699 3660 3548 3571 3260 3476 3307 3487 3382 3799 4072 3956 3512 3552 3540 3968 3364 3629 3401 3770 3565 3922 3483 3307 3391 3677 3617 3714 3547 3620 3737 3279 3542 3737 3778 3583 3565 3686 3807 3879 3534 3566 3734 3830 3569 3598 3430 3942 3613 3772 3750 3568 3295 3778 3647 3889 3789 3752 3574 3718 3746 3475 3501 4064 3902 4101 3540 3386 3762 3432 3523 3852 3447 3686 4028 3711 3548 3472 3798 3826 3632 3518 3782 3448 3646 3701 3482 3370 3954 3347 3715 3511 3550 3428 3502 3603 3427 3394 3906 3268 3695 3695 3741 3459 3425 3427 3664 3738 3469 3524 4107 3839 3617 3832 3737 3510 3602 3477 3335 3838 3672 3691 3929 3476 3886 3740 3650 3937 4037 3351 3494 3969 3609 3562 3579 3969 3525 3865 3427 3256 3422 3556 3446 3412 3352 3682 3670 3372 3547 3858 3471 3651 3591 3309 3661 3560 3794 3573 3301 3714 3378 3683 3585 3368 3720
4087 4116 3895 4373 3895 3409 3896 3852 3985 3663 4354 3886 4079 3965 3980 3849 3866 4060 3749 3694 3691 3700 3926 3473 4124 4278 4286 3898 3870 3960 4240 3522 3697 3966 4139 3965 4115 3692 3561 3707 4079 4147 3956 4123 4048 4146 3666 3923 4010 3939 4000 3808 3978 4181 3966 3720 3722 4109 4125 3913 3884 3651 4099 3882 3827 4192 3981 3582 4121 4013 4130 4030 4157 3729 3767 3796 3780 3640 4243 4044 4361 3740 3599 4259 3731 3885 4246 3674 3811 4355 4027 3612 4064 3839 4167 3967 3870 4237 3768 4018 4171 3691 3862 4113 3741 4078 3944 4003 3854 3800 4110 3653 3731 4232 3689 3873 3851 3987 3767 3785 3827 3912 4191 3639 3732 4173 4055 4069 4118 4077 3790 3845 3704 3738 4161 3941 4104 4082 3972 3910 4202 3868 4394 4412 3963 3683 4378 4059 4019 3629 4186 3904 4142 3621 3394 3703 3616 3949 3726 3833 3843 4099 3887 4050 3991 3750 3868 3892 3637 3714 3808 4014 3945 3624 3687 3698 4245 3784 3801 3903
3510 3495 3405 3687 3423 3027 3476 3203 3410 3238 3609 3399 3302 3396 3394 3386 3384 3374 3041 3215 3297 3384 3353 3137 3653 3664 3342 3383 3372 3404 3487 3202 3166 3335 3397 3397 3497 3103 3007 3353 3278 3447 3231 3303 3194 3575 3286 3353 3313 3224 3286 3332 3202 3398 3393 3286 3271 3369 3536 3325 3670 3150 3596 3217 3618 3281 3127 3279 3581 3287 3523 3527 3714 3217 3345 3156 3321 3210 3753 3658 3440 3204 3101 3655 3101 3334 3633 3195 3299 3612 3403 3397 3306 3355 3502 3371 3446 3446 3162 3293 3215 3013 3381 3476 3036 3460 3265 3181 3235 3435 3502 3261 3242 3558 3267 3176 3477 3476 3436 3048 3380 3585 3651 3137 3446 3584 3609 3653 3585 3744 3190 3472 3266 3285 3638 3410 3535 3634 3463 3478 3490 3434 3617 3648 3184 3200 3850 3444 3493 3255 3666 3423 3221 3352 3055 2851 3213 3374 3520 3407 3600 3504 3604 3453 3317 3341 2999 3309 3084 3422 3303 3266 3506 3104 3497 3013 3441 3303 3332 3586
3849 3694 3477 3976 3763 3116 3652 3532 3832 3410 3757 3672 3698 3522 3685 3515 3586 3527 3599 3476 3653 3506 3426 3322 3865 3964 3732 3651 3703 3482 3803 3232 3549 3739 3700 3646 3858 3492 3225 3586 3574 3569 3707 3578 3573 3695 3415 3558 3674 3573 3729 3646 3517 3814 3756 3587 3235 3802 3868 3797 3476 3398 4056 3378 3552 3623 3804 3403 3613 3718 3884 3692 3755 3513 3614 3752 3449 3590 3911 3911 4104 3427 3382 4051 3261 3507 3838 3491 3489 4136 3712 3285 3454 3767 3825 3759 3369 3646 3304 3657 3526 3515 3380 3874 3438 3826 3469 3504 3606 3611 3726 3414 3412 3652 3446 3463 3680 3968 3587 3633 3167 3676 3722 3083 3588 3768 3635 3680 3760 3849 3506 3458 3233 3472 3998 3486 3896 3766 3710 3607 3618 3443 3878 4003 3544 3362 4098 3641 3728 3566 3691 3544 3878 3471 3475 3368 3416 3656 3778 3518 3691 3499 3884 3692 3471 3757 3734 3654 3377 3618 3574 3780 3730 3206 3524 3303 3864 3402 3495 3661
4073 3780 3918 4061 3741 3202 3794 3294 3890 3757 3967 3637 3872 3847 3854 3830 3719 3595 3391 3401 3650 3440 3399 3307 3780 4016 3775 3632 3760 3566 3914 3488 3842 3500 3926 3468 3805 3475 3177 3601 3757 3853 3584 3801 3711 3845 3289 3897 4038 3818 3772 3614 3707 3764 3623 3502 3410 3694 3895 3891 3536 3570 3913 3466 3821 3651 3856 3478 3533 3650 3921 3939 3920 3671 3769 3833 3720 3585 3960 4043 3928 3425 3664 4188 3456 3420 3926 3523 3692 4163 3976 3337 3817 3759 3671 3880 3847 3595 3481 3948 3587 3603 3493 3697 3427 3968 3711 3634 3522 3572 3824 3545 3641 3712 3459 3558 3810 3842 3648 3517 3553 4110 3952 3627 3838 4045 3805 3598 3983 3943 3580 3774 3401 3372 3941 3585 3824 3853 3728 3800 3886 3637 4015 4180 3285 3564 4069 3940 3827 3477 4019 3467 3824 3523 3377 3610 3350 3632 3578 3663 3872 3809 3722 3843 3831 3847 3610 3590 3423 3581 3692 3628 3930 3285 3696 3477 3777 3718 3643 3859
3918 3983 3714 4292 3852 3219 3823 3779 3747 3645 4109 3905 3786 4211 3791 4013 3781 3796 3481 3544 3680 3785 3592 3411 4115 4024 4113 3699 4007 3766 4122 3329 3863 3650 3917 3749 4122 3525 3741 3574 3861 3751 3638 3834 3774 3733 3784 3873 3892 3940 4039 3808 4036 4019 4053 3745 3662 3912 3619 3997 3726 3568 4092 3549 3967 3851 3643 3449 4026 3808 4029 4161 3952 3622 3817 3810 3787 3599 4160 4143 4088 3720 3702 4040 3613 3575 3836 3693 3712 4310 3963 3561 3647 3870 3915 3760 3862 3862 3750 3953 3810 3539 3632 3894 3447 3851 3782 3794 3656 3861 3948 3771 3798 4053 3605 3745 3955 3833 3614 3761 3672 3876 4254 3580 3756 4012 3926 3739 4087 4051 3661 3770 3547 3483 3788 3550 3990 4094 3819 3636 3573 3758 4011 4236 3520 3545 4517 3852 4129 3439 3947 3715 4017 3505 3554 3627 3755 3724 3750 3748 3865 4004 3785 3894 3906 3683 3654 3721 3459 3791 3810 3839 3939 3616 3762 3665 3825 3867 3551 3853
4009 3997 3756 4054 3822 3131 3769 3620 3792 3198 4106 3718 3778 3811 3821 3701 3797 3707 3743 3403 3490 3654 3576 3188 3826 3947 3948 3745 3595 3701 3766 3472 3740 3636 3762 3714 3716 3135 3513 3529 3606 3849 3643 3708 3677 3765 3473 3488 3651 3718 3686 3775 3547 3860 3784 3712 3765 3774 3759 3721 3472 3472 3876 3350 3730 3709 3548 3591 3872 3762 3860 3693 3908 3414 3649 3794 3622 3342 3914 3955 4061 3646 3432 3992 3567 3533 3849 3546 3618 4035 3670 3405 3737 3964 4123 3584 3624 3650 3656 3793 3493 3458 3486 3760 3505 3884 3557 3747 3605 3578 4025 3343 3529 3899 3489 3736 3808 3975 3606 3534 3549 3757 3909 3483 3664 4134 3692 3887 4011 3950 3694 3626 3616 3299 3880 3757 3764 3875 3666 3896 3826 3530 3875 4198 3449 3359 4066 3944 3818 3604 3963 3560 3794 3450 3246 3450 3523 3660 3883 3644 3872 3888 3887 3540 3576 3610 3688 3917 3215 3607 3705 3787 3605 3247 3640 3519 3863 3524 3744 3855
3655 3673 3463 4084 3573 3120 3576 3628 3739 3295 3723 3574 3728 3584 3614 3630 3478 3511 3607 3505 3447 3649 3426 3238 3756 3933 3746 3472 3669 3685 3833 3350 3556 3504 3788 3560 3842 3406 3281 3418 3400 3963 3584 3606 3460 3712 3377 3632 3894 3601 3565 3689 3573 3649 3807 3442 3482 3685 3666 3581 3491 3318 3613 3350 3647 3461 3808 3411 3812 3535 3852 3726 3578 3452 3567 3575 3535 3513 4021 3904 3990 3575 3271 3956 3264 3617 3602 3362 3561 4052 3615 3285 3558 3450 3686 3648 3648 3820 3550 3707 3532 3269 3484 3640 3517 3949 3507 3583 3662 3621 3746 3300 3514 3720 3247 3579 3752 3638 3500 3382 3332 3742 3790 3171 3549 3827 3707 3698 3784 3912 3533 3634 3526 3538 3649 3574 3605 3947 3706 3540 3569 3466 3875 4015 3396 3395 3909 3813 3611 3372 4052 3636 3575 3305 3474 3223 3588 3661 3649 3557 3536 3725 3647 3632 3574 3700 3417 3725 3481 3435 3547 3539 3711 3174 3515 3320 3792 3707 3480 3523
3659 3543 3346 3939 3519 2945 3566 3436 3524 3111 3902 3600 3575 3599 3605 3472 3579 3492 3499 3087 3414 3422 3277 3081 3782 3734 3746 3436 3603 3559 3759 3283 3361 3468 3631 3664 3729 3232 3308 3453 3491 3624 3356 3564 3622 3612 3429 3486 3653 3486 3590 3522 3446 3541 3744 3543 3537 3697 3693 3432 3405 3256 3755 3428 3518 3701 3505 3403 3824 3590 3592 3659 3800 3456 3254 3484 3399 3429 3732 3790 3741 3308 3248 3688 3172 3461 3771 3518 3474 4031 3652 3348 3509 3753 3683 3577 3543 3675 3380 3444 3566 3256 3392 3770 3383 3586 3357 3640 3383 3597 3560 3280 3229 3837 3344 3361 3549 3580 3278 3547 3470 3454 3759 3279 3346 3998 3618 3810 3751 3694 3352 3377 3294 3349 3637 3675 3656 3600 3331 3508 3671 3613 3739 3839 3354 3344 3952 3675 3649 3291 3611 3498 3796 3267 3079 3107 3349 3537 3599 3364 3454 3622 3576 3398 3518 3434 3467 3370 3107 3478 3403 3353 3548 3356 3476 3217 3710 3435 3432 3485
3632 3658 3249 3863 3626 3172 3546 3203 3414 3362 4008 3656 3393 3476 3507 3404 3494 3488 3416 3285 3214 3479 3305 3237 3743 3876 3647 3392 3735 3407 3700 3357 3254 3290 3522 3498 3663 3062 3152 3341 3298 3680 3480 3395 3596 3668 3240 3571 3580 3673 3441 3415 3435 3669 3596 3545 3455 3741 3433 3468 3656 3221 3843 3295 3587 3602 3543 3409 3539 3536 3599 3745 3757 3056 3514 3322 3374 3188 3864 3767 3996 3477 3305 3595 3120 3298 3744 3258 3680 3775 3361 3408 3413 3535 3858 3534 3532 3601 3238 3741 3557 3405 3507 3667 3391 3606 3195 3688 3387 3355 3814 3165 3317 3827 3449 3519 3572 3632 3493 3316 3479 3465 3655 3404 3398 3648 3479 3581 3706 3809 3396 3527 3305 3365 3711 3510 3584 3738 3544 3703 3501 3376 3541 3994 3564 3295 3908 3383 3460 3370 3918 3359 3779 3202 3331 3332 3399 3366 3596 3168 3628 3689 3433 3563 3590 3486 3537 3534 3444 3405 3463 3371 3551 3288 3481 3276 3554 3472 3389 3825
3930 3809 3611 3989 3918 3314 3758 3413 3844 3334 4204 3977 3721 3740 3805 3818 3805 3914 3439 3552 3508 3521 3432 3313 3836 3986 4003 3569 4068 3653 4064 3338 3751 3642 3668 3638 3901 3562 3324 3655 3694 3954 3526 3838 4003 3890 3587 3955 3919 3775 3865 3686 3689 3890 3934 3629 3465 3824 3726 3940 3612 3401 3917 3478 3801 3935 3684 3575 3743 3654 3830 3909 4073 3778 3643 3791 3623 3436 3978 4026 4462 3662 3552 4075 3582 3528 4145 3469 3641 4228 3911 3496 3515 3758 3604 3671 3627 3900 3590 3865 3622 3601 3532 3920 3592 3847 3526 3784 3567 3690 3914 3703 3536 4023 3451 3798 3767 3755 3607 3843 3608 3575 4000 3631 3663 3999 3770 3559 4015 3959 3629 3929 3483 3484 3951 3732 3884 4073 3627 3777 3866 3627 4042 4147 3336 3435 3983 3783 3736 3510 4158 3441 3886 3530 3191 3467 3579 3852 3832 3564 3819 3769 3742 3576 3925 3802 3841 3505 3515 3713 3853 3674 3686 3597 3635 3488 3803 3560 3386 3708
3654 3860 3510 3848 3624 3335 3472 3374 3475 3269 3968 3622 3572 3728 3547 3685 3412 3583 3485 3402 3241 3579 3432 3220 3799 3724 3561 3641 3602 3417 3621 3252 3423 3492 3597 3469 3644 3212 3135 3306 3296 3739 3625 3439 3517 3712 3159 3721 3636 3527 3549 3503 3480 3328 3702 3498 3500 3563 3386 3718 3528 3335 3683 3198 3929 3643 3488 3401 3753 3486 3822 3644 3829 3555 3408 3296 3656 3262 3863 3910 3782 3497 3241 3702 3038 3322 3593 3520 3388 3848 3585 3324 3261 3558 3760 3419 3658 3621 3326 3553 3516 3237 3489 3646 3298 3513 3645 3429 3440 3650 3714 3529 3381 3820 3505 3344 3716 3297 3374 3506 3263 3565 3668 3310 3484 3802 3797 3601 3906 3797 3462 3456 3477 3281 3493 3582 3605 3904 3570 3689 3538 3502 3704 3841 3261 3345 3919 3692 3497 3374 3902 3490 3693 3604 3084 3490 3255 3593 3585 3412 3674 3750 3525 3764 3659 3640 3225 3537 3223 3665 3463 3602 3625 3149 3513 3445 3742 3583 3450 3665
3445 3758 3395 3937 3557 3131 3545 3222 3611 3083 3852 3574 3385 3737 3504 3620 3630 3302 3399 3209 3181 3364 3731 2913 3700 3824 3701 3569 3588 3381 3633 3010 3507 3357 3586 3550 3720 3228 3043 3280 3680 3654 3508 3552 3395 3658 3192 3378 3682 3603 3420 3514 3297 3729 3587 3537 3387 3473 3609 3601 3409 3313 3786 3246 3652 3523 3535 3172 3507 3420 3712 3663 3770 3248 3499 3409 3460 3384 3725 3888 3754 3471 2970 3992 3134 3387 3759 3362 3324 3794 3476 3129 3266 3608 3584 3508 3638 3630 3265 3548 3484 3387 3288 3556 3036 3466 3290 3479 3228 3435 3644 3201 3208 3852 3655 3400 3561 3706 3319 3379 3382 3683 3687 3253 3506 4057 3651 3470 3720 3571 3518 3506 3312 3387 3706 3468 3635 3724 3463 3808 3739 3509 3745 3862 3417 3308 3914 3625 3488 3354 3760 3676 3745 3463 3199 3063 3308 3567 3644 3251 3605 3499 3568 3595 3680 3477 3339 3559 3217 3485 3511 3463 3474 3136 3557 3224 3765 3022 3470 3615
3563 3595 3317 3852 3681 2945 3402 3433 3500 3370 3895 3381 3353 3554 3726 3385 3279 3248 3381 3301 3344 3365 3327 3087 3715 3810 3734 3365 3324 3242 3498 3166 3304 3037 3352 3452 3548 3047 3143 3235 3303 3570 3316 3540 3498 3423 3154 3200 3572 3526 3378 3330 3450 3475 3575 3292 3351 3499 3558 3415 3360 3306 3732 3135 3493 3280 3379 3033 3523 3445 3548 3549 3439 3339 3321 3383 3376 3131 3699 3633 3729 3380 3309 3454 3282 3290 3653 3229 3426 3694 3794 3216 3432 3461 3522 3348 3493 3478 3352 3451 3551 3274 3265 3577 3310 3607 3217 3359 3448 3257 3432 3390 3194 3827 3122 3390 3621 3499 3391 3103 3026 3483 3809 3402 3427 3702 3561 3477 3727 3707 3494 3359 3471 3410 3558 3267 3515 3944 3559 3411 3349 3224 3504 3974 3365 3097 3825 3593 3350 3301 3686 3324 3541 3254 3213 3194 3560 3480 3530 3249 3591 3514 3558 3332 3389 3356 3380 3574 3249 3283 3373 3462 3364 3122 3286 3187 3858 3295 3229 3418
3615 3630 3430 4024 3535 3102 3594 3334 3364 3336 3858 3444 3680 3611 3581 3430 3595 3449 3452 3302 3481 3370 3374 3158 3612 3879 3699 3543 3414 3457 3691 3313 3510 3540 3639 3541 3432 3315 3302 3346 3381 3559 3431 3293 3348 3622 3476 3365 3628 3166 3618 3435 3449 3474 3688 3373 3544 3508 3593 3578 3577 3266 3754 3296 3619 3672 3541 3289 3752 3297 3720 3834 3689 3191 3289 3485 3305 3304 4082 3778 3886 3437 3332 3584 3203 3399 3602 3601 3454 3935 3305 3407 3515 3535 3722 3350 3427 3406 3315 3442 3531 3304 3655 3644 3063 3536 3321 3481 3460 3616 3617 3362 3226 3792 3142 3313 3561 3539 3449 3332 3415 3637 3686 3238 3564 3741 3610 3523 3801 3619 3463 3485 3506 3505 3669 3314 3488 3726 3434 3381 3697 3511 3708 4017 3458 3169 3942 3600 3594 3688 3658 3473 3733 3427 3100 3366 3035 3409 3553 3338 3557 3726 3631 3552 3395 3489 3326 3552 3284 3545 3456 3567 3619 3169 3318 3231 3651 3538 3547 3597
3559 3805 3265 4173 3605 3066 3550 3305 3604 3331 4084 3667 3708 3573 3722 3476 3548 3524 3378 3262 3297 3532 3313 3177 3658 3727 3865 3632 3599 3663 3810 3321 3292 3769 3806 3552 3690 3456 3140 3461 3644 3635 3436 3733 3644 3894 3244 3384 3877 3552 3603 3462 3581 3629 3764 3434 3258 3611 3537 3615 3581 3353 3612 3444 3683 3660 3583 3375 3642 3570 3735 3561 3713 3206 3413 3410 3335 3249 3932 3789 3810 3627 3276 3941 3442 3194 3651 3383 3413 3890 3494 3065 3450 3552 3703 3560 3722 3684 3348 3556 3841 3409 3568 3790 3227 3615 3529 3735 3271 3448 3770 3333 3397 3835 3481 3680 3477 3423 3346 3258 3429 3694 3689 3364 3386 3871 3876 3572 3991 3832 3675 3628 3296 3437 3611 3443 3733 3708 3601 3541 3494 3440 3731 3976 3338 3432 3834 3688 3583 3457 3765 3477 3700 3346 3127 3412 3348 3527 3590 3436 3495 3659 3463 3394 3632 3669 3416 3399 3342 3451 3614 3575 3631 3278 3289 3287 3590 3606 3552 3558
3688 3798 3605 4042 3717 3010 3727 3299 3601 3307 3954 3573 3721 3563 3664 3672 3327 3472 3306 3280 3437 3531 3476 3112 3630 3907 3762 3530 3523 3668 3806 3504 3499 3589 3478 3586 3726 3316 3322 3600 3670 3560 3392 3573 3637 3705 3234 3842 3672 3552 3836 3637 3673 3730 3839 3434 3581 3645 3709 3692 3630 3263 3862 3445 3849 3649 3690 3452 3723 3681 3611 3688 3851 3622 3454 3511 3505 3377 3852 3912 3990 3589 3419 3794 3322 3277 3847 3665 3606 3699 3854 3533 3542 3673 3697 3486 3406 3747 3797 3770 3593 3428 3579 3702 3370 3476 3337 3529 3554 3468 3577 3262 3447 3735 3481 3699 3788 3584 3369 3396 3697 3698 3824 3506 3425 3600 3879 3642 4067 3842 3703 3464 3366 3461 3626 3520 3734 3932 3732 3680 3534 3642 4005 4076 3114 3336 3937 3529 3624 3613 3964 3344 3762 3331 3142 3459 3374 3619 3592 3508 3741 3616 3570 3430 3619 3642 3561 3458 3341 3512 3438 3679 3789 3401 3579 3422 3504 3574 3447 3628
3808 3850 3487 3917 3662 2796 3536 3485 3555 3172 3891 3602 3836 3630 3816 3541 3541 3621 3432 3354 3592 3551 3615 3101 3516 3824 3668 3530 3530 3228 3750 3227 3414 3039 3439 3639 3718 3391 3272 3431 3574 3697 3504 3650 3649 3744 3336 3574 3594 3761 3564 3448 3526 3639 3514 3417 3555 3640 3668 3690 3424 3289 3662 3288 3437 3420 3507 3286 3743 3423 3664 3662 3645 3488 3270 3579 3574 3414 3955 3855 3901 3546 3486 3800 3232 3569 3619 3602 3613 4043 3775 3487 3373 3602 3734 3437 3379 3652 3483 3799 3396 3372 3483 3722 3452 3566 3303 3531 3608 3535 3630 3456 3289 3909 3287 3430 3882 3636 3516 3281 3425 3538 3768 3125 3458 3769 3666 3666 3856 3709 3474 3268 3672 3316 3833 3663 3887 3869 3635 3682 3752 3406 3858 4097 3490 3271 3997 3582 3683 3488 3763 3430 3808 3189 3211 3301 3391 3704 3584 3452 3785 3706 3637 3806 3512 3583 3200 3526 3359 3646 3445 3605 3589 3240 3564 3356 3524 3485 3533 3857
3817 3754 3371 4249 3868 3087 3558 3224 3646 3269 3997 3525 3874 3826 3826 3559 3467 3764 3248 3280 3641 3410 3720 3188 3696 4068 3909 3579 3627 3524 3810 3397 3735 3642 3592 3626 3778 3274 3297 3426 3676 3674 3509 3721 3815 3721 3355 3622 3483 3510 3860 3393 3308 3883 3549 3430 3393 3821 3739 3447 3396 3409 3808 3345 3805 3727 3470 3339 3687 3782 3847 3625 3819 3395 3539 3745 3580 3256 4160 3832 3889 3554 3502 3919 3224 3401 3648 3529 3664 3929 3523 3133 3648 3581 3935 3705 3511 3573 3585 3775 3701 3476 3411 3860 3322 3603 3233 3816 3394 3627 3772 3343 3255 3723 3626 3512 3579 3813 3553 3304 3313 3743 3623 3441 3660 3924 3696 3543 3758 3851 3615 3567 3163 3351 3806 3493 3712 3741 3788 3680 3884 3552 3762 3842 3306 3502 3922 3642 3515 3560 3652 3487 3719 3341 3143 3414 3560 3586 3594 3402 3581 3990 3492 3738 3443 3689 3498 3591 3295 3583 3395 3504 3820 3553 3495 3350 3746 3463 3383 3663
3797 3925 3776 4184 3548 3103 3695 3365 3801 3302 4088 3654 4021 4105 3987 3754 3678 3515 3581 3408 3733 3538 3668 3362 3840 3920 3634 3865 3632 3772 4111 3631 3622 3636 3691 3742 3707 3370 3086 3714 3849 3672 3289 3795 3598 3791 3593 3826 3580 3624 3626 3779 3570 3643 3728 3570 3599 3673 3648 3676 3612 3550 3794 3472 3833 3842 3494 3446 3865 3588 3641 3753 4001 3556 3590 3710 3623 3597 4052 3945 4168 3728 3436 4056 3469 3736 3950 3533 3522 3982 3862 3473 3828 3668 3821 3597 3462 3789 3471 3859 3537 3502 3684 3740 3452 3548 3461 3637 3613 3563 3931 3596 3312 4001 3581 3682 3788 3910 3520 3506 3537 3625 3893 3351 3555 4151 3691 3832 3999 3901 3592 3729 3480 3568 3766 3617 3830 3912 3751 3693 3939 3820 3933 4148 3432 3364 4158 3853 3645 3518 4103 3554 3851 3381 3160 3366 3362 3914 3839 3584 3642 3907 3816 3840 3650 3802 3493 3622 3270 3527 3544 3652 3783 3413 3517 3409 3755 3465 3668 3874
3854 3626 3435 3889 3432 2989 3622 3271 3586 3338 4018 3596 3533 3758 3535 3664 3513 3546 3511 3304 3309 3529 3480 3302 3683 3779 3652 3554 3705 3360 3793 3193 3487 3755 3835 3391 3667 3263 3365 3294 3433 3620 3361 3496 3575 3708 3250 3483 3665 3397 3353 3681 3334 3814 3687 3499 3276 3590 3506 3413 3389 3402 3875 3354 3638 3609 3479 3415 3618 3702 3759 3613 3541 3174 3499 3555 3453 3385 3860 3608 3935 3633 3379 3696 3435 3524 3775 3462 3611 3799 3582 3262 3369 3543 3702 3404 3623 3583 3104 3596 3371 3391 3238 3690 3204 3697 3391 3469 3304 3409 3599 3391 3263 3849 3389 3563 3540 3690 3410 3455 3455 3640 3665 3264 3497 3932 3635 3314 3837 3893 3574 3647 3189 3268 3756 3610 3759 3697 3591 3577 3748 3364 3508 3766 3199 3359 3943 3780 3722 3478 3919 3440 3794 3363 3347 3171 3500 3527 3557 3517 3581 3696 3553 3684 3555 3541 3574 3742 3172 3538 3449 3439 3613 3253 3435 3400 3801 3476 3488 3524
3875 3775 3325 4120 3720 2903 3525 3431 3607 3522 4062 3642 3525 3716 3613 3781 3682 3564 3536 3270 3443 3382 3435 3265 3773 3793 3826 3422 3641 3371 3755 3344 3645 3591 3574 3692 3833 3164 3297 3560 3534 3622 3628 3646 3820 3600 3304 3566 3590 3662 3662 3606 3532 3518 3784 3474 3539 3684 3624 3523 3557 3364 3764 3317 3609 3763 3581 3351 3729 3782 3526 3717 3965 3541 3444 3581 3456 3452 3827 3757 3817 3440 3578 3802 3337 3584 3684 3584 3638 3941 3796 3368 3697 3681 3700 3622 3823 3664 3639 3542 3675 3434 3333 3803 3447 3576 3547 3573 3456 3451 3710 3323 3734 3883 3414 3605 3589 3523 3480 3283 3583 3757 3715 3401 3666 3765 3815 3646 3848 3794 3408 3543 3360 3204 3633 3478 3752 3899 3493 3705 3591 3519 3667 3975 3404 3341 4149 3781 3492 3530 3765 3408 3782 3373 3163 3417 3359 3455 3808 3468 3756 3698 3457 3523 3793 3792 3555 3629 3457 3391 3519 3569 3636 3381 3610 3475 3712 3460 3298 3638
3723 3681 3456 3749 3527 2916 3576 3320 3514 3273 3816 3549 3513 3651 3544 3588 3365 3444 3416 3177 3273 3230 3205 3024 3752 3514 3715 3552 3429 3300 3660 2880 3578 3321 3621 3422 3503 3192 3181 3227 3267 3608 3209 3335 3416 3560 3294 3587 3643 3598 3275 3764 3495 3482 3449 3249 3132 3717 3457 3239 3318 3365 3848 3188 3509 3589 3391 3146 3591 3425 3492 3718 3817 3464 3342 3441 3494 3327 3797 3781 3747 3510 3268 3834 3283 3294 3645 3534 3459 3979 3649 3173 3278 3615 3609 3467 3427 3502 3305 3272 3482 3270 3560 3505 3260 3645 3544 3392 3436 3503 3558 3487 3413 3705 3224 3345 3638 3583 3467 3282 3239 3492 3560 3206 3633 3683 3495 3617 3648 3782 3489 3217 3195 3397 3600 3539 3486 3666 3532 3584 3663 3472 3589 3807 3342 3131 3948 3445 3537 3259 3762 3489 3525 3340 3301 3180 3209 3540 3555 3285 3644 3661 3613 3463 3502 3502 3434 3591 3156 3250 3272 3633 3664 3243 3504 3273 3557 3343 3283 3594
3958 3847 3612 4192 3913 3250 3749 3441 3884 3444 3903 3579 3812 3872 3753 3706 3659 3786 3410 3555 3430 3583 3650 3412 3662 3851 3946 3646 3657 3827 3768 3460 3602 3734 3679 3726 3802 3362 3464 3540 3790 3653 3628 3530 3698 3791 3333 3638 3690 3587 3710 3700 3895 3650 3914 3362 3701 3750 3632 3513 3739 3655 4150 3627 3668 3917 3649 3358 3873 3897 3855 3850 3881 3437 3497 3875 3698 3574 3878 3980 3903 3810 3529 3906 3462 3432 3750 3487 3585 4072 3781 3464 3496 3829 3753 3453 3586 3807 3511 3629 3686 3381 3559 3788 3351 3786 3520 3677 3717 3521 3792 3489 3551 3521 3300 3617 3741 3644 3666 3311 3535 3701 3906 3415 3545 4095 4050 3873 3873 3825 3548 3600 3545 3345 3953 3543 3922 3742 3506 3658 3746 3660 3854 4144 3595 3340 4195 3980 3680 3604 4049 3739 3902 3458 3344 3476 3413 3506 3741 3582 3822 3524 3790 3742 3662 3859 3384 3710 3587 3654 3615 3979 3932 3452 3462 3518 3839 3541 3479 3703
3984 3826 3627 4097 3784 3522 3748 3596 3642 3493 4072 4007 3962 4056 3974 3904 3662 3824 3762 3705 3493 3542 3562 3197 3914 3921 4071 3731 3803 3759 4030 3560 3683 3495 3908 3978 4059 3438 3672 3667 3993 3869 3731 3973 3606 3976 3673 3698 3983 3903 3873 3568 3712 3854 4156 3794 3501 3880 3856 3861 3617 3647 4020 3603 3839 3905 3700 3460 4035 3854 3781 3996 4111 3694 3893 3724 3670 3799 4072 4063 4001 3856 3439 4147 3515 3535 4148 3736 3580 4282 4087 3476 3809 4049 3938 3630 3844 3823 3613 3891 3728 3561 3620 3949 3591 3895 3633 3679 3424 3661 3927 3710 3471 4090 3509 3694 4160 3921 3392 3596 3500 3691 4123 3499 3750 4086 3798 3837 4160 3942 3793 3718 3372 3607 3803 3867 3929 4099 3901 3673 3708 3565 4150 4145 3389 3554 4258 4111 3895 3609 3969 3891 3824 3565 3287 3464 3670 3812 3882 3621 3837 4039 3783 3817 3745 3752 3739 3580 3290 3708 3836 3804 3871 3660 3672 3628 3979 3601 3580 3831
4120 3942 3731 4069 3993 3119 3931 3457 3957 3620 4018 3792 3964 3973 4089 3923 3983 3782 3643 3424 3756 3561 3559 3472 3960 3974 4006 3799 3758 3942 3911 3596 3740 3657 3722 3937 3885 3628 3638 3681 3783 4003 3895 3882 3822 3885 3724 3847 4161 3959 3821 4013 3769 3918 4033 3532 3630 4088 3846 4063 3665 3529 4104 3404 3727 3716 3901 3661 3795 3825 4053 3900 3942 3650 3740 3833 3706 3697 4258 4089 4020 3923 3685 4037 3635 3610 3856 3858 3773 4018 3750 3518 3745 3837 4136 3872 3929 3964 3586 4088 3778 3706 3676 3802 3645 4038 3699 3806 3614 4044 3904 3454 3694 4081 3623 3823 3885 3853 3442 3612 3621 4061 4063 3610 3864 4086 4036 3681 4113 4134 3877 3772 3822 3763 4217 3703 4014 4011 3637 3895 3636 3599 4028 4219 3414 3526 4180 3932 3775 3772 4112 3725 4073 3586 3636 3535 3548 3797 3837 3682 4023 3977 3846 3635 3889 4106 3693 3857 3618 3764 3780 3881 3858 3414 3717 3462 4044 3888 3618 3821
3598 3544 3367 3727 3629 3207 3543 3298 3359 3176 3657 3499 3370 3381 3608 3493 3538 3371 3447 3171 3238 3278 3501 3028 3751 3800 3585 3577 3739 3451 3545 3331 3610 3282 3441 3488 3685 3052 3317 3279 3564 3520 3399 3577 3458 3467 3228 3397 3584 3509 3591 3572 3164 3489 3798 3571 3362 3778 3591 3521 3301 3395 3779 3162 3498 3668 3564 3469 3546 3461 3698 3734 3701 3527 3481 3409 3382 3356 3791 3800 3686 3359 3202 3645 3242 3388 3765 3495 3638 3806 3651 3222 3656 3484 3812 3529 3475 3730 3485 3328 3523 3337 3300 3575 3283 3519 3326 3339 3311 3427 3426 3105 3260 3794 3532 3488 3537 3712 3259 3478 3432 3553 3562 3284 3670 3700 3602 3551 3750 3804 3475 3663 3206 3207 3794 3537 3688 3746 3459 3506 3697 3552 3766 3877 3357 3293 4093 3517 3483 3409 3677 3461 3772 3431 3208 3157 3485 3488 3583 3332 3566 3741 3495 3402 3420 3586 3595 3404 3284 3476 3512 3460 3659 3216 3431 3369 3556 3383 3437 3442
3824 3993 3603 4109 3735 3324 3736 3430 3661 3439 3935 3546 4042 3856 3937 3811 3920 3632 3870 3301 3511 3611 3673 3176 3904 4262 3887 3568 4018 3764 3974 3464 3704 3556 3977 3951 3838 3429 3580 3612 3613 3843 3720 3711 3742 3847 3656 3560 3950 3854 3612 3752 3699 3811 3940 3823 3632 3855 3915 3801 3690 3484 3943 3635 3643 3765 3835 3566 3923 3708 3908 3682 4058 3538 3622 3788 3479 3627 4005 4012 4103 3696 3316 4095 3720 3704 4010 3537 3592 4247 3828 3538 3797 3653 3807 3843 3713 3913 3551 3681 3736 3574 3555 3710 3625 3824 3766 3611 3508 3730 3865 3326 3493 4044 3516 3684 3602 3857 3601 3656 3509 3761 4098 3421 3760 4042 3839 3865 3984 3906 3738 3833 3518 3598 3988 3614 3907 3874 3671 3931 3935 3551 4127 4106 3564 3513 4089 3923 3818 3640 4018 3755 3870 3665 3254 3204 3403 3692 3880 3525 3777 4089 3486 3891 3667 3672 3768 3888 3344 3576 3754 3891 3762 3360 3629 3532 3911 3518 3781 3838
3667 3827 3616 4107 3486 3076 3693 3525 3700 3300 3997 3705 3466 3854 3504 3548 3574 3558 3337 3446 3532 3485 3411 3241 3651 3946 3534 3658 3631 3543 3686 3267 3614 3546 3679 3392 3631 3313 3467 3352 3621 3766 3428 3734 3711 3572 3348 3350 3847 3321 3629 3655 3395 3883 3771 3561 3434 3555 3425 3501 3460 3376 3878 3332 3696 3705 3629 3328 3749 3479 3842 3826 3684 3277 3575 3536 3309 3310 3827 3769 3871 3315 3279 3801 3371 3433 3746 3515 3691 3911 3546 3304 3529 3589 3935 3698 3588 3610 3379 3566 3579 3314 3326 3668 3265 3648 3602 3523 3513 3481 3738 3431 3418 3983 3492 3493 3544 3578 3414 3495 3630 3620 3832 3347 3694 3896 3705 3451 3809 3869 3437 3501 3301 3053 3728 3473 3743 3685 3655 3782 3458 3608 3933 3976 3363 3223 3891 3744 3620 3384 3806 3700 3846 3300 3210 3452 3286 3712 3558 3457 3600 3846 3360 3550 3611 3509 3528 3700 3123 3469 3385 3547 3546 3151 3442 3427 3590 3418 3460 3631
3842 3743 3564 4089 3692 3157 3663 3204 3364 3317 3985 3500 3581 3619 3771 3474 3633 3709 3451 3132 3360 3427 3494 3024 3535 3789 3824 3528 3786 3704 3595 3381 3394 3535 3530 3476 3442 3269 3254 3540 3627 3500 3601 3527 3438 3601 3421 3450 3792 3695 3531 3499 3724 3336 3721 3476 3485 3843 3736 3401 3438 3474 3742 3479 3847 3578 3388 3322 3539 3468 3681 3507 3718 3534 3447 3358 3557 3507 4036 3783 3714 3635 3395 3807 3360 3224 3736 3564 3490 3963 3803 3377 3631 3495 3629 3295 3755 3464 3374 3644 3575 3151 3277 3666 3324 3484 3409 3557 3442 3517 3758 3193 3381 3751 3276 3336 3640 3657 3364 3405 3454 3550 3741 3325 3648 3903 3668 3466 3969 3534 3480 3729 3542 3406 3611 3546 3626 3798 3535 3466 3777 3418 3831 3952 3307 3415 3951 3843 3410 3448 4018 3254 3630 3325 3171 3187 3278 3528 3942 3463 3739 3829 3822 3740 3444 3603 3495 3525 3417 3459 3587 3723 3652 3147 3417 3504 3777 3537 3512 3656
3065 3383 3099 3506 3269 2533 3165 3091 3132 2933 3518 3149 3148 3210 3195 3154 3049 3106 3039 2890 2904 2843 3028 2841 3361 3263 3320 3154 3034 3069 3114 2879 3226 3039 3222 3196 3137 2912 2966 3135 3131 3282 3040 3124 3167 3151 2969 2890 3319 3001 3133 3055 3026 3164 3308 3150 3006 3096 2953 3131 2940 2976 3417 2835 3175 3101 3117 2902 3102 3028 3288 3238 3283 2954 3208 3195 3061 2968 3477 3306 3240 3110 3073 3283 2937 2957 3335 3226 3028 3475 3219 2885 3194 3130 3293 3052 3159 3137 2986 3214 3081 2780 3061 3263 2890 3149 3053 3054 3099 3104 3217 3184 3016 3244 2894 2964 3366 3172 2955 2993 3004 3273 3363 2999 3153 3401 3191 3012 3372 3265 3098 3138 2853 2969 3321 2864 3098 3429 3306 3084 3127 3009 3276 3611 3098 2834 3446 3219 3065 3185 3264 2957 3360 2935 2948 2937 2953 3221 3305 3065 3197 3210 3010 3018 3027 3220 2958 3209 2824 3080 3118 3149 3279 2831 3008 2980 3231 3028 3026 3089
3694 3799 3561 4047 3598 3252 3666 3311 3430 3264 3983 3694 3981 3684 3805 3729 3618 3676 3453 3486 3515 3431 3521 3081 3807 4001 3653 3758 3796 3675 3532 3373 3592 3582 3739 3749 3637 3150 3085 3515 3540 3557 3452 3658 3658 3648 3223 3548 3486 3780 3853 3512 3664 3518 3796 3654 3515 3720 3873 3704 3593 3500 3676 3498 3612 3818 3395 3466 3577 3776 3723 3750 3823 3652 3473 3605 3626 3382 3816 3760 4101 3620 3313 3750 3276 3570 3669 3539 3562 3791 3547 3232 3672 3747 3871 3434 3393 3800 3553 3795 3364 3400 3263 3872 3444 3703 3539 3648 3251 3629 3858 3282 3377 3715 3395 3443 3818 3792 3523 3584 3313 3516 3786 3290 3566 3802 3770 3841 3787 3782 3719 3537 3373 3306 3776 3572 3886 3756 3643 3724 3735 3699 3849 3942 3343 3426 3960 3386 3482 3443 3890 3446 3725 3396 3312 3378 3403 3601 3585 3540 3753 3683 3495 3629 3458 3671 3618 3655 3225 3460 3492 3564 3825 3364 3597 3447 3506 3527 3523 3766
3645 3780 3528 4074 3552 3150 3795 3353 3588 3136 4038 3787 3585 3642 3433 3519 3501 3763 3125 3365 3251 3359 3350 3018 3485 3691 3688 3571 3527 3560 3727 3276 3687 3533 3692 3589 3577 3326 3175 3232 3630 3494 3444 3572 3865 3501 3231 3501 3825 3417 3608 3530 3573 3630 3538 3426 3527 3675 3374 3462 3468 3429 3568 3532 3614 3539 3520 3333 3694 3493 3526 3814 3665 3293 3354 3231 3678 3101 3834 3905 3785 3450 3322 3872 3359 3211 3817 3513 3418 3824 3480 3104 3607 3629 3638 3397 3670 3679 3299 3616 3719 3310 3299 3740 3313 3540 3456 3368 3384 3401 3662 3368 3302 3946 3263 3196 3688 3651 3260 3620 3533 3740 3625 3244 3493 3818 3764 3389 3893 3727 3493 3671 3544 3304 3794 3480 3668 3748 3604 3470 3657 3528 3776 4080 3453 3193 3956 3642 3510 3587 3883 3675 3574 3454 3207 3150 3146 3881 3582 3279 3520 3759 3405 3665 3438 3607 3403 3395 3285 3352 3548 3452 3582 3188 3512 3450 3965 3481 3560 3726
3939 4260 3925 4178 4022 3178 3784 3534 3978 3459 4156 3980 3950 3874 3780 3937 3842 3899 3522 3646 3746 3829 3702 3529 4018 4190 3871 3765 3749 4051 3788 3607 3780 3671 3949 3782 4022 3641 3530 3622 3834 3920 3894 3644 3766 3931 3444 3825 3884 3850 4014 3941 3843 3969 3926 3859 3705 3997 3899 3976 3839 3605 4166 3541 3866 3891 3805 3491 4017 3804 4017 4032 4104 3754 3852 3965 3721 3620 4065 4374 4167 3690 3354 4445 3573 3592 4193 3654 3772 4111 3947 3671 3869 4001 4048 3816 3880 3903 3732 3959 3718 3782 3692 3898 3655 3968 3698 3789 3543 3671 3908 3513 3748 3888 3614 3529 3834 3754 3825 3687 3725 4075 4198 3459 3980 4116 3999 4030 4061 4217 3608 3802 3596 3418 4301 3580 4145 3919 4030 3998 3813 3755 4058 4300 3770 3471 4243 4159 3946 3713 4075 3767 4028 3648 3397 3661 3608 3909 3929 3867 4064 3960 4029 3867 3806 3796 3603 3830 3353 3723 3815 3810 3887 3564 3839 3690 3710 3614 3840 4058
4015 3867 3784 3990 3756 3151 3784 3466 3688 3516 4009 3640 3760 3821 3741 3951 3677 3575 3493 3540 3556 3550 3362 3228 3893 3968 3988 3696 3721 3646 3919 3519 3716 3474 3717 3668 3888 3276 2931 3536 3396 3976 3780 3705 3906 3821 3273 3448 3942 3831 3762 3880 3644 3693 3739 3693 3699 3852 3506 3573 3278 3656 3872 3428 3771 3713 3615 3546 3872 3589 3775 3901 4133 3771 3561 3423 3841 3385 4022 4024 4075 3603 3350 4167 3430 3580 3752 3577 3633 3938 3986 3486 3752 3768 3798 3935 3738 4112 3518 3684 3623 3426 3615 3750 3696 3787 3651 3573 3721 3554 3804 3405 3548 4268 3406 3666 3748 3887 3887 3756 3527 3616 3782 3770 3956 4027 3791 3695 3865 3879 3504 3761 3543 3482 4147 3719 3793 3928 3621 3633 3788 3623 3953 4477 3613 3435 4272 3673 3587 3463 4002 3717 3562 3423 3396 3342 3508 3803 3779 3423 3906 3821 3453 3808 3667 3654 3442 3604 3299 3452 3764 3741 3929 3314 3721 3566 3905 3575 3493 3782
3369 3671 3377 3596 3471 2937 3311 3053 3426 3057 3387 3313 3448 3447 3354 3443 3284 3225 3108 2862 3358 3227 3147 3063 3358 3674 3605 3388 3262 3243 3513 3323 3427 3152 3468 3133 3323 3132 2932 3309 3294 3327 3281 3267 3421 3213 3066 3300 3597 3495 3169 3635 3401 3347 3379 3248 3271 3288 3447 3436 3063 3222 3428 3102 3517 3388 3303 2928 3676 3180 3392 3287 3495 3046 3092 3339 3232 3135 3363 3645 3663 3281 3106 3647 3213 3085 3269 3329 3355 3553 3517 3003 3409 3456 3404 3454 3331 3311 3132 3390 3417 3073 3189 3299 2986 3313 3212 3109 3338 3342 3561 2878 2906 3483 3131 3266 3440 3602 3208 3383 2968 3395 3529 3150 3491 3678 3422 3368 3581 3539 3242 3421 3166 3043 3447 2898 3589 3595 3438 3468 3370 3178 3496 3763 3035 3264 3625 3357 3221 3070 3613 3247 3558 3079 2933 2938 3183 3473 3486 3241 3463 3555 3355 3421 3181 3359 3196 3235 2911 3223 3148 3522 3449 3062 3266 3059 3387 3180 3242 3381
3605 3873 3358 3870 3517 3089 3479 3252 3451 3127 3841 3509 3592 3629 3567 3504 3569 3501 3139 3210 3347 3502 3411 3163 3598 3714 3695 3561 3603 3663 3597 3225 3252 3262 3563 3494 3625 3237 3110 3169 3552 3629 3560 3676 3431 3447 3045 3380 3528 3464 3552 3270 3397 3569 3636 3481 3236 3690 3575 3550 3477 2990 3680 3458 3585 3540 3433 3084 3461 3605 3603 3713 3788 3284 3461 3350 3404 3160 3850 3841 3701 3460 3342 3694 3388 3155 3612 3288 3311 3764 3592 3234 3451 3302 3409 3583 3526 3641 3289 3692 3595 3385 3363 3833 3163 3499 3204 3437 3270 3333 3435 3133 3399 3611 3127 3338 3427 3639 3484 3435 3559 3435 3667 3375 3618 3873 3680 3649 3781 3682 3212 3479 3461 3123 3593 3466 3610 3662 3393 3700 3560 3239 3683 3769 3209 3294 4000 3650 3635 3327 3544 3282 3661 3287 3167 2990 3472 3282 3531 3258 3559 3646 3707 3579 3341 3461 3321 3315 3217 3583 3481 3468 3555 3260 3400 3441 3424 3344 3531 3496
3825 3697 3654 4167 3774 3199 3867 3548 3800 3458 4123 3582 3711 3881 3756 3647 3445 3777 3409 3279 3413 3319 3591 3034 3833 3950 3743 3930 3608 3469 3842 3462 3457 3368 3752 3705 3955 3469 3276 3573 3658 3783 3439 3692 3598 3790 3381 3679 3967 3639 3582 3755 3624 3849 3590 3477 3526 3836 3773 3726 3776 3461 3731 3528 4045 3876 3683 3397 3846 3564 3787 3725 3957 3430 3544 3548 3620 3255 4047 3934 4048 3506 3507 3941 3746 3391 3941 3562 3738 4300 3693 3445 3535 3608 3662 3851 3798 3981 3633 3835 3766 3335 3811 4004 3344 3571 3496 3868 3488 3578 3948 3381 3475 4046 3436 3529 3577 3662 3735 3427 3595 3823 3875 3481 3378 3839 3927 3875 3919 3950 3569 3804 3658 3474 3727 3649 3762 3847 3706 3551 3889 3627 3937 4168 3714 3384 4319 4060 3855 3723 3935 3571 3613 3359 3270 3543 3414 3714 3817 3556 3729 3900 3623 3739 3672 3487 3394 3511 3640 3541 3607 3436 3750 3277 3569 3487 3718 3715 3523 3950
3671 3818 3562 4083 3399 3224 3656 3368 3525 3188 3861 3512 3435 3743 3558 3523 3456 3571 3430 3467 3329 3368 3353 3158 3751 3748 3742 3710 3560 3774 3715 3197 3607 3558 3642 3215 3604 3338 3286 3381 3497 3666 3285 3474 3513 3668 3574 3488 3711 3445 3415 3664 3624 3699 3634 3527 3453 3691 3634 3451 3596 3433 3773 3227 3671 3701 3346 3445 3669 3476 3801 3695 3889 3412 3581 3483 3428 3288 3856 3986 4000 3502 3312 3767 3304 3531 3941 3486 3638 4174 3589 3346 3459 3448 3569 3531 3474 3667 3277 3602 3337 3382 3374 3730 3326 3690 3486 3550 3439 3507 3624 3640 3241 3857 3487 3455 3597 3653 3535 3320 3611 3526 3812 3320 3608 3916 3689 3580 3814 3767 3447 3634 3337 3252 3615 3786 3543 3735 3395 3500 3757 3486 3862 4064 3375 3345 3894 3523 3561 3403 3918 3671 3535 3365 3293 3189 3354 3629 3549 3489 3718 3755 3594 3571 3529 3571 3606 3602 3083 3570 3385 3475 3720 3133 3721 3426 3597 3382 3362 3574
3901 4009 3646 4223 3844 3128 3656 3239 3586 3599 4180 3880 3694 3892 3773 3939 3584 3711 3614 3378 3647 3433 3697 3211 4029 4075 4124 3681 3861 3644 3870 3354 3846 3660 3937 3550 3831 3445 3338 3474 3567 3908 3459 3736 3819 3855 3309 3807 3804 3874 3685 3938 3588 3782 3754 3650 3449 3789 3945 3719 3676 3507 3681 3626 3798 3971 3594 3709 3818 3667 3889 3711 3835 3721 3461 3776 3661 3403 4024 4012 4167 3711 3509 3857 3611 3720 3836 3678 3846 4220 3842 3434 3774 3557 3824 3753 3738 3966 3386 3822 3704 3569 3762 4088 3528 3744 3580 3835 3701 3495 3843 3464 3523 4053 3504 3676 3706 3787 3692 3692 3410 3715 4016 3486 3638 3756 4089 3753 3789 3971 3643 3763 3613 3554 3918 3665 3928 4014 3740 3705 4015 3611 3846 4282 3578 3805 4149 3815 3636 3617 3973 3404 3769 3440 3451 3437 3447 3723 3704 3525 3852 3869 3726 3636 3769 3726 3369 3606 3430 3616 3622 3568 3696 3300 3629 3595 3882 3534 3662 3899
4114 3903 3858 4217 3857 3288 4048 3531 3835 3558 4115 4030 3792 3907 3861 3954 3839 4030 3645 3830 3412 3677 3758 3412 3980 4155 3951 3951 3865 3852 3996 3564 3583 3703 3765 3815 3907 3424 3434 3725 3847 4005 3913 3855 3839 4007 3647 3837 4099 3873 3925 3695 4015 3889 4030 3723 3649 4009 3827 3946 3804 3727 4088 3600 3685 4039 3688 3670 4039 3720 4078 3946 3978 3826 3892 3678 3742 3474 4285 4192 4088 3721 3393 4055 3557 3525 3913 3884 3714 4233 3973 3567 3887 3971 4094 3785 3773 4080 3708 4023 3733 3697 3658 4101 3533 4004 3695 3651 3615 3835 3893 3682 3514 4081 3588 3787 4147 3993 3681 3537 3739 3907 4113 3424 3815 4256 4180 3842 4070 4165 3629 3691 3604 3575 4037 4008 4017 4112 3861 3881 3959 3982 4106 4416 3502 3449 4369 4096 3702 3728 4153 3792 3976 3528 3602 3552 3596 3955 3834 3584 4054 4234 3733 3996 3699 3837 3659 3818 3476 3815 3859 3890 3981 3183 3776 3658 4102 3711 3787 3992
3827 3798 3344 4032 3725 3214 3779 3465 3772 3326 4023 3695 3524 3724 3726 3629 3600 3472 3475 3529 3501 3551 3864 3222 3856 3828 3609 3548 3518 3599 3972 3360 3460 3493 3762 3472 3820 3243 3205 3324 3606 3772 3566 3692 3810 3722 3326 3536 3717 3823 3714 3693 3553 3583 3829 3636 3546 3673 3775 3796 3419 3317 4073 3312 3707 3630 3579 3299 3716 3675 3585 3697 3694 3346 3545 3649 3578 3374 3908 3945 4007 3608 3400 3886 3287 3745 3591 3495 3727 3907 3521 3456 3481 3715 4018 3598 3623 3607 3592 3702 3608 3432 3382 3716 3477 3668 3385 3711 3534 3505 3837 3530 3195 3966 3557 3536 3729 3876 3622 3448 3469 3633 3744 3526 3677 3972 3757 3659 3741 3709 3617 3538 3487 3396 4097 3697 3788 3853 3442 3699 3750 3423 3740 4008 3504 3558 4089 3623 3556 3425 3992 3467 3745 3479 3258 3118 3422 3475 3731 3494 3635 3585 3703 3536 3796 3623 3567 3694 3336 3756 3468 3669 3678 3236 3588 3527 3843 3453 3557 3651
3827 3908 3697 4069 3808 3109 3574 3424 3661 3274 4074 3557 3795 3772 3734 3663 3911 3604 3261 3229 3500 3359 3456 3478 3765 3852 3914 3568 3757 3680 3895 3293 3703 3622 3822 3691 3689 3480 3251 3509 3593 3777 3453 3748 3782 3576 3420 3555 3701 3684 3820 3717 3776 3734 3806 3427 3752 3795 3496 3679 3637 3578 3944 3503 3683 3788 3548 3282 3720 3729 3878 3909 3759 3360 3852 3792 3591 3382 3981 3940 3965 3543 3465 3913 3513 3415 3601 3370 3590 4283 3750 3331 3676 3674 3775 3580 3733 3901 3659 3683 3524 3393 3665 3741 3229 3730 3597 3678 3703 3640 3646 3540 3712 3889 3522 3681 3475 3544 3627 3408 3608 3798 4030 3378 3726 4058 3872 3624 3867 4092 3544 3702 3577 3191 3616 3481 3987 3834 3598 3894 3716 3742 3699 4134 3549 3374 4166 3772 3627 3653 3839 3710 3824 3337 3453 3474 3458 3747 3821 3782 3666 3993 3656 3675 3684 3819 3508 3661 3506 3593 3723 3592 3854 3420 3690 3624 3690 3599 3257 3661
3841 3688 3555 3894 3714 3057 3607 3557 3647 3504 4224 3588 3661 3881 3701 3830 3668 3730 3525 3460 3549 3311 3460 3119 3769 4071 3644 3563 3630 3426 3740 3347 3492 3538 3757 3521 3765 3406 3189 3572 3550 3625 3481 3587 3917 3783 3379 3687 3852 3546 3543 3669 3619 3718 3537 3497 3546 3642 3491 3706 3516 3526 3739 3429 3655 3554 3625 3373 3634 3704 3599 3572 3626 3403 3439 3445 3612 3605 3718 3881 3977 3763 3357 3965 3316 3439 3621 3710 3670 3900 3685 3382 3559 3454 3826 3574 3782 3574 3636 3615 3649 3557 3436 3654 3405 3631 3649 3575 3334 3551 3649 3632 3521 3958 3383 3346 3556 3722 3569 3426 3454 3703 3760 3601 3649 3897 3672 3392 3869 3868 3640 3693 3273 3432 3759 3429 3700 3917 3586 3807 3766 3520 3576 4118 3395 3293 3996 3756 3603 3460 3877 3652 3789 3429 3151 3232 3480 3635 3800 3326 3850 3773 3324 3724 3505 3552 3372 3660 3200 3584 3547 3541 3794 3095 3512 3537 3903 3497 3473 3440
3499 3733 3399 3691 3574 2878 3508 3164 3592 3268 3854 3330 3601 3597 3519 3519 3578 3176 3381 3107 3265 3346 3435 3242 3431 3640 3581 3510 3600 3550 3480 3379 3380 3383 3630 3565 3617 3018 3356 3405 3451 3490 3539 3656 3358 3480 3149 3513 3780 3316 3461 3698 3327 3600 3505 3182 3383 3789 3351 3632 3260 3152 3538 3209 3589 3542 3606 3382 3636 3472 3499 3683 3528 3141 3367 3386 3262 3287 3791 3623 3675 3372 3467 3514 3308 3443 3369 3464 3601 3603 3516 3074 3460 3545 3638 3584 3565 3715 3388 3690 3331 3168 3389 3635 3221 3638 3548 3507 3375 3607 3488 3031 3501 3560 3216 3406 3432 3503 3195 3089 3349 3532 3499 3379 3663 3819 3641 3533 3808 3653 3509 3559 3031 3129 3300 3474 3751 3810 3426 3729 3576 3633 3632 3835 3338 3331 4043 3415 3422 3231 3805 3427 3765 3328 3138 3176 3276 3565 3555 3426 3431 3839 3528 3291 3625 3321 3344 3605 3105 3365 3472 3509 3727 3139 3264 3346 3531 3342 3451 3343
3715 3792 3629 4058 3834 3362 3671 3517 3684 3415 4103 3550 3664 3653 3835 3692 3556 3648 3643 3610 3309 3567 3663 3217 3817 3878 3955 3738 3660 3801 3850 3481 3800 3575 3803 3702 3966 3370 3245 3576 3867 3777 3503 3676 3832 3915 3430 3717 3766 3713 3635 3668 3778 3908 3850 3566 3626 3870 3535 3550 3515 3487 3917 3384 3807 3994 3777 3447 3812 3659 3858 3819 3810 3451 3439 3570 3624 3440 3975 3892 4063 3830 3436 3952 3533 3660 3736 3450 3579 4110 3941 3308 3527 3599 3705 3914 3629 3795 3378 3806 3842 3440 3767 3962 3351 3833 3614 3751 3607 3547 3830 3418 3471 4070 3620 3850 3690 3780 3623 3453 3439 3696 3784 3614 3637 3838 3570 3602 4174 3953 3787 3791 3461 3561 3779 3503 3930 3873 3729 3689 3824 3744 3805 4266 3581 3519 4270 3718 3651 3527 4023 3952 3824 3538 3281 3564 3529 3783 3829 3503 3847 3932 3643 3831 3690 3608 3664 3601 3419 3731 3594 3706 3912 3340 3675 3454 3937 3329 3590 3714
4127 4232 3832 4389 4063 3186 3927 3731 3967 3750 4399 3869 3959 4030 3929 3801 4061 3995 3614 3713 3717 4001 3871 3342 3964 4247 4188 3740 3993 4042 4169 3512 3819 3821 3957 3931 4020 3622 3521 3475 3865 4125 3871 3864 4072 4081 3628 3953 4074 3915 4014 3875 3905 4123 4093 3741 4155 4093 3963 3984 3713 3826 4164 3703 4040 3891 4000 3544 3809 3856 4144 4079 3953 3517 3856 3912 3929 3750 4254 4197 3986 3820 3785 4384 3796 3734 4119 3690 3881 4288 3851 3738 3796 4021 4184 3823 4062 3915 3743 4125 3775 3759 3681 4188 3792 4228 3731 4036 3956 3911 4047 3765 3809 3998 3500 3852 3989 4049 3786 3632 3655 4106 4113 3667 4005 4298 4192 3903 4175 4403 3797 3880 4003 3634 4116 3709 4136 4114 3905 4030 3998 3636 4143 4416 3749 3670 4410 3902 3976 3671 4181 4008 3968 3745 3673 3469 3830 3928 4020 3948 4011 3996 3957 3796 4068 3928 3774 3975 3731 3824 3906 3857 3942 3499 4066 3810 4197 4016 3560 3995
4077 4102 3851 4319 4182 3308 4055 3731 4089 3709 4294 3790 3916 3890 4029 4012 3920 3792 3582 3702 3743 3643 3679 3434 4055 4288 3999 3671 3770 3642 3922 3443 3914 3755 3890 4040 4136 3541 3618 3610 3948 4053 3872 3885 3884 3970 3656 3942 3928 3602 3894 3792 3716 3977 3899 3667 3766 4027 3849 4160 3865 3635 4249 3605 3989 3952 4014 3565 3850 3856 4138 4069 4157 3711 3562 3896 3651 3695 4084 4301 4225 3940 3603 4196 3695 3862 4060 3880 3759 4357 4091 3610 3680 3960 3887 3671 3832 3965 3827 4024 3714 3793 3762 4000 3481 3869 3789 3718 3719 3782 3984 3577 3635 4146 3444 3953 3980 4046 3808 3892 3663 3981 4046 3632 3854 4163 3796 3837 4154 3777 4076 3995 3617 3678 4156 3726 4135 4142 4042 3862 3718 3629 4090 4288 3538 3416 4285 4066 3990 3874 4127 3834 4017 3643 3475 3579 3708 3860 4101 3590 3994 3824 3881 3861 3980 3795 3733 3845 3612 3768 3852 4090 4084 3799 3760 3707 3941 3736 3708 3682
3516 3490 3354 4049 3434 2940 3268 3234 3468 3286 3578 3520 3479 3669 3479 3472 3267 3248 3238 3146 3289 3307 3148 3036 3457 3652 3523 3561 3554 3525 3350 3294 3290 3209 3509 3671 3741 3060 3323 3295 3431 3366 3239 3563 3219 3410 3136 3230 3535 3477 3266 3540 3326 3470 3428 3104 3145 3628 3486 3437 3194 3289 3508 3315 3545 3636 3458 3059 3679 3380 3496 3563 3387 3237 3409 3370 3263 3084 3730 3673 3652 3352 3027 3764 3256 3226 3495 3164 3353 3822 3409 3027 3502 3490 3518 3448 3591 3381 3323 3487 3459 3289 3212 3595 3200 3506 3340 3441 3167 3343 3495 3110 3405 3546 3127 3331 3402 3609 3310 3134 3138 3506 3630 3155 3412 3781 3609 3351 3576 3605 3393 3372 3160 3060 3397 3436 3559 3688 3673 3469 3610 3557 3613 3765 3291 3196 3809 3583 3217 3252 3770 3330 3366 3097 3131 3225 3199 3396 3639 3373 3428 3686 3347 3486 3162 3417 3352 3367 3236 3291 3449 3516 3386 3209 3251 3257 3595 3387 3278 3487
3691 3648 3381 3908 3692 2969 3445 3435 3671 3420 4089 3658 3516 3579 3847 3771 3483 3409 3538 3269 3656 3430 3433 3284 3846 4063 3577 3489 3704 3455 3776 3418 3659 3479 3571 3564 3635 3229 3284 3467 3497 3580 3452 3521 3780 3517 3433 3657 3799 3608 3676 3855 3469 3482 3734 3484 3481 3666 3476 3603 3557 3376 3799 3447 3642 3606 3661 3502 3723 3585 3772 3667 3730 3436 3455 3608 3393 3326 3809 3751 4053 3341 3421 3795 3341 3622 3746 3371 3793 3983 3784 3355 3379 3659 3831 3555 3529 3759 3460 3489 3569 3415 3641 3731 3545 3844 3433 3656 3604 3517 3645 3384 3324 3842 3476 3627 3526 3787 3573 3553 3392 3538 3857 3310 3671 3699 3542 3543 3853 3722 3472 3660 3319 3390 3795 3522 3809 3854 3692 3629 3579 3513 3662 4020 3394 3302 4134 3523 3526 3443 4072 3555 3770 3444 3428 3264 3482 3447 3701 3419 3609 3516 3413 3446 3745 3640 3492 3615 3393 3522 3406 3581 3583 3526 3672 3390 3654 3516 3351 3372
3526 3744 3379 3872 3504 3159 3463 3182 3388 3198 3721 3482 3571 3618 3556 3494 3363 3270 3480 3155 3388 3430 3372 2990 3671 3869 3510 3438 3620 3377 3529 3126 3207 3241 3377 3463 3573 3232 3225 3406 3440 3326 3343 3578 3391 3550 3240 3335 3643 3456 3465 3464 3394 3513 3673 3543 3145 3523 3402 3600 3573 3265 3537 3443 3541 3529 3740 3389 3490 3366 3547 3591 3687 3353 3170 3405 3280 3466 3630 3654 3863 3524 3277 3743 3295 3274 3519 3313 3406 3916 3657 3328 3446 3375 3591 3644 3368 3435 3333 3438 3484 3298 3301 3661 3255 3605 3188 3613 3294 3416 3433 3214 3487 3673 3286 3462 3325 3580 3292 3389 3292 3312 3642 3080 3561 3577 3554 3498 3784 3617 3244 3391 3294 3248 3570 3553 3673 3635 3460 3631 3554 3535 3724 3815 3331 3233 3916 3817 3443 3347 3733 3348 3716 3154 3227 3188 3433 3459 3669 3281 3511 3541 3494 3543 3428 3377 3412 3500 3162 3288 3321 3565 3385 3273 3451 3245 3619 3391 3300 3544
3862 3443 3277 3875 3483 3076 3366 3306 3296 3172 3765 3455 3631 3652 3591 3627 3467 3539 3491 3202 3395 3483 3212 2938 3525 3858 3618 3518 3535 3646 3707 3419 3449 3293 3565 3701 3352 3277 3123 3411 3523 3614 3595 3435 3319 3626 3417 3336 3617 3674 3436 3238 3487 3429 3537 3224 3284 3627 3396 3507 3337 3228 3618 3326 3460 3362 3320 3422 3545 3728 3715 3804 3616 3275 3654 3376 3495 3148 4023 3725 3963 3502 3140 3933 3233 3249 3588 3264 3548 3754 3609 3167 3265 3516 3628 3366 3466 3520 3506 3636 3598 3438 3502 3477 3316 3548 3435 3469 3403 3421 3525 3117 3355 3806 3151 3475 3577 3498 3374 3273 3259 3515 3701 3187 3430 3617 3418 3293 3909 3774 3601 3763 3448 3469 3476 3354 3538 3652 3589 3394 3595 3319 3625 4171 3320 3070 4036 3561 3289 3527 3896 3504 3574 3340 3345 3200 3243 3478 3596 3158 3574 3821 3448 3561 3489 3583 3571 3578 3356 3414 3490 3555 3392 3272 3234 3308 3809 3506 3458 3603
3335 3427 3172 3658 3494 3021 3598 3470 3290 3214 3641 3382 3420 3535 3367 3584 3462 3438 3354 3061 3302 3123 3281 3171 3633 3609 3555 3542 3489 3303 3765 3139 3264 3248 3537 3403 3491 3216 3093 3272 3546 3439 3232 3366 3447 3443 3296 3486 3482 3217 3359 3414 3525 3510 3406 3063 3179 3552 3472 3485 3234 3228 3697 3192 3431 3372 3409 3251 3379 3334 3674 3551 3444 3226 3347 3452 3376 3103 3460 3477 3648 3178 3035 3619 3293 3219 3525 3131 3116 3941 3269 3266 3217 3435 3607 3333 3484 3701 2931 3479 3531 3127 3313 3375 3077 3479 3309 3321 3375 3290 3575 3079 3212 3694 3227 3363 3463 3515 3185 3167 3227 3493 3625 3273 3200 3609 3322 3377 3709 3643 3381 3411 3266 3198 3489 3241 3503 3491 3524 3375 3315 3284 3559 3882 3358 2915 3843 3423 3538 3280 3614 3488 3611 3231 3021 3331 3013 3470 3209 3292 3482 3541 3290 3579 3546 3497 3142 3337 3099 3102 3465 3430 3398 3128 3163 3074 3666 3225 3162 3418
3712 3615 3420 3797 3511 3034 3563 3321 3494 3130 3966 3539 3545 3438 3545 3545 3729 3539 3244 3450 3374 3403 3343 3054 3635 3741 3807 3614 3664 3502 3688 3299 3336 3417 3612 3860 3727 3223 3072 3430 3646 3656 3359 3558 3562 3684 3278 3540 3749 3568 3511 3421 3329 3659 3466 3212 3156 3557 3589 3529 3393 3255 3683 3276 3520 3629 3467 3228 3576 3608 3758 3760 3708 3199 3559 3324 3357 3421 3779 3626 3941 3376 3231 3706 3169 3339 3568 3519 3459 3787 3527 2998 3349 3582 3599 3470 3446 3798 3329 3720 3541 3462 3343 3800 3263 3542 3454 3309 3291 3573 3458 3176 3257 3811 3295 3296 3676 3647 3229 3392 3220 3566 3518 3254 3414 3676 3556 3408 3756 3795 3666 3526 3141 3502 3760 3446 3784 3619 3693 3528 3721 3529 3826 3777 3261 3227 3929 3552 3358 3316 3805 3574 3541 3278 3026 3190 3242 3781 3438 3402 3530 3670 3584 3443 3481 3513 3500 3516 3135 3491 3447 3509 3621 3209 3305 3099 3602 3472 3440 3515
