5132 5320 5080 5309 4924 4842 5262 5449 5316 5625 5022 5114 4971 5385 4910 5026 5345 5374 5079 5165 5314 5353 5474 5650 5418 4870 4620 5368 5059 4966 5102 5273 4753 4821 5457 5001 4859 5231 4930 5064 5286 5386 5042 5175 5346 5475 5169 5407 5259 5003 5130 4976 5100 4670 5164 4378 5158 5472 5155 5456 5141 5177 5142 5341 5715 4985 5469 5007 5121 5110 5226 5213 5178 5176 5080 4911 4806 5154 4547 4966 5115 5309 5240 5368 5355 5596 5149 5448 4903 4986 5325 5006 5048 4995 5679 4877 5434 4979 5186 5139 4992 5019 4664 5227 5215 5446 4842 5007 5005 4996 5200 5277 5429 5589 4801 5211 5175 4971 5389 5717 5608 5135 5194 5399 4832 4908 5144 5298 4898 5286 5205 4972 4736 4913 4719 5343 5018 5178 4928 5031 4854 5220 5015 5172 5219 5397 5186 5345 5183 4911 5172 4847 5337 5355 5439 5483 5485 4540 4934 5365 4782 5140 4823 5052 5201 5154 5104 5107 5584 5378 5364 5180 5295 5441 4803 5420 5117 4663 5043 4874 4481 4931 4988 5238 5021 5238 5245 5277 4990 5022 5303 4882 4695 5359 5496 5108 5066 5303 5070 4799 5342 5401 5094 5101 4604 4913 5386 5307 5009 5218 5255 5262 4784 5407 5243 5143 5021 4901 5422 5394 4752 5518 4576 5044 5301 5416 5319 5037 5274 5105 5104 5314 4738 5489 5343 4721 4628 5078 5385 5383
4989 5456 5041 5160 4935 4681 4992 5161 5010 5523 4973 4673 4850 4825 4851 4862 4803 4954 4529 5215 4967 4982 5518 5386 5082 5009 4838 4812 4988 4939 5043 4688 4647 4604 5256 4618 4674 4707 4687 4837 5096 5212 4941 4984 4905 5244 4673 5063 4832 4944 5167 4726 4813 4497 5088 4713 4834 5041 4981 5191 5077 4772 4611 5005 5304 5147 5200 4936 4939 4693 4764 4945 4916 5100 4897 4435 4541 5050 4290 5100 4853 5127 5053 5120 4790 5220 4903 5041 4663 4809 4886 4749 5009 4847 5413 4993 5021 4264 4841 5173 5076 4575 4813 4916 4619 4978 4794 4629 4734 4657 5277 5026 5092 5227 4617 5117 4775 4842 5453 5362 5215 4720 4927 5146 4450 4664 4772 5048 4876 5190 5047 5190 4658 4817 4658 5231 4682 4831 4719 4843 4788 4747 5105 5071 5109 4970 4796 5257 4623 4815 4995 4710 4834 5244 5097 5145 5321 4696 4535 5143 4569 4771 4668 4915 5171 4866 4624 4487 5281 5045 4835 4909 4743 5348 4648 5229 4769 4895 4860 4908 4243 5182 4831 4957 4885 4945 4940 4998 4518 5179 5070 4624 4612 5108 5584 5057 4990 5038 4892 4563 4951 5307 4935 4977 4485 4737 4912 4949 4733 5136 5245 5006 4841 4829 5067 4879 4885 4779 5092 4988 4651 5270 4625 4786 5055 4902 4786 4880 5020 4700 4788 4879 4982 5014 5252 4528 4524 4783 4984 5271
5045 5295 4986 5263 4563 4967 4860 5332 5016 5408 4738 4985 5069 5156 4938 4916 4940 5061 4831 4944 4701 5000 5258 5694 5165 4641 4582 5080 4757 4937 5004 4931 4667 4802 5560 5039 4917 4776 4825 4943 5182 4965 4795 5023 5117 5302 4889 5323 5284 4978 4996 4935 5038 4746 5200 4708 4833 5417 4892 5594 5006 5007 4980 4983 5544 5241 5467 5239 5083 4743 4872 5279 5220 5095 4848 4505 4739 4986 4728 5297 5051 4934 5228 5420 4852 5150 4926 4968 4883 4862 4889 5088 5079 4831 5448 4936 5268 4741 4995 5135 5215 4741 4649 5102 5114 5289 4645 4996 4829 5080 5261 4935 5289 5504 4770 5408 5041 5031 5494 5484 5341 4768 5273 5038 4612 4867 4989 5165 4785 5046 5154 5216 4700 5059 4733 5391 4621 4906 4886 4934 4588 4915 4806 5132 5031 5171 4948 5308 4994 4814 5104 4690 5088 5391 5044 5553 5397 4687 4634 5422 4638 4696 4931 4965 4847 4925 4988 4840 5758 5092 5105 4857 5005 5407 4707 5192 4707 4753 4990 4962 4394 5150 5145 5143 4999 5090 5131 4919 4812 4944 5051 4579 4681 5162 5341 5200 4961 5234 4983 4510 5150 5178 4845 5114 4827 4580 5268 5087 4879 5275 5147 4977 4820 5256 5241 4915 4927 4702 5276 4727 4736 5409 4558 4995 5183 5342 4916 5017 5309 4837 4970 5160 4779 5234 5058 4651 4596 5024 5230 5276
4917 4852 4767 4952 4635 4353 4861 4858 4447 5002 4513 4574 4769 4644 4430 4511 4770 4799 4435 4652 4865 4715 5097 5126 4945 4425 4710 4866 4785 4639 4763 4790 4574 4479 5053 4240 4601 4659 4338 4605 4852 4860 4530 4598 4709 4974 4680 4846 4809 4747 4814 4792 4514 4251 4613 4477 4378 4871 4774 5192 4785 4479 4522 4668 5022 4633 4952 4810 4702 4637 4449 4720 4556 4754 4652 4377 4379 4572 4224 4926 4745 4848 4900 5095 4767 5155 4740 4648 4563 4789 4592 4576 4928 4766 5209 4558 4904 4400 4753 4522 4769 4356 4547 5060 4790 4629 4649 4637 4585 4690 4868 4659 4926 4845 4179 4702 4400 4715 5129 5058 5032 4811 4840 4996 4347 4624 4796 4700 4718 4866 4780 4927 4648 4702 4469 5054 4446 4557 4757 4285 4545 4621 4615 4937 4727 4865 4592 5136 4552 4543 4759 4496 4825 4981 4821 5020 5218 4313 4359 5042 4468 4686 4376 4588 4582 4384 4618 4435 5136 5300 4806 4890 4781 5081 4354 4931 4647 4692 4720 4639 3996 4936 4607 4756 4920 4475 4750 4581 4661 4725 4913 4378 4407 5137 5371 4710 4661 4671 4717 4124 4880 4909 4703 4771 4515 4438 4622 4752 4670 4871 4958 4789 4713 4661 4960 4806 4568 4396 4686 4799 4419 5145 4396 4656 4713 4967 4696 4732 4928 4487 4617 4746 4594 4915 4818 4248 4550 4589 4685 4894
4925 5239 5132 5160 4393 4785 4914 5212 4771 5521 5037 4798 5102 4857 4870 4726 4956 5050 4595 4989 4634 5122 5373 5401 5426 4707 4388 5022 4849 4747 4952 4846 4628 4682 5467 4703 4868 4832 4597 4765 4978 5120 4761 4944 4899 5289 4884 5080 5040 5020 4712 4824 4933 4777 5045 4641 4762 5116 5051 5177 4860 4838 4871 4944 5498 5063 5171 4742 4924 4740 4645 5127 4936 5212 4733 4409 4737 4775 4365 4938 5042 5115 4992 5261 5092 5069 4952 4929 4659 4876 4962 4793 4731 4892 5444 4909 4994 4676 4782 4764 5011 4650 4809 4841 4912 5169 4911 4560 4986 4683 5242 4957 5020 5097 4673 5054 5025 5102 5260 5169 5281 4735 4982 5263 4596 4462 4845 5187 4914 5007 4918 5067 4825 4991 4751 5014 4520 4655 4590 4702 4807 4759 5084 5093 4990 5303 4913 5038 4805 4721 4939 4880 4889 5096 4843 5195 5212 4452 4564 5133 4573 4755 4869 4705 4896 4755 4657 4539 5547 4953 4997 4880 4753 5348 4648 5136 5097 4675 5095 4872 4347 5038 4904 5300 4809 4880 5057 4845 4724 5034 4878 4489 4396 5137 5222 4856 5015 4600 4803 4654 4810 5160 4981 5300 4395 4640 4845 4751 4824 5169 5010 5066 4778 4794 5424 4837 5125 4942 4928 4827 4676 5330 4567 5155 5032 5003 4723 4732 5190 4721 4749 4860 4796 5006 5005 4552 4484 4869 5118 5176
4881 5473 5004 5176 4715 4582 4976 5132 4890 5520 4747 4769 5095 5029 4803 4990 5093 5019 4820 4829 5020 4903 5601 5294 5118 4738 4855 5001 4854 4868 4996 4950 4635 4526 5331 4834 4788 4824 4660 4810 4865 4883 5092 4772 5004 5369 4820 5176 4958 4976 5275 4839 4753 4294 4804 4779 4725 5083 5301 5435 5022 4881 4810 4859 5445 4760 5347 5145 4949 5074 4752 4976 4958 5022 4924 4510 4587 4865 4513 4775 4978 5050 5006 5172 5139 5172 4949 5194 4661 5206 5052 4564 5151 5000 5521 4731 5188 4563 4856 5112 4888 4669 4569 5158 4847 5067 4838 4856 4530 4977 5144 5039 5123 5386 4516 5059 4838 5029 5251 5527 5223 5072 4929 5501 4381 4884 5061 4958 5141 5101 4992 5118 4828 4794 4736 5141 4627 4913 4843 4677 4959 4938 4613 5087 5105 5003 4632 5153 4708 5187 5340 4750 4838 5098 4861 5150 5274 4994 4602 5140 4789 5065 4605 4784 5059 4924 4676 4838 5469 5254 5212 4920 4953 5282 4812 5404 4884 4773 4971 4921 4493 4949 5312 5075 5332 4869 5220 5087 4799 4958 5101 4533 4361 5104 5361 4934 4665 4797 4900 4484 5050 5204 4984 5200 4586 4657 5069 4819 4793 5095 5111 5114 4929 5090 5217 4893 5070 4689 5342 5192 4592 5229 4642 4800 4843 5187 4884 4840 4911 4739 4705 5006 4927 4991 5325 4636 4570 4834 5434 5239
5077 5175 4750 4987 4963 4551 4936 5246 5014 5069 4655 5143 5006 4920 4932 4806 4763 5213 4457 4908 4891 5288 5324 5285 5147 4508 4557 5070 4858 4940 5049 5142 4598 4593 5347 4747 5031 5040 4733 4684 5235 5077 4949 4927 4838 5508 4561 5056 4886 4830 4948 5043 4722 4523 4917 4597 4659 5008 5001 5416 5102 4811 4999 4911 5369 5070 5077 4846 5037 4650 4727 4925 5220 4855 5006 4639 4639 4839 4634 4834 4792 5069 4871 5294 4992 5388 4848 4884 4663 4857 5088 4811 4806 4925 5537 4936 5059 4743 4954 5090 4675 4872 4728 4675 5144 4857 4778 4737 4848 4764 4972 4957 5203 5442 4879 4934 4737 4813 5277 5221 4901 5044 4913 5131 4614 4778 4899 5083 5015 5084 5054 5185 4721 4928 4768 5182 4836 4752 4949 4787 4817 4834 4786 4954 4899 5240 4887 4980 4976 4942 4904 4728 4829 4981 5066 5038 5280 4397 4626 5098 4455 4777 4707 4751 4855 4966 4838 4576 5471 5161 4932 5033 5001 5388 4869 5044 4752 4622 5108 4911 4218 5045 4911 4942 4961 5061 4860 4928 4823 5121 5052 4385 4582 5296 5317 4987 4605 5019 4915 4641 5148 5125 5051 4941 4647 4379 4974 4913 4867 5232 5084 5096 4830 5088 4984 4869 4907 4618 5045 4936 4701 5128 4262 4796 4975 4990 4718 5163 4934 4457 4771 4999 4626 5211 5206 4836 4578 5007 5190 5189
4925 5304 4751 5070 4647 4674 4770 5199 4679 5236 4703 4612 4914 4980 4931 4701 4789 5176 4674 4941 4674 4940 5350 5424 5142 4636 4650 5144 4928 4762 4955 4952 4575 4626 5303 4687 4888 4752 4846 4734 5260 5069 4989 4985 4906 5314 4750 5077 5017 4823 4794 4621 4917 4456 4960 4426 4632 4913 4960 5478 5127 4865 4893 4802 5375 4957 5017 4635 4904 4524 4818 4923 4884 5166 4825 4711 4805 5095 4372 4852 4883 4868 5071 5028 4740 5393 4761 4937 4807 4736 4847 4536 4910 4933 5389 4760 5011 4577 4892 5029 5108 4830 4408 5108 5235 4968 4782 4671 4607 4799 5195 4824 5107 5405 4609 4905 4912 4839 5270 5402 5000 4897 4827 4904 4480 4671 4597 4893 4749 4885 5023 5068 4813 4759 4578 5087 4647 4826 4917 4818 4788 4718 4829 4935 4726 5017 4918 5252 4797 4770 4861 4827 4912 5217 4847 5359 5236 4724 4688 5205 4525 4662 4732 4890 5030 4638 4586 4619 5600 5147 4800 5027 4802 5499 4809 5120 4823 4813 4988 5070 4149 5048 4867 4952 5075 4962 4965 4841 4807 4944 5064 4679 4371 5272 5521 4939 4658 4983 4951 4485 5101 5027 4881 4927 4500 4606 4854 4877 4619 5300 4910 5004 4830 4823 4992 4725 4963 4969 5010 4953 4629 5110 4526 5142 4963 5111 4756 5089 5166 4604 4992 5109 4754 5057 4972 4663 4515 5008 4987 5099
5072 5476 5049 5233 4781 4405 5070 5217 4709 5171 5015 5080 4924 5135 5068 5102 4925 5343 4856 5017 4799 5160 5311 5617 5508 4781 4601 5337 5119 5177 4982 5082 4674 4719 5515 4746 4618 4973 4837 4882 5186 5124 5015 5054 5138 5522 4917 5149 4971 4935 5177 4836 4872 4717 4917 4574 4829 4976 4754 5434 5005 4935 4812 4701 5729 4944 5389 4947 4925 4910 5095 5215 5190 5265 5140 4598 4803 5155 4648 5009 5086 5254 4809 5451 4752 5286 4829 4746 4961 4854 4971 4689 5052 4765 5502 4447 5044 4762 4850 5103 5058 4864 4706 4936 4939 5076 4617 4838 4837 4939 5097 4884 5363 5422 4869 5153 4905 4697 5424 5309 4962 4764 5101 5230 4599 4660 4891 5122 5183 4937 4778 5053 4730 4987 4801 5383 4586 4960 4929 4647 4971 4962 5073 5133 5170 5511 4871 5163 5055 4846 5202 4844 4790 5416 4878 5281 5322 4587 4663 5383 4532 5001 5200 5035 5095 4921 4794 4778 5559 5251 5178 5023 5016 5465 4825 5179 4823 4836 4909 5156 4626 5156 5204 5215 5196 4942 5111 4877 4668 4947 5034 4638 4635 5318 5405 5150 4906 4972 4994 4578 5211 5441 4857 4955 4485 4666 5234 5044 5026 5453 4999 5237 4796 4857 5266 5011 5053 4830 5040 5146 4696 5485 4558 5233 4881 5085 5011 5120 5276 4885 4987 4904 5015 5318 5069 4694 4648 4956 5180 5360
5103 5628 5064 5381 4649 4841 5030 5255 4914 5256 4740 5028 5149 5073 4665 5078 5094 4953 5154 4998 5091 5198 5467 5374 5394 4696 4578 4993 4953 5270 5028 5166 4659 4698 5539 4733 4888 5059 4583 4705 5498 5218 4719 4964 5091 5424 5008 5042 5085 5014 5188 4913 5118 4777 4838 4718 4766 5115 5350 5731 5172 5163 5185 4802 5328 5128 5509 5276 4937 4877 5027 5221 5217 4979 4969 4778 4957 4898 4639 4913 4984 5128 5281 5358 5155 5490 5189 4864 4807 5088 5046 4991 4955 4864 5613 4947 5171 4628 5031 4945 5219 4930 4655 5132 5280 5254 4978 4878 4809 5041 5503 5011 5080 5372 4596 5151 4901 5398 5414 5536 5271 5143 5150 5191 4494 5001 5181 5173 4890 5080 5266 5415 4836 5126 4834 5371 4870 4793 5034 5072 4827 4936 4984 5031 5117 5245 4866 5141 4898 4792 5095 5026 5138 5151 5146 5351 5326 4520 4847 5392 4660 5019 4715 4828 5073 5137 5075 4869 5649 5233 5229 5049 5207 5267 4916 5456 5108 4932 5190 5008 4576 5315 5075 4978 5244 4992 5264 5131 4719 5192 5137 4829 4490 5431 5494 5133 4897 5308 5126 4743 5427 5479 5213 4985 4751 4956 5234 5227 4988 5531 5160 5318 4859 5288 5349 5115 4842 4752 5300 5214 4872 5421 4399 4975 5136 5450 5154 5007 5148 4959 5134 5170 4712 5098 5011 4892 4318 5174 5360 5325
5001 5369 4764 4981 4744 4469 4982 5092 4603 5178 4709 4856 4840 5099 4749 4775 4845 4845 4393 5220 4790 4859 5574 5307 5127 4750 4692 4877 4889 4980 5073 4713 4672 4928 5318 4447 4618 4815 4493 4838 5037 5113 4719 4843 5099 5278 4833 5127 5070 4821 4886 4848 4690 4745 4922 4699 4601 4907 4964 5182 4958 5031 4821 4590 5125 5042 5139 4738 4822 4667 5011 4975 4968 5077 4633 4609 4792 4765 4440 5063 5018 4928 4940 5298 4823 5287 4895 4734 4838 4978 4889 4751 4754 4829 5425 5015 4967 4287 4825 5230 4888 4730 4848 4985 4958 4945 4873 4749 4866 4951 5225 4623 5392 5089 4605 4915 4831 4922 5149 5269 4983 4863 4765 5073 4677 4629 4758 4918 4734 4994 5115 4915 4567 4881 4677 5315 4445 4608 4712 4748 4647 4600 4774 5082 4993 5226 4933 5159 4556 4873 5026 4991 4872 5182 5224 5038 5272 4828 4454 5246 4461 4625 4786 4684 4932 4591 4539 4553 5331 4954 5187 4798 4700 5383 4718 5149 4917 4733 4797 4997 4147 5089 4993 4834 5025 5190 4975 5050 4553 4772 4830 4423 4394 5131 5359 5060 4812 5106 4971 4592 5227 4909 4859 5026 4655 4664 5066 4828 4593 5307 4915 5189 4998 5057 5057 4953 4770 4638 4927 4927 4735 5264 4601 5033 4897 4938 4837 4963 5260 4844 4380 5148 4698 4935 4961 4719 4599 5019 5010 4978
4988 5355 5023 5111 4615 4804 5144 5044 4908 5263 4733 4758 4910 5058 5015 4529 4843 4856 4868 4901 4944 4972 5391 5507 5269 4765 4515 4969 4667 4954 4689 5035 4730 4570 5330 4577 4685 4891 4739 4812 5002 5072 4924 4967 5107 5336 5162 5034 4757 4760 5002 5081 4704 4740 4967 4591 4601 4919 4974 5460 5102 4721 4798 4848 5222 4799 5180 4837 4857 4620 4612 5055 5093 5069 4770 4409 4791 5027 4588 5150 5081 5128 4923 5362 5161 5436 4906 4747 4661 5000 4761 4645 4853 4976 5625 5020 5081 4338 4607 5156 5018 4937 4582 5021 4857 4971 4775 4620 4689 5006 5044 4845 4924 5175 4543 5273 4936 5212 5245 5242 4907 4658 4625 5150 4518 4631 4930 4788 5038 5023 5076 4846 4677 5038 4512 5389 4512 4862 4751 4796 4825 4778 4748 5019 5027 5162 4916 5044 4745 4777 5022 4784 5021 4809 5084 5034 5333 4667 4661 5183 4342 4705 4832 4707 4902 4984 4814 4629 5665 5107 4980 4861 4821 5540 4670 5429 4796 4667 4987 4859 4238 5178 4866 4996 4962 4958 4894 4753 4787 5104 4793 4811 4341 5286 5169 5112 4594 4717 4869 4809 5108 5235 4859 5106 4271 4507 4798 5080 4678 5149 5063 5001 4852 5186 5234 4863 5137 4803 5009 5046 4587 5349 4575 4653 4949 5358 4806 4974 5026 4882 4876 5352 4608 5029 5291 4828 4612 4824 5082 5247
4855 5218 5113 5146 4887 4711 5193 5334 4853 5309 4809 5011 4766 5067 4762 4639 5068 5142 4737 4871 4877 4980 5454 5525 5384 4642 4855 4937 4982 4834 4860 5019 4573 4721 5454 4456 4620 5000 4523 4942 5074 5039 4896 4814 5087 5318 4921 4970 4761 4874 4982 4878 4863 4562 4823 4597 4789 5040 4944 5378 5023 4803 4679 4893 5500 4948 5197 4932 4795 4910 4737 5310 5111 5001 4856 4697 4724 4864 4519 4996 4996 4859 5182 5334 4965 5531 4984 5058 4855 4749 4854 4933 4904 4771 5419 4830 5368 4669 4891 4960 4982 4794 4708 5012 4878 5124 4653 4736 4787 4755 5169 4863 5226 5398 4648 5215 4680 4998 5535 5403 5148 4903 4996 5080 4402 4421 4905 4843 4807 4844 5057 5059 4704 4776 4500 5158 4632 4857 4848 4606 4886 4955 5022 5236 4849 5190 4718 5061 4806 4825 5139 4848 5072 5039 5131 5323 5377 4446 4702 5017 4562 4646 4730 4696 4980 4863 4598 4706 5413 5123 5117 4962 4985 5310 4931 5496 4845 4845 5207 4925 4228 5128 4779 5182 5222 4895 5045 4873 4828 4886 4908 4910 4363 5063 5307 5026 4840 4758 5012 4610 5184 5095 5027 5179 4465 4788 5192 5068 4773 5120 5334 5187 5024 4951 5525 4911 4989 4746 5039 5354 4870 5390 4538 4751 4973 5165 5116 4914 5018 4780 4723 5142 4751 5051 5010 4592 4515 4690 4916 5137
4620 5032 4698 4873 4371 4352 4721 4976 4511 4882 4432 4621 4715 4463 4533 4698 4570 4601 4526 4752 4605 4885 4842 5111 4953 4377 4390 4632 4751 4380 4784 4740 4477 4397 5114 4397 4428 4646 4333 4684 4828 4730 4424 4636 4879 4913 4636 4590 4691 4593 4799 4401 4901 4374 4718 4204 4701 4497 4732 5050 4781 4561 4668 4505 4915 4637 4934 4468 4622 4396 4608 4573 4536 4542 4330 4388 4356 4658 4116 4886 4738 4659 4651 4824 4736 5039 4690 4562 4311 4728 4738 4518 4547 4656 5296 4389 4828 4122 4550 4744 4574 4461 4230 4630 4566 4569 4352 4392 4468 4483 4800 4515 4689 4909 4549 4756 4660 4736 5177 5404 4827 4564 4764 5084 4330 4503 4735 4798 4506 4862 4657 4766 4222 4721 4363 4821 4180 4164 4507 4406 4256 4654 4581 4515 4755 4992 4544 4987 4605 4587 4660 4524 4538 4664 4897 4933 4813 4386 4257 4749 4076 4548 4440 4549 4723 4702 4599 4534 5241 4702 4450 4649 4755 5094 4251 4866 4691 4466 4519 4646 4139 4802 4741 4810 4564 4632 4806 4553 4327 4510 4747 4345 4138 4756 5015 4468 4479 4576 4610 4397 4802 5025 4594 4659 4184 4448 4724 4674 4455 4982 4602 4589 4653 4681 4719 4837 4393 4455 4758 4733 4342 4928 4265 4651 4556 4848 4699 4742 4687 4654 4688 4852 4563 4827 4718 4354 4108 4857 4909 4633
4857 4882 4763 4856 4458 4303 4921 5180 4722 5179 4709 4570 4543 4990 4625 4617 4736 4652 4443 4719 4616 4714 5139 5100 5036 4369 4420 4785 4782 4579 4833 4662 4378 4640 5005 4689 4754 4650 4348 4515 4974 4922 4715 4553 4675 4911 4453 4808 4925 4483 4799 4424 4648 4426 4518 4393 4466 5012 5051 5284 4818 4819 4762 4736 5350 4803 5236 4718 4741 4703 4603 4874 4750 5108 4833 4425 4400 4639 4219 4612 4695 4931 4707 4924 4774 5139 4710 4638 4506 4898 4887 4610 4664 4548 5024 4725 4951 4328 4599 4601 4577 4319 4703 4757 4631 4911 4426 4704 4710 4687 5000 4768 5000 4962 4555 4994 4721 4774 4976 5295 4944 4688 4811 5122 4527 4432 4684 4879 4714 4781 4790 5052 4559 5060 4776 5081 4534 4463 4571 4545 4397 4884 4470 4796 4855 5051 4603 4918 4763 4688 4872 4498 4636 4998 4727 5128 5137 4497 4802 4788 4439 4678 4568 4602 4914 4591 4595 4478 5215 4717 4978 4955 4834 5008 4485 4918 4686 4504 4747 4921 4268 4859 4959 4838 4995 4692 4770 4809 4725 4705 4574 4322 4285 5004 5164 4821 4864 4519 4528 4357 4951 4896 4811 4872 4456 4429 4981 4547 4641 4669 4899 4848 4731 4909 4904 4640 4823 4392 5068 4828 4568 5179 4320 4610 4618 4682 4845 4695 5119 4435 4761 4641 4530 4709 4852 4344 4337 4836 4941 4690
5108 5521 4844 5421 5057 4660 5166 5106 4859 5512 5160 5072 4932 5210 4934 5047 5272 5327 5051 5071 5031 5258 5664 5852 5568 4806 4959 5225 5125 4917 5212 5135 4808 4910 5613 4851 4873 5138 5011 5040 5240 5290 5128 5380 5083 5476 5101 5345 5134 5034 5080 5037 5056 4770 5147 4712 4888 5242 5411 5644 5194 4963 5093 5143 5923 5101 5454 5228 5052 4815 5128 5138 4980 5131 5193 4958 4999 5065 4625 5331 5186 5328 5379 5427 5128 5665 5211 5274 4894 5092 4983 5198 4958 5255 5589 5067 5282 4729 5038 5197 5064 5142 4813 5307 5439 5368 4758 4889 4745 5364 5306 5113 5752 5603 4925 5289 5006 5208 5313 5570 5341 5126 5121 5160 4810 4791 5121 5269 5244 5346 5163 5351 4970 4814 4873 5371 4869 4903 4884 4875 5034 5247 4990 5302 5150 5474 5036 5179 5006 5088 5213 4875 5274 5221 5400 5392 5491 4807 4783 5347 4768 5093 5035 5070 5375 5098 4874 4917 5745 5262 5472 5081 5223 5365 5044 5453 4888 4934 5139 4950 4571 5378 5154 5300 5313 5079 5079 5163 5131 5219 5204 4878 4745 5404 5665 5163 5137 5011 5346 4610 5175 5535 5246 5172 4869 4759 5183 5178 4964 5074 5397 5390 5025 5172 5458 5023 5095 4755 5504 5331 4679 5475 4708 5200 5235 5261 5087 5003 5115 5216 4888 5180 4976 5386 5406 4901 4631 5271 5454 5418
4896 5228 5072 5042 4678 4647 4852 5289 4939 5262 4782 4783 5048 4838 4775 4851 5131 4934 4439 4848 4838 5091 5334 5515 5351 4608 4645 4798 4929 4508 4864 4787 4701 4536 5290 4394 4762 4822 4645 4792 5046 5056 4788 4654 4930 5399 4910 5107 5020 4804 4731 4750 4798 4565 4961 4486 4474 5118 4992 5118 4997 4944 5105 5028 5276 4905 5193 4931 4810 5008 4719 4918 5018 4921 4488 4154 4533 5086 4455 4838 4956 5083 4786 5173 5052 5176 4967 4834 4536 4865 4710 4970 4638 4782 5252 4945 5167 4605 4704 5056 4586 4841 4750 5129 5214 4964 4766 4875 4741 4949 5289 4807 5136 5238 4611 4995 5130 4874 5179 5368 4985 4791 4740 4945 4703 4517 4988 4957 4893 5123 4957 5141 4753 4987 4753 5272 4443 4773 4858 4691 4846 4982 4618 5111 4785 5244 4632 4929 4776 4596 4897 4795 5004 5202 5025 5020 5306 4428 4732 4742 4388 4658 4560 4779 4847 4884 4690 4724 5342 4698 4787 5034 4761 5151 4650 5181 4722 4854 4929 4825 4401 4972 4830 5204 4840 4843 5191 4899 4751 5131 4816 4573 4701 5094 5163 4890 4777 4749 4988 4780 5319 5045 4901 5006 4435 4529 4845 4847 4567 5158 5163 4979 4937 4971 5049 4771 4960 4672 5037 5179 4574 5320 4429 4867 4848 5091 4749 4897 5208 4368 4926 5144 4518 4836 5362 4704 4412 4907 5002 5122
4516 4984 4481 4582 4302 4368 4640 4986 4460 5020 4571 4208 4617 4626 4607 4767 4567 4763 4633 4671 4697 4493 4961 4870 4755 4159 4443 4885 4578 4220 4705 4771 4449 4223 5064 4330 4562 4583 4587 4746 5027 4714 4385 4693 4668 4929 4632 4734 4514 4490 4764 4674 4378 4340 4784 4364 4510 4859 4785 5108 4702 4943 4834 4667 4826 4400 5016 4631 4619 4493 4600 4546 4576 4539 4580 4423 4431 4759 4442 4658 4780 4873 4632 4752 4441 5061 4585 4488 4314 4564 4357 4431 4472 4403 5111 4594 4753 4193 4661 4697 4567 4363 4424 4795 4998 4802 4423 4304 4262 4690 4986 4773 4723 5020 4512 4697 4402 4715 4769 4927 4736 4627 4567 4916 4271 4606 4408 4618 4490 4807 4779 4845 4391 4443 4411 4964 4441 4478 4485 4443 4537 4589 4573 4433 4536 4870 4483 4993 4659 4547 4497 4529 4611 4718 4750 4696 4602 4378 4612 4950 4338 4606 4473 4663 4376 4604 4437 4520 5150 5064 4855 4842 4526 4795 4650 4998 4223 4542 4755 4575 3759 4936 4617 4730 4809 4490 4822 4731 4516 4973 4630 4358 4070 4870 4957 4775 4214 4704 4516 4088 4984 4756 4928 4434 4331 4435 4723 4588 4587 4559 4633 4827 4527 4920 4857 4477 4518 4189 4802 5014 4447 4848 4123 4639 4397 4556 4634 4270 4666 4338 4624 4542 4333 4919 4843 4594 4297 4822 4679 4757
5176 5419 4967 5699 4964 4530 5251 5412 5083 5268 4940 4902 4971 5012 5088 4727 5040 4963 4735 5121 5175 5336 5624 5684 5226 4682 4768 5110 5046 4893 5027 5176 4811 5053 5621 5009 4825 4747 4751 4746 5323 5185 4837 5041 4936 5300 4836 5172 4994 5101 5017 4879 4965 4787 5255 4437 4742 4989 5192 5682 5002 5259 4922 5025 5490 5152 5309 5011 5099 4786 5122 5098 4975 4967 4904 4651 4782 5014 4623 5050 5015 5128 4871 5421 5161 5372 5239 5136 4935 4837 5051 4772 4814 4926 5650 4831 5133 4376 4963 5036 5442 4891 4801 5110 5077 5077 4899 4858 4646 4972 5191 4981 5437 5377 4953 5164 4797 5169 5376 5516 5220 4907 5079 5269 4593 4794 4993 5071 4969 5271 5001 5142 4761 5024 4937 5454 4683 4769 4655 4937 4721 4966 4997 5395 4983 5423 4941 5244 5098 5003 4968 4813 4893 5427 5126 5459 5474 4812 4845 5409 4391 5123 4977 4779 5028 4978 4915 4765 5493 5268 5020 5009 5031 5512 4715 5220 5033 4551 5059 5111 4584 5159 5055 5113 5256 4912 4980 4920 4649 5000 4962 4803 4530 5318 5371 5060 4879 4873 5187 4676 5228 5628 4914 5114 4546 4882 5181 5080 4826 5280 5182 5002 4889 5203 4989 4865 5022 4789 5199 4993 4817 5577 4592 5147 5059 5474 5018 5119 5157 4826 5121 5051 4905 5174 5137 4796 4688 5036 5393 5319
5004 5118 4939 4983 4792 4619 5042 5385 4806 5297 4984 4895 4948 5068 4799 4901 5199 4977 4812 4992 4983 4962 5398 5349 5277 4585 4597 5018 5019 4901 4770 5046 4759 4553 5420 4961 4833 4905 4795 4809 5300 5153 4800 5043 5010 5521 4915 4945 5138 4977 5155 4655 4884 4507 5130 4625 4731 5287 5075 5411 4880 4654 4870 4934 5394 4899 5217 5011 5058 4830 4752 5204 5028 5182 4684 4675 4644 4920 4809 4916 4800 4994 4992 5499 5115 5375 5063 5029 4857 4802 5027 4784 4995 4740 5253 4927 5242 4702 4804 5096 5036 4899 4730 5046 5227 4778 4873 4682 4716 4788 5114 4961 5145 5337 4739 4908 4576 4986 5447 5495 5248 4909 4974 5197 4635 4673 4874 5203 4746 5049 4989 5133 4724 4813 4831 5263 4699 4639 4948 4722 5087 4977 4868 4998 5119 5576 4850 5317 4954 4886 4967 4943 4585 5107 5187 5272 5328 4489 4713 5075 4728 4845 4943 4873 5182 4958 4807 4748 5377 5388 5114 5040 5045 5186 4654 5258 4825 4666 5149 4851 4359 5324 4957 5123 5185 4729 5162 4955 4891 4863 4944 4598 4521 5235 5340 4884 4746 4953 4796 4377 5437 5511 4952 4833 4584 4458 4827 5057 4851 5120 4966 4973 4878 5204 5317 5067 4949 4730 5174 5391 4653 5485 4367 4993 4823 4987 4967 4897 5170 4633 4774 5042 4725 5313 5192 4807 4469 4918 5259 4990
4986 5188 4796 4967 4849 4599 4997 5211 4785 5336 5012 4811 4744 4859 4826 5224 4713 4911 4790 4629 4825 4866 5187 5557 5117 4682 4489 4869 5066 4743 5075 4996 4444 4684 5366 4592 4710 4777 4676 4863 4998 5043 4722 4721 5084 4921 4723 5126 4961 4436 4973 4940 4867 4612 4988 4760 4628 4978 4950 5321 5047 4792 5009 4833 5483 4957 5330 4788 4858 4542 4876 5017 4852 4961 4722 4634 4535 4906 4584 4994 4941 4772 4942 5186 4806 5088 4910 5054 4457 4865 4744 4616 4718 4752 5223 4524 5410 4419 4873 4863 4998 4715 4664 5009 5027 4645 4450 4683 4700 4698 5389 4875 5014 5313 4545 5032 4824 4934 4936 5314 4956 4821 5010 5147 4531 4748 4839 4928 4896 4674 4892 5076 4635 4892 4583 5210 4425 4653 4611 4861 4881 5096 4946 4994 4908 5249 4806 5238 4960 4677 5039 4586 4790 4979 4976 5243 5151 4616 4561 5307 4427 4590 4635 4623 4963 4864 4427 4574 5471 5208 5010 4898 4822 5451 4678 5158 4636 4738 4781 4786 4237 5177 4967 5098 5055 4943 4880 4822 4437 4705 4837 4561 4341 5008 5076 4886 4587 4803 4668 4389 5158 5034 4833 4573 4509 4488 5016 4907 4573 5179 5001 5090 4874 4961 4992 4822 4503 4647 5051 4916 4679 5232 4360 4906 4822 4828 5012 4718 5177 4732 4863 4987 4643 5228 4954 4575 4694 4899 5110 4856
4452 5130 4610 4765 4420 4222 4469 4761 4246 4859 4513 4076 4557 4907 4510 4548 4376 4558 4549 4537 4612 4666 4964 5026 4661 4244 4263 4735 4426 4540 4549 4518 4173 4084 4777 4368 4458 4393 4433 4538 4991 4647 4471 4516 4638 4701 4470 4707 4822 4562 4481 4688 4366 4400 4554 4033 4557 4674 4761 4947 4733 4560 4651 4500 5008 4458 4812 4687 4834 4397 4379 4759 4326 4790 4487 4153 4208 4688 4104 4386 4640 4648 4583 4920 4888 4814 4634 4580 4402 4803 4541 3989 4652 4605 5053 4652 4907 4177 4419 4754 4497 4337 4459 4782 4729 4677 4341 4421 4395 4593 4928 4504 4750 4856 4736 4587 4304 4479 4573 4966 4662 4555 4632 4653 4103 4394 4725 4582 4448 4674 4682 4429 4168 4251 4426 5033 4415 4814 4380 4321 4520 4209 4524 4545 4903 4834 4386 4660 4467 4606 4914 4510 4709 4860 4725 4658 4655 4253 4370 4815 4238 4530 4269 4400 4659 4793 4471 4402 4935 4787 4844 4578 4659 5058 4478 4815 4158 4352 4482 4704 3936 4722 4745 4664 4690 4658 4784 4582 4209 4423 4557 4200 4043 4630 4731 4872 4467 4603 4381 4001 4700 4677 4703 4666 4169 4166 5026 4528 4347 4740 4747 4705 4512 4658 4760 4638 4482 4163 4727 4968 4491 4890 4205 4406 4499 4845 4509 4629 4430 4486 4457 4795 4280 4926 5002 4358 4268 4464 4794 4716
4705 4866 4649 4957 4515 4286 4893 5010 4842 5179 4396 4584 4609 4651 4353 4500 4743 4808 4302 4615 4694 4661 4836 5188 4983 4240 4582 4711 4709 4556 4685 4749 4432 4511 4922 4493 4429 4734 4333 4753 5075 5031 4703 4571 4651 5055 4367 4882 4798 4677 4562 4545 4307 4354 4731 4448 4358 4725 4553 4992 4590 4633 4419 4475 5051 4820 5217 4503 4607 4196 4747 4545 4666 4667 4486 4444 4665 4405 4327 4796 4750 4727 4445 5061 4621 5075 4900 4800 4583 4663 4529 4742 4621 4535 5379 4679 4909 4245 4742 4758 4758 4614 4328 4928 4928 4838 4499 4522 4367 4778 4776 4548 4976 4890 4332 4610 4665 4888 4995 5129 4774 4517 4564 4853 4338 4433 4721 4750 4603 4678 4762 4953 4718 4606 4321 5018 4432 4735 4490 4484 4782 4754 4664 4586 4348 4948 4657 4799 4767 4481 4802 4567 4708 4922 4825 4704 5037 4194 4546 5086 4222 4520 4730 4369 4579 4601 4671 4336 5239 5083 4996 4822 4583 5126 4624 4789 4476 4667 4698 4449 4022 4668 4510 4500 4868 4525 4717 4685 4512 4680 4597 4238 4302 4940 4859 4683 4395 4875 4709 4435 5006 4999 4983 4740 4153 4482 4906 4725 4520 4941 4763 4985 4702 4972 4712 4423 4650 4296 4953 4699 4384 5156 4154 4465 4532 4740 4548 4525 4825 4484 4363 4658 4441 4817 4610 4386 4239 4756 4779 4982
4996 5305 4975 4933 4670 5069 4957 5171 4814 5350 4922 4597 4888 4902 5077 4964 4965 4995 4881 4868 4848 5013 5353 5418 5174 4716 4579 4760 5050 4856 4893 4905 4522 4735 5441 4485 4760 4736 4659 4842 5165 5157 4713 5048 5028 5164 4848 4783 5112 4855 4952 4799 5032 4504 4973 4607 4705 5162 4880 5456 4859 4829 4985 5196 5441 4860 5227 5170 4874 4685 4959 5026 4810 4932 4711 4575 4945 4964 4439 5208 5018 5086 4974 5160 4975 5146 5018 4937 4716 4822 4670 4862 4919 5017 5494 4962 5309 4434 4751 4886 5077 4591 4659 5002 4914 4975 4701 4864 4806 4892 5170 4851 5178 5298 4699 5185 5172 4852 5488 5613 4994 4825 5089 5071 4606 4631 4664 5045 4933 5046 5063 5216 4663 5081 4565 5203 4625 4871 4739 4729 4646 4974 4913 4986 5014 5195 4686 5493 5059 4737 4978 4731 4995 4933 4866 5276 5408 4639 4670 4998 4428 4742 4561 4606 4822 4783 4686 4809 5543 5018 5037 5130 4994 5362 5018 5283 4710 4992 5136 5008 4305 5078 5063 4977 5078 4832 4911 4907 4718 5085 4878 4727 4416 5122 5280 5183 4774 4792 5019 4543 5151 4969 4977 4898 5022 4882 4847 5122 4981 5065 5319 5259 4981 5102 5209 4930 4808 4683 4987 5067 4623 5265 4367 4715 4940 5153 5074 4903 5012 4709 5192 5074 4520 4981 5013 4526 4657 5026 5023 5115
5262 5318 5220 5331 4910 4690 5259 5495 5008 5550 4966 4990 4849 5192 4919 4834 4966 5366 4855 5140 5139 5055 5316 5485 5459 4729 4484 5093 5078 4707 5273 5205 4672 4650 5567 4761 4966 4763 4953 4952 5274 5070 4689 5155 5012 5442 5035 5216 5121 5084 5014 4779 5028 4734 5378 4730 5106 5121 5041 5392 5174 5071 5092 4976 5472 5261 5455 5030 5222 4802 4970 5183 5147 5353 4910 4793 4771 4965 4574 4929 5098 5060 4957 5133 5123 5481 5101 5114 4725 4935 4977 4955 5240 5110 5521 4829 5321 4884 5156 5009 4966 4761 4710 5281 5214 5207 4835 4784 4817 4876 5094 4935 5114 5495 4941 5192 5136 5076 5657 5601 5296 4795 5161 5424 4548 4871 5158 5164 5074 5196 4817 5189 4847 4945 4839 5189 4629 4994 4921 4953 5041 4926 4925 4992 5244 5241 4760 5390 5033 4898 5228 5010 5037 5107 5351 5274 5120 4964 4669 5329 4602 4915 4789 5128 5001 4963 5000 4980 5601 5292 5287 5208 5262 5339 4846 5411 5066 4911 5282 5178 4320 5164 4990 4918 5524 4967 5215 5029 4858 5187 5178 4603 4623 5445 5404 5066 5098 4966 5021 4720 5132 5346 4899 5136 4578 4829 5182 5331 4888 5385 5107 5236 5000 4831 5307 4795 5016 4967 5341 5378 4776 5528 4536 4988 4785 5305 4909 4920 5403 4898 5000 4896 4763 5304 5183 4620 4669 4996 5164 5057
4635 4938 4653 5119 4701 4382 4633 4904 4726 4988 4757 4518 5059 5011 4986 4586 4607 4914 4915 4930 4880 4813 5205 5386 5126 4572 4377 4786 4680 4732 4852 4725 4481 4644 5176 4764 4674 4602 4649 4672 5142 5004 4573 4703 4993 5037 4554 4773 4778 4621 4567 4765 4879 4699 4889 4220 4776 4958 4784 5223 4918 4873 4613 4723 5045 4945 5132 4728 4879 4369 4667 4798 4776 4771 4692 4587 4570 4734 4514 4802 4921 4927 5004 5023 4808 5080 4482 4943 4542 4827 4843 4914 4938 4587 5498 4916 4878 4330 4953 4904 5094 4613 4695 5005 4902 4998 4674 4527 4632 4645 4884 4868 5180 5252 4657 5095 4653 4617 4971 5021 5039 4642 5001 5180 4537 4780 5030 4799 4738 4898 4821 5099 4356 4751 4722 4839 4417 4795 4603 4417 4528 4842 5039 4954 4906 4975 4607 4693 4553 4756 4972 4712 4948 4826 4755 4935 5180 4488 4548 5156 4402 4744 4555 4731 4726 4547 4814 4621 5627 4787 4964 4735 4756 5383 4690 5253 4645 4183 5061 5071 4095 4788 5079 4869 5000 4887 4959 4709 4438 4757 4881 4300 4427 5115 5302 4881 4713 4830 4776 4382 5120 5139 4923 4955 4234 4580 4996 5026 4769 5048 4987 4801 4523 4989 5011 4464 4705 4364 4800 4930 4833 5091 4212 5026 4756 4895 4622 4858 4775 4579 4513 4820 4509 5082 4956 4532 4387 5130 5025 5039
5248 5018 5049 5023 5112 5069 5021 5340 5152 5532 4988 4650 5019 5152 4933 4932 4886 5203 4924 5271 5149 5173 5447 5476 5356 4742 4685 5363 4821 5128 4853 5206 4704 4719 5549 5003 4701 4909 4881 5090 5082 5252 4881 5266 5321 5330 4877 5144 5248 4837 4936 5088 5150 4944 4952 4773 4763 5223 5024 5739 5024 4946 5146 5179 5748 5091 5361 5173 5153 4888 4950 5119 5174 5196 4920 4508 4989 5082 4588 5236 5248 5304 5068 5335 5282 5411 5057 4978 4866 5004 4954 4963 5399 5233 5683 4941 5376 4817 5040 5132 5092 4982 5162 5305 4994 5293 4739 4717 4806 5135 5144 4997 5341 5087 4765 5472 5017 4928 5372 5508 5355 4902 5020 5488 5059 4735 5249 5371 5172 5096 4865 5135 4781 5114 4994 5537 4791 4831 4744 4943 4911 5221 4851 5076 5142 5592 4919 5171 5077 5158 5256 4747 5173 5302 4989 5110 5365 4539 4783 5487 4567 4932 4730 5009 4993 5163 4977 4934 5544 5109 5198 5067 5230 5230 4888 5453 4976 4796 5131 5053 4378 4982 5176 5240 5255 5084 5121 4890 4889 5149 5109 4711 4622 5454 5631 5169 4887 5030 4987 4526 5600 5199 5146 5298 4541 4505 5029 5217 5108 5243 5319 5308 5038 5404 5428 4907 5007 4828 5099 5078 4795 5446 4703 4806 5140 5135 4917 5091 5099 5002 5021 5334 4908 5526 5439 4733 4763 4996 5434 5266
4810 5396 5173 5178 4826 4687 4750 5209 4996 5308 4817 4712 4954 4886 4651 4661 4951 5093 4947 5043 4932 5147 5556 5629 5278 4723 4921 5066 5220 5027 5129 5097 4761 4749 5173 4661 4910 4928 4873 4853 5173 5291 5138 5020 5089 5260 4857 5196 5171 4725 5022 4990 4971 4962 4759 4738 4868 4985 5092 5634 5145 4963 4696 5144 5651 5080 5290 5063 4980 4797 5100 5219 4974 5117 4876 4501 5017 4950 4561 4990 4971 5294 4698 5187 5146 5232 5047 5203 4826 4800 5029 4837 4829 4923 5324 4992 5339 4456 5067 5185 4877 5081 5033 5023 4988 5166 4941 4876 4902 4908 5048 5111 5202 5508 4815 5229 5020 4834 5137 5325 5238 4857 5067 5154 4665 4667 4971 5113 4748 4827 4921 5254 4675 5177 4981 5363 4934 4808 4665 4871 4888 4956 4940 5144 5128 5433 5012 5027 4763 4910 5087 4919 4877 5311 4819 5366 5508 4538 4773 5188 4678 4739 4785 4900 5179 4935 4682 4872 5485 5189 5197 5274 5090 5572 4960 5106 4909 4997 4952 5101 4299 5286 5142 5144 5020 4915 5127 4690 4846 5142 4824 4747 4613 5169 5388 5107 4804 4869 4859 4792 5500 5281 5202 5033 4416 4648 5087 5099 4888 5002 4947 5026 4752 4932 5295 5120 4724 4879 5029 5382 4717 5642 4611 5252 5301 4938 5098 4697 5019 4795 4847 5107 4745 5076 5367 5021 4539 4971 5108 5231
4900 5482 5180 5192 4910 4762 4913 5299 5109 5625 4997 4840 5241 5076 4888 4992 5135 5063 4950 5148 4960 4965 5269 5854 5236 4768 4739 5305 5022 4825 4981 5075 4773 4690 5548 4699 4795 4947 5008 4954 5377 5408 4800 5143 5222 5231 5040 5284 5492 4859 5161 4925 5116 4488 5136 4572 4759 5167 5293 5443 5212 5166 5033 4935 5565 5116 5385 5006 5020 5092 4930 5268 5185 5151 4627 4601 4901 4938 4705 5028 5060 5320 5172 5204 5059 5538 5348 5195 4969 4829 5112 4822 5045 4916 5643 5084 5424 4840 4964 5076 5031 5006 4645 5270 5076 5111 5005 5009 4763 5035 5405 5083 5398 5485 4904 5257 5006 4954 5305 5578 5386 5000 5172 5211 4572 4825 4909 5288 5159 5170 5053 5364 4722 4815 4882 5305 4806 4821 4833 4782 4861 5313 5195 5001 5058 5527 4947 5105 4931 4816 5331 5081 5204 5270 5251 5490 5243 4878 4765 5670 4705 4915 4999 5043 5182 5060 4872 4966 5714 5148 5224 5140 5128 5640 4786 5541 5024 4688 4994 4893 4330 5228 5087 5225 5232 5064 5278 5015 4889 4954 5013 4818 4629 5354 5419 5018 4946 5157 5050 4750 5571 5365 4999 5301 4548 4638 5140 5039 4638 5179 5184 4974 4783 5169 5360 5127 4801 5121 5178 5437 4715 5355 4802 5151 5145 5349 5136 5147 5252 4753 5056 4974 4897 5513 5264 4921 4761 4991 5266 5441
4724 5231 4781 4704 4552 4428 4955 4857 4363 5091 4797 4815 4943 5086 4813 4652 4762 4996 4594 4846 4593 4939 5277 5371 5533 4691 4502 4763 4862 4936 5139 4730 4665 4657 5331 4492 4737 4688 4617 4688 4963 4756 4719 4995 5004 5170 4718 5108 4669 4708 4968 4708 4586 4661 4872 4676 4575 5127 4830 5003 4957 4790 4775 4898 5220 4945 5097 4846 4617 4524 4724 5026 4810 5127 5088 4377 4630 4723 4397 5073 4930 4957 4880 5172 4712 5335 4689 4707 4526 4878 4779 5186 4717 4865 5433 4711 5032 4504 4536 5001 4719 4647 4608 4735 4962 4900 4613 4587 4389 4742 4871 4830 5229 5309 4520 4998 4905 4789 4925 5084 5122 4551 4932 4926 4319 4658 4793 4769 5019 4948 4913 5102 4481 4794 4526 5260 4570 4798 4702 4479 4773 4865 4639 5026 4661 5130 4842 4858 4757 4711 4932 4547 4797 5047 4907 4958 5294 4477 4488 5103 4380 4560 4814 4817 4752 4800 4625 4648 5364 4808 4799 4874 4823 5332 4474 4963 4365 4511 4956 5162 4244 4998 4790 5148 4758 5127 5118 4837 4570 4787 4824 4496 4571 5067 5217 4843 4722 4681 4894 4424 4939 5008 4874 4892 4447 4434 4944 4791 4670 5082 5025 4816 4881 4941 5061 4751 4947 4548 5080 4961 4624 5242 4358 5053 4901 5037 4730 4933 5084 4543 4534 5039 4660 4800 5086 4807 4554 4812 4886 4941
4761 5006 4883 4705 4645 4356 4732 4694 4491 4892 4538 4550 4657 4729 4401 4314 4680 4913 4483 4690 4830 4530 5067 5145 4981 4397 4484 4542 4633 4555 4888 4658 4315 4420 4867 4528 4190 4546 4377 4507 4617 4738 4644 4683 4475 4951 4594 4793 4533 4547 4710 4664 4395 4280 4868 4398 4370 4870 4801 4952 4851 4539 4637 4648 4961 4738 4848 4485 4625 4506 4256 4375 4589 4681 4432 4214 4357 4770 4174 4757 4810 4831 4677 4950 4762 4836 4667 4856 4295 4677 4277 4595 4737 4576 5153 4611 4883 4170 4667 4823 4569 4352 4583 4666 4627 4943 4287 4261 4412 4708 4722 4918 4672 4972 4336 4899 4682 4281 4996 4892 4820 4552 4507 4996 4439 4507 4697 4627 4523 4773 4505 5039 4573 4704 4517 4909 4478 4725 4360 4507 4812 4559 4507 4733 4777 4568 4570 4962 4520 4631 4545 4300 4667 4687 4848 4770 4929 4260 4510 4960 4342 4537 4518 4762 4474 4673 4610 4236 5400 4850 4612 4541 4601 4876 4458 5014 4318 4441 4582 4683 3705 4784 4347 4826 4719 4690 4800 4693 4640 4868 4528 4521 4352 5050 5183 4844 4502 4652 4687 4408 4913 4901 4722 4640 4140 4478 4718 4608 4660 4848 4811 4736 4639 4941 4871 4457 4579 4143 4830 4687 4559 4959 4012 4459 4565 4629 4751 4529 4723 4268 4663 4713 4394 4931 4728 4089 4115 4710 5024 4645
4792 5156 4695 5017 4485 4680 4837 5000 4664 5122 4587 4727 4723 4738 4621 4574 4670 4749 4356 4802 4632 4714 5196 5072 5148 4638 4700 4991 4663 4694 4775 4649 4607 4455 5265 4704 4587 4698 4753 4644 5110 4895 4794 4560 4762 5169 4778 4866 4857 4574 4908 4617 4727 4601 4923 4585 4652 5029 4856 5203 4782 4858 4815 4642 5083 4703 5096 4899 4826 4726 4475 5092 5155 5063 4800 4358 4584 4909 4622 4821 4784 4758 4794 5051 4702 5349 4862 4738 4808 4801 4704 4604 4612 4631 5136 4603 4655 4466 4502 4661 4926 4718 4514 4853 4640 5042 4749 4540 4582 4736 5072 4676 4964 5290 4603 4767 4569 4685 5037 5155 4909 4659 4590 4957 4357 4565 4742 4814 4670 5008 4955 4863 4692 4758 4698 4964 4388 4720 4701 4337 4842 4691 4746 5194 4840 5107 4729 5091 4601 4884 4658 4873 4735 5121 4947 5027 4890 4437 4533 5235 4511 4739 4609 4714 4957 4717 4582 4553 5549 4961 4850 4660 4765 5058 4693 4956 4696 4754 4843 4520 4081 5327 4826 4929 5026 4631 4796 4719 4729 4772 4655 4626 4336 5029 5178 4758 4601 4810 4804 4314 4872 5232 4593 4907 4457 4321 5048 4580 4565 5057 4788 4962 4820 4951 5020 4798 4771 4729 5020 4824 4653 5171 4433 4626 4691 4979 4612 4720 5034 4451 4704 4741 4761 4956 5047 4746 4560 4805 4681 5051
4767 5086 4750 5119 4581 4501 4772 5244 4920 5242 4691 4561 4880 4724 4854 4469 4792 4868 4807 4969 4828 4664 5169 5175 4875 4233 4528 4882 4625 4545 4793 4930 4582 4692 5383 4807 4751 4600 4472 4487 5101 5032 4784 4663 4830 4999 4756 4885 4775 4656 4882 4619 4663 4426 4865 4416 4306 5050 5080 5320 4897 4572 4786 4805 5508 4904 5079 4785 4841 4608 4336 4670 5103 4871 4624 4605 4617 4979 4371 4740 4713 5003 4826 5018 4996 5230 4883 4912 4721 4928 4677 4514 4806 4673 5505 4775 4985 4566 4639 4468 4763 4563 4439 4992 4903 4905 4763 4552 4631 4640 4796 4998 5088 5238 4550 5057 4696 5097 5096 5307 5015 4703 4816 5063 4413 4665 4694 4963 4768 4743 4748 5150 4483 4714 4485 4910 4648 4695 4848 4864 5085 4910 4711 4918 4808 5146 4732 4876 4719 4841 5173 4853 4760 4883 4841 5244 4999 4348 4336 5192 4490 4556 4690 4853 4751 4864 4543 4663 5318 4934 4602 4789 4755 4999 4562 5234 4630 4553 4860 4615 4285 5015 4872 4899 5206 4548 4953 4904 4729 5112 4785 4402 4461 5138 4921 4734 4685 4773 4813 4475 5178 4898 4984 4936 4481 4428 5121 4910 4471 4924 4823 4650 4529 4803 5244 4697 4830 4626 5232 5081 4733 5192 4518 4885 4689 4933 4558 4886 4971 4512 4511 4802 4536 5045 4997 4390 4358 4652 4946 4848
4758 4952 4758 4862 4548 4129 4812 4775 4572 4958 4869 4491 4615 4849 4487 4662 4619 4801 4857 4701 4793 4682 5309 5158 4928 4427 4167 4763 4556 4721 4729 4851 4396 4659 5210 4540 4583 4626 4422 4663 5023 4943 4535 4612 4406 4849 4408 4995 4802 4533 4765 4478 4618 4456 4748 4418 4623 4843 4683 5195 4628 4427 4610 4576 5011 4689 4879 4767 4598 4364 4540 4963 4683 4804 4568 4667 4428 4685 4110 4543 4853 4921 4833 4885 4821 5092 4710 4659 4590 4595 4512 4431 4636 4542 5353 4380 4836 4358 4460 4898 4657 4506 4349 4828 4861 4782 4478 4442 4556 4574 4973 4623 4903 5103 4503 5052 4599 4664 4878 5189 4753 4700 4736 4827 4430 4203 4639 4865 4624 4620 4838 4871 4512 4407 4496 5122 4443 4531 4349 4627 4685 4898 4602 4605 4757 5020 4628 4899 4568 4756 4541 4633 4614 4958 4805 4939 4955 4242 4641 5017 4344 4507 4612 4867 4679 4686 4562 4620 5211 4563 5054 4691 5000 4979 4597 4788 4531 4418 4839 4601 3950 4720 4935 4906 4877 4730 4796 4640 4614 4494 4485 4179 4119 5117 5148 4627 4485 4639 4674 4532 5068 4914 4591 4860 4235 4386 4966 4759 4573 4693 4916 4788 4847 4981 5228 4742 4428 4317 4734 4780 4467 4801 4261 4555 4858 4679 4721 4733 4866 4554 4604 4674 4236 4998 4700 4391 4289 4840 4994 4946
5126 5307 5344 5472 4865 4760 5119 5321 4911 5537 5112 4901 5178 5365 5017 4808 5139 5155 4746 5255 5210 5283 5617 5628 5418 4801 4862 5193 4988 5187 5123 5164 4748 4669 5578 4866 4999 4820 4749 4838 5185 5197 5024 5091 5133 5573 5020 5322 4921 4976 5247 5313 5212 4761 5049 4831 4975 5299 5414 5509 5058 5157 5094 5296 5611 5086 5162 5326 5088 4833 4909 5266 5325 5438 4962 4956 4937 5050 4493 5305 5090 5286 5453 5756 5225 5601 5182 5283 4863 5070 5149 4840 5312 5228 5601 5112 5283 4649 4811 5158 4938 4816 4891 5186 4972 5355 4844 4962 4723 5021 5310 5031 5555 5285 4655 5183 4834 5439 5396 5596 5510 5072 5332 5166 4755 4779 5015 5209 4958 5369 5143 5356 5030 4880 4600 5518 4614 4953 4983 4971 5159 5209 5061 5269 5239 5323 5070 5320 4929 5145 5253 5119 5104 5347 5523 5475 5292 4622 4940 5347 4757 5155 4940 5063 4945 5029 4655 4882 5690 5511 5302 5228 5254 5400 4914 5342 5106 4958 5183 5113 4718 5171 4977 4997 5358 5224 5140 5111 5083 5291 5396 4642 4573 5280 5663 5170 5066 4974 5024 4555 5195 5166 5199 5293 4826 4994 5161 4928 4989 5236 5491 5316 5004 5084 5498 4891 5212 4762 5422 5376 4924 5621 4768 5165 5183 5335 5019 5017 5182 4922 4905 5292 4767 5420 5255 4664 4872 5116 5138 5418
4869 5143 4895 5056 4293 4628 4942 5081 4645 5254 4817 4648 4934 4767 4721 4826 4569 4965 4564 4617 4796 4962 5122 5398 5122 4709 4522 4833 4863 4861 4855 5013 4639 4520 5392 4613 4612 4692 4488 5041 5077 4970 4560 4913 5024 5255 4582 5040 5248 4909 4552 4877 4551 4581 4760 4495 4832 5126 4978 5342 4844 4971 4894 4740 5200 4822 5133 4809 5004 4717 4823 4956 4946 5140 4485 4734 4855 4995 4454 4690 4642 4760 4984 5269 5102 5125 4932 4764 4748 4747 4677 4792 4771 4722 5342 4751 4922 4587 4848 4839 4823 4691 4779 4947 4922 4950 4549 4676 4628 4696 4972 4746 4993 5166 4552 5037 4957 4651 5248 5377 5200 4764 4800 4889 4262 4694 4673 5172 4603 5095 4829 4969 4867 4699 4725 5325 4430 4818 4757 4672 4844 4735 4867 4851 4905 5068 4744 5260 4597 4706 4892 4844 4889 5071 4945 4999 5252 4474 4560 5026 4442 4641 4730 4949 4705 4769 4808 4631 5499 5007 5280 4974 5074 5395 4626 5166 4851 4488 5086 5001 4291 4923 5096 5015 5060 4911 5064 4686 4670 4881 4628 4630 4492 4934 5221 4809 4741 4924 4870 4284 4905 5259 5010 4868 4384 4481 5139 5008 4719 5121 5136 5010 4860 4898 5176 4696 4564 4609 5035 4831 4529 5386 4508 4824 4731 5152 4785 4729 5068 4667 4935 4812 4495 5052 4974 4435 4247 4743 4909 5041
5268 5515 5238 5295 4761 4682 5060 5352 4931 5402 4995 4921 5104 5057 4913 4868 5153 5173 4795 5299 5042 5222 5341 5244 5241 4882 4658 5057 4949 5021 5059 4959 4759 4919 5357 4881 4882 4978 4932 4712 4979 5254 4907 4972 5309 5540 5192 5287 5017 5005 5125 4954 4872 4603 4970 4786 4733 5048 4937 5431 5040 4936 5044 5009 5278 5110 5278 5072 5030 4800 4891 5351 5275 4918 4861 4441 4694 5041 4678 5091 5010 5266 5088 5300 5147 5596 4927 5102 4931 5129 4892 4856 5108 5019 5324 5021 5220 4417 4941 5132 5214 4908 4879 5016 5186 4931 5148 4729 4677 4918 5229 4875 5030 5225 4885 5135 4938 5080 5276 5250 5160 4929 4836 5162 4851 4896 5147 5292 5242 4953 4985 5146 4821 4879 4865 5512 4662 4813 4877 4812 5093 5039 4806 5062 5219 5307 4907 5160 4745 4931 5103 4954 4981 5090 5211 5280 5425 4784 4761 5400 4643 5072 4880 4873 5115 5164 4957 4625 5719 5130 5319 5240 5257 5336 4737 5572 5077 4718 5016 4964 4535 5237 5213 4832 5434 4933 5199 4921 4713 5243 5108 4820 4660 5327 5287 5136 4961 4884 4802 4721 5524 5442 4886 5037 4538 4653 5003 5055 4858 5174 5166 5057 5156 5137 5450 4868 5140 4837 5174 5361 4589 5498 4688 5055 5074 5250 4979 5044 5258 4807 4984 5332 4894 5154 5125 4710 4554 4938 5127 5384
4647 4935 4759 4891 4748 4444 5033 4900 4555 4875 4676 4547 4874 4765 4572 4698 4505 4827 4759 4771 4612 4918 5236 4988 4967 4498 4607 4663 4820 5043 4719 4857 4380 4777 5310 4315 4351 4465 4472 4634 4920 4975 4491 4859 4806 4956 4341 4844 4904 4517 4571 4528 4570 4392 4813 4443 4657 4796 4505 4997 4680 4865 4411 4583 5068 4743 5034 4755 4837 4445 4724 4994 4747 4844 4542 4446 4550 4764 4433 4949 4478 4844 4586 5240 4992 5045 4844 4509 4531 4469 4788 4586 4879 4692 5079 4555 4859 4459 4696 4673 4803 4558 4556 4836 4723 4813 4228 4579 4565 4616 4936 4521 4886 5120 4308 5134 4440 4759 5060 5151 4865 4606 4722 4831 4198 4489 4720 4768 4496 4770 4903 4942 4271 4728 4647 5137 4229 4844 4425 4587 4591 4758 4563 4784 4718 5221 4387 4697 4638 4828 4856 4719 4616 4819 4802 5209 5110 4263 4422 5155 4361 4596 4523 4787 4960 4740 4676 4538 5233 4736 4710 4696 4703 5181 4757 4856 4588 4703 4822 4541 4081 4832 4737 4815 4970 4726 4763 4714 4327 4666 4909 4418 4399 4716 5229 4954 4821 4609 4915 4484 4976 4972 4884 4744 4464 4465 4942 5000 4451 4978 4878 4992 4451 5048 5046 4613 4590 4626 4857 4597 4536 5048 4188 4742 4861 5032 4796 4548 4864 4626 4575 4671 4675 5023 4898 4350 4345 4805 4987 4943
4920 5283 4859 5033 4705 4533 5010 5397 4486 5228 4635 4728 4784 4745 4903 4839 4654 4677 4418 4667 4845 4861 5320 5459 5057 4802 4528 4933 4913 4745 4847 5124 4766 4630 5293 4633 4623 4703 4864 4860 4843 5116 4781 4903 4993 5045 4803 4878 4831 4687 5023 4948 4903 4413 4864 4475 4731 4888 4831 5104 4785 4729 4740 4869 5270 4757 5019 4983 4940 4705 4644 4856 4776 4858 4500 4501 4542 4835 4285 4787 4841 4795 4992 5191 5013 5365 4857 4890 4626 4752 4915 4703 4816 4845 5217 4778 5009 4518 4631 4866 4972 4524 4576 5105 4767 4964 4470 4700 4497 4691 5082 4912 4974 5047 4594 5115 4928 4890 5143 5250 5155 4662 4832 5176 4340 4565 4617 4998 4787 5008 4674 4856 4601 4903 4419 5155 4582 4747 4789 4644 4874 4739 4722 5015 4886 5235 4750 5197 4829 4630 4927 4595 4696 4890 5098 4966 4985 4539 4602 5232 4404 4760 4732 4765 4699 4854 4713 4535 5329 5338 4919 5171 5085 5231 4671 5233 4938 4641 4970 4940 4300 4917 4707 5024 4897 4847 4891 4698 4664 4871 4826 4455 4539 5054 5198 4855 4867 4685 4898 4417 5017 5251 4826 5047 4464 4713 4844 5045 4776 5064 5016 4544 4685 4815 5149 4951 4815 4523 5055 5093 4546 5040 4576 4686 4731 5137 4822 4680 5047 4527 4868 4845 4750 5001 5118 4440 4419 4789 5112 4866
5010 5509 5244 5060 4736 4756 5181 5254 4884 5445 5164 4703 5275 5269 4889 4909 4759 5276 4803 5042 4744 5195 5356 5413 5336 4812 4579 5269 5137 4996 5274 4797 4760 4828 5428 4750 4814 4929 4823 4993 5082 5130 4972 5152 5249 5489 5144 5024 5321 4953 5081 4948 4749 4829 5129 4470 4727 5297 5222 5439 5365 5175 5077 5110 5544 5192 5404 5000 5021 5083 4870 5311 5184 5282 5127 4439 4753 4923 4873 5064 5103 5374 5060 5401 5181 5527 5153 4975 4804 4965 5104 5074 4999 5071 5818 5017 5201 4887 4958 5142 4955 4823 4870 5190 5053 5359 4951 4693 5094 5094 5127 5035 5295 5600 5092 5193 5024 4915 5399 5114 5264 4970 5018 5371 4683 4720 5112 5374 5093 5101 5069 5303 4952 4847 4883 5225 4935 4924 4764 4689 5141 4965 4961 5135 5316 5564 4983 5471 5044 5034 5271 4832 4958 5145 5293 5322 5494 4674 4953 5304 4764 4989 4997 5259 5283 5329 4967 4792 5651 5204 5293 5168 5276 5204 4848 5537 4912 4693 5235 5087 4395 5366 5179 5128 5131 5021 5264 5140 5232 5100 5035 4890 4486 5279 5319 5395 5058 5068 5008 4479 5229 5246 4931 4950 4510 4788 5459 5013 5145 5170 5033 5264 4973 5120 5524 5105 4932 4681 5338 5216 4751 5327 4792 4972 4993 5206 5173 4876 5308 5023 4898 5142 4845 5319 5573 4745 4733 4811 5343 5138
4509 5027 4754 4712 4681 4532 4832 4933 4647 5060 4463 4448 4698 4791 4524 4364 4895 4842 4519 4555 4583 5057 5115 5196 4874 4255 4654 4670 4673 4521 4856 4650 4183 4484 4777 4343 4399 4649 4749 4707 4750 5107 4898 4664 4720 4852 4469 4740 4825 4806 4795 4611 4364 4188 4731 4428 4634 4692 4530 5049 4888 4448 4551 4799 5247 4751 4660 4822 4525 4548 4611 4903 4639 4670 4486 4221 4410 4709 4499 4588 4659 4712 4956 5072 4921 5111 4665 4784 4261 4682 4655 4442 4571 4618 5441 4842 4872 4165 4740 4784 4713 4797 4422 4804 4888 4663 4460 4545 4337 4668 4880 4854 4923 5128 4518 4744 4533 4809 5232 5138 4925 4742 4651 4875 4342 4489 4693 4951 4616 4491 4780 4763 4216 4557 4524 5037 4501 4680 4704 4546 4823 4560 4590 4745 4695 5170 4584 4809 4567 4602 4854 4455 4808 4632 4765 4578 5024 4434 4316 4941 4516 4683 4635 4470 4801 4631 4609 4535 5191 4938 4638 4589 4408 5127 4569 5116 4417 4516 4755 4602 3935 4660 4579 4987 4834 5002 4698 4715 4418 4687 4751 4412 4099 4960 5241 4797 4445 4783 4752 4616 4876 5054 4980 4719 4302 4447 4773 4711 4443 5150 4774 4824 4694 4807 4945 4809 4564 4493 4984 4763 4498 4949 4344 4538 4802 4685 4766 4712 4633 4524 4535 4839 4430 5169 4787 4359 4250 4729 5223 4863
4806 5080 4678 4987 4561 4620 4790 5080 4593 4887 4553 4558 4708 5072 4696 4635 4796 4756 4512 4530 4838 5017 5165 5265 5089 4525 4500 4846 4509 4691 4737 4863 4557 4299 5042 4454 4273 4586 4493 4597 4956 4821 4778 4520 4891 5196 4571 4708 4649 4573 4627 5009 4689 4311 4791 4068 4418 4883 4947 4923 4576 4868 4610 4641 5005 4681 4828 4736 4847 4580 4650 4978 4596 4867 4687 4303 4234 4741 4518 4637 4957 4912 4853 5169 4732 5217 4410 4908 4361 4529 4687 4448 4775 4516 5160 4669 4829 4278 4575 5001 4742 4569 4437 4902 4674 4803 4415 4416 4290 4666 4842 4687 4645 5139 4594 5041 4415 4688 5070 5042 4898 4791 4839 4821 4259 4725 4589 4719 4444 4793 4796 4725 4362 4633 4585 5120 4448 4674 4497 4423 4700 4540 4612 4959 4601 4865 4733 4878 4651 4679 4755 4538 4683 4842 4699 4756 4886 4270 4575 5226 4297 4435 4611 4824 4511 4578 4556 4412 5331 5088 4872 4500 4938 5006 4465 4836 4600 4474 4752 4773 4214 4861 4737 4926 4728 4867 4776 4828 4492 4560 4820 4288 4336 5029 5338 4769 4554 4698 4864 4269 4805 5096 4804 4702 4346 4560 4889 4654 4570 4997 4802 4900 4702 5013 4801 4577 4653 4374 4979 4800 4473 4949 4316 4557 4533 5035 4760 4757 4907 4274 4530 4705 4363 4958 4867 4559 4342 4792 4970 4828
4905 5144 4961 5050 4862 4599 4794 5229 4636 5284 4851 4576 4932 4780 4946 4913 4787 5002 4717 5005 5120 5020 5368 5268 5027 4583 4811 5052 4899 4877 5021 5169 4555 4856 5376 4601 4816 4818 4707 4884 5278 4936 4769 5011 4911 5212 4774 4856 5133 4787 4981 4834 4887 4584 4882 4599 4698 5013 5154 5554 5095 4732 4950 4801 5303 5118 5203 5018 5076 4788 4964 4851 4783 5286 4934 4431 4642 4914 4496 4942 4872 4856 4995 5300 5159 5560 5071 4899 4686 5213 4960 4777 4964 4827 5630 4851 5125 4733 4996 5009 4965 4641 4822 5106 5178 5198 4705 4767 4562 4981 5216 5061 5185 5144 4549 4974 4765 4896 5135 5358 5094 4915 4954 5139 4689 4752 4982 4903 4855 5075 4835 5315 4867 4815 5027 5197 4900 4569 4785 5003 4732 4813 4776 5141 4915 5357 4742 5179 5027 4854 5008 4884 5272 5113 5163 5144 5004 4572 4512 5020 4723 4746 4642 4816 5135 4868 4755 4929 5601 5286 4779 4955 5135 5435 4596 5116 4587 4885 4962 5057 4109 5122 4906 5057 5219 4999 5054 4889 4889 4805 4983 4451 4504 5037 5411 5110 4941 5022 4821 4207 5251 5244 5043 5008 4527 4517 4981 4992 4890 5165 5227 5122 5042 5233 5144 4968 4925 4538 4976 5106 4876 5472 4389 4894 4889 5126 4986 4924 5327 4801 5098 5128 4787 5145 4936 4769 4409 5078 5173 4916
4510 5090 4725 4809 4622 4347 4612 5101 4526 5207 4837 4821 4835 4910 4594 4746 4748 4686 4525 4640 4767 4680 5233 5231 4959 4619 4505 4662 4568 4719 4836 4498 4378 4240 5214 4486 4787 4676 4679 4447 4954 4975 4883 4780 4722 4965 4733 4835 4838 4567 4734 4688 4641 4351 4651 4545 4532 4858 4812 5383 4655 4704 4853 4550 5043 4669 5113 4798 4541 4607 4612 4799 5141 5098 4727 4254 4613 4807 4552 4838 4824 4637 4823 5010 4745 4900 4785 4759 4508 4864 4570 4695 4872 4513 5411 4816 4941 4434 4732 4871 4748 4624 4491 4850 5130 4983 4324 4564 4570 4968 4991 4711 5244 5190 4173 4853 4594 4725 4988 5099 4909 4785 4869 4788 4259 4494 4756 4925 4844 4661 4808 5066 4930 4738 4593 4966 4534 4625 4572 4719 4804 4909 4529 4733 5094 4961 4513 5018 4267 4535 5055 4560 4872 5144 4941 4952 5193 4600 4742 4833 4554 4727 4569 4437 4978 4715 4425 4301 5637 4936 5268 4688 4696 5188 4597 5166 4534 4384 4763 4735 4180 5050 4897 4935 4993 4646 4932 4639 4609 4887 4702 4601 4337 4999 5206 4723 4569 4950 4671 4468 5275 4930 4870 4791 4440 4385 5010 4850 4692 4791 4952 4815 4725 4649 4920 4668 4751 4566 4993 5198 4496 5121 4336 4726 5000 5030 4898 4464 4887 4446 4589 5022 4488 4905 5101 4573 4282 4858 5101 5089
4749 5374 4979 4919 4936 4548 4681 4932 4718 5389 4908 4787 4769 4956 4834 4731 4827 5250 4534 5015 4786 5090 5273 5315 5211 4806 4505 4955 4847 4891 4826 4822 4761 4561 5422 4747 4838 4684 4632 4838 5034 5116 5009 4912 5121 5334 4591 4858 4731 4947 5133 4834 4717 4638 4878 4671 4887 4993 4877 5218 5243 4920 4786 4863 5186 4874 4957 4989 4806 4614 4871 5073 4936 4968 4718 4684 4867 4946 4463 4825 4906 5211 4938 5171 4999 5316 4980 4898 4388 4610 4795 4785 5262 4893 5461 5049 5198 4381 4696 4988 4853 4778 4610 5026 4822 4990 4622 4711 4779 5082 4787 4929 4927 5444 4565 5070 4849 4947 5428 5147 5110 4810 5023 4877 4525 4508 4711 5203 4810 4856 5039 5253 4812 5069 4605 5296 4478 4795 4642 4642 4677 4813 4799 5136 5145 5193 4668 5148 4710 4851 4763 4760 4940 5248 4797 4930 5141 4605 4479 5194 4525 4850 4716 4772 4922 4624 4746 4591 5440 5390 5173 4759 4740 5235 5002 5349 4846 4833 4944 4664 4264 5127 5074 5126 5177 4865 4957 4776 4688 5084 5157 4569 4433 5130 5273 4799 4580 4952 4590 4661 5024 4913 5033 5153 4641 4650 4932 4769 4740 4938 5199 5096 4604 5048 5134 4807 4949 4659 4919 5084 4592 5198 4504 4791 4930 5056 5002 4925 4760 4586 4861 4880 4635 5098 5239 4759 4501 4954 5188 5258
4865 5411 4860 4738 4879 4857 4916 5066 4532 5320 4883 4869 4746 4653 4803 4832 4962 5213 4479 5080 4588 4922 5241 5314 5210 4369 4719 4787 4681 4815 5051 4977 4711 4517 5070 4677 4757 4765 5012 4949 5036 5003 4860 4817 4916 5459 4769 4771 5011 4648 4833 4834 4725 4858 5248 4353 4618 5001 4922 5336 5073 4735 5004 4636 5318 4831 5225 5075 4788 4564 4797 4975 4968 4878 5009 4334 4738 4872 4650 4888 4893 5048 4846 5175 5020 5349 4942 4985 4750 4785 4836 4823 4875 4770 5265 4885 5192 4796 4815 4806 5065 4795 4478 4784 5099 5144 4664 4744 4601 4755 5072 4943 5240 5256 4628 4935 4909 4701 5261 5076 5077 4956 4699 4951 4521 4542 4948 5047 4711 5032 5081 4986 4776 4667 4706 5111 4766 4735 4736 4628 4881 4855 4783 4933 4920 5160 4807 5015 4697 4983 4982 4567 4911 4947 4968 5086 5121 4590 4546 5031 4489 4847 4764 4734 5176 4845 4804 4648 5694 5054 5110 4834 5049 5271 4889 4977 4454 4698 4735 4973 4291 5183 4715 5030 4873 4912 4890 4659 4823 4962 5007 4575 4212 4980 5574 5101 4841 4980 5008 4349 5109 5305 4881 4787 4368 4397 4988 4755 4847 5151 5078 5129 4976 4960 5274 4796 4999 4572 5134 5112 4744 5267 4448 5013 5005 5145 5092 4928 5163 4711 5025 5198 4793 5316 5320 5001 4054 5058 5275 4887
5007 5113 4656 5028 4794 4593 4931 5034 4679 5318 4756 4799 4871 4727 4642 4983 4732 4832 4516 4818 4904 4910 5093 5242 5080 4742 4532 4919 5095 4835 4814 4910 4330 4597 5317 4515 4733 4888 4591 4919 4977 5159 4728 4780 5030 5194 4821 4978 5196 5034 5031 4698 4755 4490 4816 4617 4871 4810 4960 5286 5238 5172 4875 4880 5250 4850 5049 4919 4613 4889 4658 4798 4829 4907 4742 4624 4554 5020 4364 5112 4886 5089 4882 5116 4933 5127 4844 4926 4658 4781 4827 4564 4894 4659 5403 4698 5321 4449 4869 5157 4822 4525 4630 4965 4894 4648 4621 4433 4644 4855 5025 4861 5028 5250 4647 4749 4819 4865 5237 5298 4941 4579 5031 4914 4593 4451 5058 4791 4701 4647 4722 5270 4987 4958 4616 5362 4768 4897 4678 4302 4823 5060 4792 4990 4933 5116 4639 5184 4729 4923 5058 4611 4751 5310 4885 4948 4954 4763 4723 5099 4486 4672 4588 4693 5119 4902 4627 4531 5372 5166 4718 4887 4756 5489 4822 5377 4810 4704 5155 4624 4373 5074 5112 4854 4875 5114 5049 4861 4608 4945 4867 4574 4325 5065 5152 4894 4835 5018 4801 4546 4917 5061 4855 4911 4434 4493 4941 4610 4453 5329 4860 5025 4757 4954 5103 4758 4719 4874 4917 4757 4624 5263 4504 4734 4905 4882 4826 4948 4992 4811 4730 5199 4699 5113 5050 4303 4447 4662 5068 5144
4773 4795 4789 5122 4411 4493 4778 4926 4785 5111 4534 4576 4677 4410 4401 4601 4649 4771 4534 4953 4903 4604 5170 5122 5064 4575 4326 4745 4565 4703 4686 4817 4303 4398 5233 4348 4387 4593 4723 4598 4918 4880 4564 4874 4971 5096 4512 4688 4695 4323 4748 4542 4898 4199 4634 4565 4393 4732 4484 5011 4936 4715 4512 4649 5078 4915 5067 4875 4575 4574 4662 4940 4730 4645 4556 4436 4668 4803 4337 5008 4567 4950 4916 5077 4584 5212 4913 4643 4549 4624 4684 4781 4765 4515 5311 4909 4906 4458 4528 4706 4690 4592 4546 4917 4499 4746 4224 4582 4547 4709 4891 4810 5012 4952 4513 4998 4649 5055 5322 5362 4629 4618 4646 4894 4295 4613 4567 4864 4850 4707 4634 4870 4487 4582 4452 4942 4543 4503 4735 4573 4660 4722 4450 4977 5047 4994 4803 4811 4782 4588 4749 4713 4756 4843 5040 5000 5005 4546 4378 5131 4331 4499 4418 4831 4644 4696 4707 4689 5260 4813 4506 4512 4891 5016 4523 4971 4550 4500 4647 4718 4128 5086 4643 4802 4935 4650 4640 4496 4688 4780 4717 4462 4204 4888 4878 4699 4696 4742 5019 4272 5002 5091 4875 4747 4057 4702 4615 4953 4591 5119 4988 4917 4509 4901 4823 4552 4321 4413 4859 4904 4408 5182 4237 4476 4736 4893 4913 4730 4754 4548 4617 4702 4393 5092 5016 4115 4141 4727 4901 4897
5155 5397 4998 5145 4694 4720 4921 5049 4837 5244 4972 4666 4967 5202 4680 5102 4815 4921 4509 4710 5018 5079 5333 5228 5149 4645 4785 4947 4912 4907 5002 4977 4480 4398 5098 4770 4693 4643 4862 4903 4909 5222 4940 4981 5191 5346 4858 5299 4885 4923 4960 4837 4811 4622 4885 4540 4765 5040 5091 5347 4925 4873 5033 4749 5337 4911 5167 4964 5071 4717 4835 5021 4908 4780 4952 4627 4749 5101 4639 4831 4791 5080 4919 5352 5178 5242 4896 5242 4681 4976 4964 4677 4906 4779 5553 4938 5191 4545 4865 5157 4902 4640 4663 4912 5130 5026 4572 4736 4604 4823 5213 5192 5396 5620 4602 4957 5029 4954 5171 5321 4972 4871 4846 5125 4511 4523 4916 5199 4943 5089 5082 5059 4863 4738 4983 5222 4544 4753 4920 4722 4999 4804 4866 4950 5006 5443 5082 5172 4827 4802 4957 4578 4820 5170 5242 5083 5403 4538 4765 5169 4705 5060 4657 4770 5121 4829 4904 4633 5556 5317 5079 4994 4944 5255 4803 5172 4767 4663 4849 4809 4377 5161 4966 5088 5053 4809 5008 4861 4716 5017 5108 4704 4657 5246 5026 4916 4801 5149 4844 4481 5253 5123 4999 4830 4617 4785 4975 4738 4629 5174 5153 4936 4843 5057 5095 4836 5039 4693 4909 5075 4579 5354 4400 5057 4884 4921 5041 5021 5246 4480 4740 5016 4663 4953 5078 4742 4429 4997 4997 5156
4956 5401 5054 4977 4736 4670 4847 5154 4737 5456 4729 4949 4746 5015 4729 4901 4670 4955 4425 4684 4858 5030 5192 5215 5304 4624 4609 4986 4903 4943 4930 5078 4767 4490 5168 4698 4761 4571 4533 4674 5045 5037 4834 4758 4792 5515 4806 5098 4844 4850 4900 4767 4762 4609 5053 4400 4759 5065 4825 5395 4956 4881 4494 4818 5180 5015 5385 4894 4826 4794 4904 5102 5003 4849 4907 4697 4716 4981 4499 5192 4853 5005 5038 5356 4850 5185 4980 5006 4662 4903 4637 4677 4995 4739 5420 4713 5156 4401 4841 4867 4864 4628 4561 5053 4845 5020 4661 4727 4525 4786 4882 5089 5388 5277 4626 4913 4773 4893 5430 5249 5279 4635 5304 5158 4344 4701 4650 5175 4699 5053 4869 5157 4689 4933 4700 5230 4615 4675 4837 4427 4692 4825 4978 4917 4969 5285 4970 5236 4758 4719 4880 4647 4921 5149 5036 5276 5185 4518 4541 5238 4479 4743 4563 4739 5260 4766 4877 4809 5440 5317 5030 5004 4934 5162 4905 5231 4851 4618 4958 4933 4626 5344 4868 4953 4994 4785 5175 4861 4626 4690 4938 4632 4551 4992 5195 4830 4800 4870 4646 4293 5171 5441 4998 5079 4388 4713 5247 4832 4900 5091 5090 4580 4795 4937 5070 4910 4826 4520 5166 5153 4553 5139 4510 4834 4817 5035 5107 4728 5099 4497 4675 5027 4858 4819 5224 4689 4474 4743 5011 5420
5232 5460 5115 5130 4771 4741 5056 5317 5286 5651 5029 4762 5337 5310 5031 4801 5009 5244 4956 5213 5022 5083 5467 5532 5477 4797 4669 5170 4951 5125 5197 5264 4805 4696 5515 5034 4770 4888 4884 4702 5216 5303 5389 5039 5277 5277 4815 5187 5104 4661 5305 5088 4901 5039 5172 4870 4632 5310 5216 5585 5238 5021 4945 4996 5603 4982 5352 5270 5168 4788 5214 5285 5329 5197 5124 4498 5017 4982 4629 5029 5309 5393 5029 5406 5113 5549 4973 5275 4857 4997 4834 5056 5230 5133 5704 5136 5359 4634 4893 4803 5164 4796 5058 5335 4927 5143 5080 4993 4920 5003 5162 5175 5291 5263 4648 5209 5010 5376 5395 5627 5587 4899 5084 5372 4667 4785 4891 5099 5187 4981 5260 5337 4897 5142 4862 5575 4780 4812 4989 4808 4992 5269 4838 5423 5279 5547 5388 5353 5030 5097 5417 4959 4970 5274 5375 5219 5481 4832 4851 5601 4662 5052 5063 5001 5111 5214 4932 4806 5768 5504 5305 5103 5088 5396 4905 5542 5049 4823 4865 5207 4480 5331 5093 5176 5429 4857 4973 5174 4963 5176 5021 4951 4456 5467 5699 5133 4863 5008 5150 4668 5416 5247 5291 5331 4766 4767 5353 4905 4988 5441 5143 5227 5075 5319 5280 5068 5342 4850 5457 5267 4658 5448 4823 5039 5143 5197 4965 5012 5228 4882 5004 5174 4956 5325 5419 4729 4626 5003 5419 5324
4741 4771 4585 4858 4492 4371 4725 4955 4749 5158 4671 4560 4736 4579 4427 4603 4526 4793 4303 4433 4642 4541 4820 5001 4887 4328 4343 4595 4975 4486 4632 4516 4266 4166 5239 4271 4421 4428 4289 4393 4795 4838 4771 4531 4658 5074 4545 4496 4622 4574 4927 4545 4452 4361 4810 4361 4361 4641 4580 5256 4702 4453 4484 4897 5184 4643 5101 4900 4451 4380 4499 4792 4737 4794 4520 4115 4388 4662 4303 4460 4891 4824 4520 4928 4768 4807 4878 4854 4269 4509 4517 4482 4612 4715 4908 4642 4899 4378 4207 4483 4373 4653 4498 4887 4503 4588 4447 4563 4594 4577 5077 4644 4682 5000 4408 4644 4854 4547 4941 4896 4999 4565 4637 4929 4353 4394 4639 4769 4596 4860 4725 4610 4331 4622 4357 5006 4124 4611 4207 4393 4739 4646 4487 4757 4544 5082 4704 5004 4558 4463 4970 4547 4617 4910 4707 4887 4917 4345 4403 4900 4114 4342 4284 4604 4765 4657 4454 4394 5033 4681 4933 4652 4608 5006 4560 4897 4755 4507 4809 4457 4065 4988 4513 4794 4882 4511 4700 4566 4414 4856 4859 4468 4255 4891 5029 4641 4490 4578 4631 4551 4907 4809 4569 4928 4530 4250 4958 4606 4425 4978 5041 4759 4624 4654 4879 4636 4569 4328 4686 5036 4235 5011 4056 4350 4560 4754 4450 4641 4678 4394 4543 4661 4406 4777 4902 4470 4380 4234 4969 5253
5111 5621 5223 5310 5012 4945 5232 5429 4996 5656 5289 4951 4977 5501 4949 5125 5103 5302 4951 5160 5180 5232 5807 5902 5473 4849 4924 5233 5087 5233 5119 4964 4932 4802 5704 4905 4971 5056 5015 4869 5370 5361 5059 5029 5325 5661 5320 5422 5372 4961 5170 4915 5137 4882 5252 4788 5040 5331 5478 5859 5247 5343 5139 5091 5627 5235 5585 5158 5245 5063 5161 5367 5117 5339 5456 4888 5008 5276 4846 5301 5145 5300 5378 5551 5258 5671 5027 5383 5008 5284 5193 4994 5337 5164 5695 5225 5644 4874 5102 5458 5405 5068 4915 5392 5400 5329 4915 5054 4916 5243 5344 5182 5775 5618 5013 5516 5026 5288 5648 5586 5354 5171 5264 5072 4693 5032 5408 5240 4890 5477 5242 5551 4831 4853 4840 5612 4876 5079 5032 5101 4799 5238 5024 5281 4931 5596 5055 5522 4891 5070 5347 4994 5294 5525 5214 5497 5634 5058 4949 5494 4841 5057 4995 5166 5334 5164 5051 5001 5922 5392 5214 5295 5238 5724 4992 5737 4938 5033 5234 5277 4535 5306 5347 5393 5421 5143 5289 5106 4971 5244 5016 4841 4966 5720 5841 5271 4977 5307 5172 4767 5665 5456 5546 5000 4849 4862 5064 5136 4828 5459 5335 5522 5241 5186 5450 4884 5025 4842 5274 5268 4977 5543 4773 5377 5050 5210 5263 4989 5290 5023 5116 5502 5019 5332 5317 4896 4668 5273 5310 5262
5024 5495 5014 5231 5207 4610 5436 5441 4720 5443 4996 5408 4971 5351 5125 4967 5011 5435 4870 4986 5206 5417 5738 5837 5297 4990 4859 5167 5074 5296 5286 5249 4777 4978 5661 5025 4993 5234 4952 5226 5368 5349 5299 5167 5318 5656 5091 5340 5197 4991 5069 5095 5159 4994 5251 4892 4914 5179 5319 5455 5156 5001 4975 4916 5506 4943 5440 5311 5087 4785 5053 5069 5124 5334 5243 4980 4758 4890 4632 5439 5304 5406 5257 5260 5392 5806 5300 5308 5199 5219 5343 4860 5171 5006 5827 5023 5545 4652 5477 5364 5361 5000 4898 5346 5339 5220 4889 4977 5033 4946 5446 5028 5367 5545 4962 5442 4925 5024 5468 5631 5122 5252 5328 5434 4943 5102 5188 5197 5113 5372 5270 5336 4816 5227 5018 5578 5029 5084 5155 5112 4901 5040 5016 5285 5139 5451 4975 5690 5086 5358 5182 4866 5185 5303 5450 5493 5641 5138 4867 5357 4903 4857 5072 4968 5283 5055 4796 5001 6056 5537 5431 5244 5583 5663 5036 5615 5035 4715 5053 5404 4481 5528 5161 5176 5368 5318 5371 5344 4929 5351 5136 4885 4757 5350 5884 5189 5140 5021 5215 4926 5400 5382 5110 5284 4785 4941 5175 5311 5155 5346 5364 5370 5298 5354 5533 5258 5141 4664 5336 5384 4930 5568 4727 5365 5271 5373 5306 5366 5610 5137 4918 5316 5123 5390 5266 4741 4830 5223 5430 5267
4877 5072 4833 4789 4748 4426 4953 5176 4771 5092 4761 4536 4626 5085 4715 4432 4783 4773 4463 4656 4731 4774 5161 5393 4959 4735 4599 5010 4801 4674 4640 4806 4289 4491 5210 4384 4486 4806 4773 4464 5044 5187 4598 4534 4783 5068 4672 4803 4847 4771 4886 4663 4670 4226 4891 4231 4735 5099 4732 5076 4787 4623 4634 4812 5283 4835 5180 4716 4824 4746 4588 4806 4815 4771 4533 4479 4493 4735 4139 4783 4870 4976 4971 4869 4793 5154 4806 4764 4495 4856 4929 4756 4714 4732 5350 4673 4992 4184 4558 4943 4862 4565 4353 5016 4721 4936 4525 4593 4510 4639 4961 5064 4915 5153 4792 5116 4482 4779 4996 5165 5023 4745 4748 4610 4326 4737 4620 4909 4664 4937 4709 5134 4653 4791 4221 5144 4316 4764 4728 4456 4957 5055 4562 4950 4778 4939 4500 4826 4774 4665 4800 4584 4676 4815 4925 4837 5058 4622 4837 4964 4552 4934 4581 4811 4564 4794 4518 4595 5426 4839 4972 4845 4807 5144 4654 5305 4725 4565 4772 4967 4121 4790 4675 4845 4944 4813 4946 4649 4794 4574 4699 4487 4352 5033 5223 4775 4703 4801 4976 4544 4817 5049 4822 4799 4244 4460 4834 4957 4381 5023 4920 4749 4828 4766 4993 4675 4712 4554 5051 5035 4556 5030 4431 4708 4684 4978 4689 4735 5070 4599 4565 4655 4643 4950 5229 4409 4368 4946 4987 5033
5077 5300 5062 5461 4952 4721 5553 5332 4962 5500 5144 4880 4934 5256 4845 5031 4821 5148 4787 4867 5129 5195 5444 5680 5209 4807 5000 5124 5326 4963 5098 5274 4744 4717 5322 4698 5018 4873 4747 5196 5272 5418 5274 5022 5032 5307 4681 5412 5164 4902 5012 4875 4974 4923 4891 4711 4955 5108 4989 5486 5041 5149 4844 5098 5511 5068 5270 5161 4936 5104 4987 5352 5044 5128 5169 4579 4858 5052 4595 5133 5067 4940 5112 5582 5142 5487 5497 5302 4681 5295 5249 4882 5160 4955 5795 5317 5271 4625 5060 5420 5016 4775 5041 5378 5171 5066 4867 4782 4966 4891 5291 5055 5449 5484 5158 5129 4971 5130 5458 5594 5200 5044 5187 5331 4925 4489 5120 5227 4890 5226 5296 5087 5031 5202 4841 5265 4762 5125 4865 4874 4972 5103 4986 5263 5078 5561 5010 5304 5107 4957 5221 4916 5137 5111 5357 5158 5707 4966 4913 5317 4882 4962 4924 5060 5350 4721 4798 4874 5695 5481 5599 5227 5121 5582 4837 5398 4846 4749 5225 5120 4397 5183 5020 5280 5351 4971 5242 4902 4841 4927 4961 4688 4417 5358 5709 5105 4867 5051 5062 4745 5187 5404 5290 5202 4437 5122 5290 4961 4879 5185 5375 5134 5093 4937 5051 5172 5137 4855 5147 5304 4644 5557 4828 5015 5278 5134 5100 5046 5346 4742 4968 5040 4773 5484 5411 4728 4620 5126 5419 5518
4945 5107 4932 4746 4606 4640 4625 5005 4768 4907 4557 4318 4538 4627 4715 4667 5023 4831 4678 4523 4738 4936 5127 5151 5034 4550 4450 4609 4658 4737 4763 4656 4467 4264 5057 4476 4576 4544 4716 4515 4924 4699 4623 4513 4914 5028 4485 4758 4568 4437 4668 4866 4542 4392 4554 4327 4344 5134 4864 5065 4672 4541 4816 4592 5023 4826 4929 4865 4666 4608 4599 4783 4806 4908 4439 4344 4611 4813 4180 4795 4508 4855 4790 5159 4873 5052 4792 4755 4390 4694 4849 4718 4550 4600 5145 4721 4929 4379 4525 4766 4788 4440 4581 4869 4676 4812 4461 4563 4542 4849 5059 4690 4760 5115 4339 4722 4734 4719 4844 5200 4648 4851 4729 5003 4347 4328 4679 4890 4788 4652 4835 4890 4705 4810 4643 5078 4383 4447 4728 4542 4691 4632 4433 4910 4548 5003 4424 4801 4678 4573 4841 4555 4744 4842 4529 5002 5122 4164 4465 5013 4212 4640 4388 4528 4709 4750 4531 4694 5233 4840 4718 4830 4952 5073 4451 5036 4509 4551 4609 4938 4050 4798 4771 4783 4961 4744 4798 4799 4297 4831 4661 4119 4448 4887 5125 4744 4681 4555 4745 4154 5011 4775 4575 4817 4349 4538 4721 4805 4572 5100 5149 4730 4841 4891 4873 4868 4723 4327 4888 5017 4343 5321 4140 4549 4694 4873 4770 4697 5107 4426 4628 4840 4425 4848 4814 4446 4202 4750 4930 4906
4951 5304 5129 5132 4896 4577 5256 4944 4956 5612 5004 4814 4823 5239 4743 4799 5081 5160 4766 5350 4899 5077 5658 5455 5034 4740 4784 4904 4985 4698 4929 5246 4550 4644 5507 4723 4920 4810 4797 4802 5365 5259 5044 5024 5019 5457 5075 5013 4907 4738 5210 4729 5017 4841 5035 4657 5018 5341 5098 5567 5153 5076 5009 5127 5439 5076 5242 5130 4931 4668 4855 5353 5018 5213 4790 4699 4848 5081 4815 4908 4916 5117 5392 5310 4853 5429 5067 5305 4676 5127 5111 4918 5141 5047 5803 5009 5400 4632 4849 5209 4869 4746 4831 5037 5023 4898 4948 4966 4789 4612 5116 5222 5263 5449 4780 5000 4786 5255 5307 5435 5129 5174 5162 5081 4669 4912 5133 5116 4913 5152 5087 5308 4956 4734 4855 5334 4938 4970 4860 4645 5036 5093 5013 5011 4979 5274 4877 5287 4859 5089 5154 4876 4978 5138 4954 5368 5314 4808 4835 5411 4806 5111 4988 5082 5156 4910 4714 4759 5569 5250 5163 5157 4975 5354 4587 5206 4927 4907 5301 4858 4508 5323 5130 5354 5025 4979 5170 5004 4788 5071 4939 4645 4532 5461 5544 5055 4822 5024 4626 4604 5303 5362 5255 4993 4543 4823 5159 5061 4755 5210 5130 5041 5200 5278 5091 4772 4730 4672 5252 5286 4822 5477 4818 4956 4976 5226 5030 4973 5079 5099 4752 4966 4540 5459 5204 4866 4663 5332 5182 5131
5082 5119 4793 4905 4474 4618 4728 5047 4861 5192 4746 4753 4943 4790 4754 4925 4853 4975 4763 4925 4817 4873 5389 5413 5137 4591 4594 4943 4617 4812 4833 4817 4506 4519 5205 4772 4718 4574 4570 4569 4934 5051 4726 5075 4804 5135 4670 4944 5027 4528 4597 4665 4839 4744 4873 4478 4638 5142 4920 5126 4796 4621 4768 4714 5457 5033 5151 4933 4829 4533 4803 5178 4860 4930 4867 4306 4642 4718 4368 4801 4844 4895 4892 5094 4823 5089 5007 4893 4403 4917 4915 4791 4827 4762 5390 4641 5104 4472 4809 4863 5005 4376 4721 4921 4867 4903 4596 4583 4590 4817 5076 4814 4993 5064 4604 5216 4505 4959 5005 5395 4963 4798 4989 5248 4410 4741 4724 4882 4966 4774 5088 4936 4590 4988 4851 5069 4171 4529 4750 4864 4842 4873 4934 4903 4940 5027 4655 4719 4611 4818 4940 4685 4745 5154 5187 5129 5185 4447 4517 5087 4434 4632 4605 4711 4978 4797 4536 4538 5290 4966 5041 4930 4820 5265 4366 5242 4884 4503 4761 4690 4390 4999 4819 5198 4859 4647 4885 4755 4378 4882 4893 4524 4306 4975 5196 4630 4643 4810 4793 4356 5084 5362 4934 4977 4511 4518 4873 4963 4564 4865 5214 4717 4805 4913 5086 4986 4839 4505 5177 4914 4711 5231 4412 4646 4810 5370 4791 4720 4974 4642 4574 4969 4783 4994 5211 4508 4483 4827 5205 4846
5226 5638 4983 5195 5050 4786 5116 5543 5014 5536 5078 4950 5031 5242 4951 4970 5131 5241 5116 5224 4947 5481 5688 5647 5534 5038 4875 4875 4879 5252 5111 5303 4879 4725 5520 5090 5143 4909 4726 5019 5232 5334 5242 5045 5290 5471 5132 5267 5500 5021 4707 4845 5010 4712 5057 4851 5062 5408 5222 5385 5054 4944 5103 5013 5625 4902 5506 5083 5191 5022 5191 5247 5127 5314 4952 4728 4837 5091 4513 4934 5238 5301 4991 5466 5269 5584 5199 5209 5102 5197 5116 4790 5153 5162 5652 5078 5256 4544 5077 5265 5115 5020 4904 4961 5190 5184 4808 5048 4765 5009 5453 4870 5594 5199 4800 5368 4853 5007 5502 5922 5331 5029 5207 5162 4892 4765 5035 5302 4969 5410 5117 5264 5001 4992 4942 5683 4958 4973 5048 4875 5018 5125 4958 5459 5528 5533 4948 5478 5186 5214 5147 5018 5281 5285 5162 5389 5587 5211 4960 5272 4633 5153 4853 5121 5518 5115 4871 4933 5786 5271 5099 5134 5308 5669 4787 5294 5106 4787 4968 5401 4587 5322 5354 5161 5188 5271 5228 5007 4897 5026 5035 4722 4822 5376 5560 5006 5140 4986 5021 4724 5285 5372 5289 5174 4780 4684 5207 5151 5130 5233 5289 5261 5202 5340 5126 5080 5253 4853 5591 5149 4897 5623 4837 5294 5190 5341 5262 5214 5222 4951 5022 5371 4977 5283 5268 4711 4821 5427 5373 5235
4867 5081 4651 5051 4874 4362 4652 4999 4336 5123 4329 4639 4685 4648 4475 4774 4723 4877 4222 4797 4636 4783 5290 5054 5119 4702 4412 4515 4752 4790 4910 4751 4493 4542 5063 4291 4291 4558 4819 4799 4785 4769 4524 4765 4862 5233 4772 5031 4846 4731 4773 4675 4463 4370 4760 4526 4607 4769 4584 5362 5106 4842 4560 4609 5052 4763 5136 5010 4942 4575 4764 4977 4810 4982 4690 4567 4417 4796 4208 4922 4813 4755 4815 4946 4806 5461 4867 4648 4740 4827 4692 4688 5041 4466 5165 4662 5180 4360 4821 4810 5004 4396 4648 4887 4765 4799 4474 4422 4398 4796 5050 4608 4845 5074 4743 4836 4634 4838 5049 5128 4759 4520 5057 5070 4390 4700 4640 4891 4585 4667 4740 4897 4716 4709 4635 5139 4314 4409 4664 4463 4632 4578 4623 4784 5095 5010 4581 4948 4620 4625 4588 4538 5033 4765 5006 4971 5156 4753 4392 5005 4630 4735 4587 4535 4936 4757 4741 4596 5263 4854 4963 4943 4738 5111 4561 5071 4647 4636 4741 4581 3955 5024 4560 4676 5099 4818 4777 4545 4210 4770 4722 4383 4356 4849 5030 5029 4709 5017 4962 4361 5168 5210 4550 4776 4448 4523 4731 5031 4436 4745 4709 4886 4629 4898 4874 4654 4802 4386 4685 5093 4447 5078 4233 4991 4585 5126 4727 4693 4883 4708 4725 4748 4620 4984 5224 4445 4469 4826 4648 4944
4740 4719 4873 4865 4541 4293 4657 5007 4557 5120 4547 4384 4651 4667 4631 4557 4636 4664 4549 4692 4718 4799 5088 5287 5050 4268 4286 4709 4529 5029 4617 4470 4282 4427 5201 4457 4266 4686 4676 4333 5004 4828 4457 4631 4738 5024 4677 4679 4946 4684 4697 4614 4556 4338 4542 4388 4363 4761 4559 5131 4693 4700 4526 4499 5221 4522 5170 4990 4631 4597 4767 4568 4722 4757 4674 4250 4479 4734 4311 4752 4757 4917 4750 5071 4827 4925 4850 4714 4646 4619 4564 4680 4551 4731 5009 4712 4729 4250 4617 4873 4712 4375 4531 4793 4616 5079 4218 4355 4357 4664 4866 4613 5103 4877 4465 5118 4578 4596 4995 5030 4564 4667 4622 4837 4301 4689 4645 4639 4490 4696 4671 5054 4488 4570 4698 4817 4366 4657 4352 4524 4529 4739 4494 4845 4906 5029 4476 4600 4480 4754 4631 4545 4615 4921 4783 5057 4991 4304 4491 4981 4226 4691 4490 4503 4747 4457 4676 4590 5264 4954 4682 4652 4764 5010 4552 4944 4303 4503 4639 4773 3799 4933 4756 5006 4855 4775 4795 4692 4780 4653 4719 4665 4157 4728 5079 4872 4597 4704 4937 4186 4905 4866 4745 4812 4384 4137 4733 4717 4492 5193 4919 4974 4478 4736 4964 4725 4500 4663 4608 4922 4305 5034 4140 4601 4780 5041 4815 4484 4548 4473 4515 4909 4464 5009 4811 4335 4145 4742 5085 5026
4949 5522 5103 5325 4964 4739 5120 5354 4979 5282 4884 4628 5265 5453 4812 4972 4968 5034 4834 5315 5020 5474 5749 5594 5477 4845 4657 5300 4954 4804 5226 5081 4821 4645 5436 4886 4835 4949 4636 4833 5223 5278 5137 5126 5155 5408 5133 5335 4656 4978 5227 4824 4892 4635 4790 4668 4805 5132 5317 5496 5256 5118 5070 5154 5249 4969 5321 5124 4982 4848 4942 5224 5135 5291 5027 4716 4874 5020 4806 5189 5169 5217 5097 5615 5248 5417 4688 5108 4703 5220 5046 4914 4973 4861 5783 5033 5310 4645 4754 5317 5009 4754 4782 5097 5176 5070 4994 4959 4715 5070 5423 4924 5076 5398 4555 5036 4927 5221 5398 5285 5255 4885 5169 5316 4793 4979 4941 4936 5066 5003 5001 5272 4931 5046 4799 5530 4938 4722 4797 4784 5134 4908 4831 5113 5240 5403 5047 5181 5074 5084 5348 4981 4924 5223 4860 5306 5391 4651 4747 5081 4781 5042 5058 4932 5101 4989 4818 4775 5467 5350 4939 5193 4806 5493 4731 5260 4812 4916 5156 5213 4372 5189 4990 5113 5182 4983 5280 4973 4873 5183 5215 4827 4759 5272 5562 5100 4704 4981 5102 4720 5403 5175 5075 5096 4769 4967 5169 5092 4803 5364 5341 5142 4896 5258 5235 5191 5102 5004 5154 5124 4706 5565 4608 5157 5147 5501 4893 4966 5174 4843 5066 5293 4834 5050 5247 4612 4634 5038 5113 5384
4748 4919 4782 4833 4599 4540 4726 4873 4432 4962 4688 4631 4632 4753 4619 4507 4720 4559 4288 4808 4625 4853 5174 5123 4825 4506 4475 4771 4699 4598 4719 4624 4307 4570 4950 4480 4653 4444 4718 4444 4630 4934 4752 4602 4523 5105 4638 4787 4854 4677 4642 4479 4592 4366 4770 4209 4428 5019 4522 4964 4779 4507 4571 4639 5120 4779 5032 4450 4738 4412 4303 4774 4750 4599 4464 4167 4390 4770 4410 4793 4663 4902 5011 5030 4690 4838 4867 4793 4260 4673 4695 4768 4495 4659 5049 4916 4831 4299 4636 4856 4505 4651 4622 4611 4573 4629 4540 4248 4456 4536 4881 4651 4838 4963 4346 4869 4599 4727 5071 4873 4854 4850 4705 4660 4219 4532 4815 4827 4655 4916 4601 4990 4589 4598 4517 4805 4380 4856 4672 4554 4902 4645 4713 4812 4673 4819 4647 4842 4663 4558 4746 4723 4626 4748 4665 4786 5163 4386 4156 5117 4429 4507 4678 4768 4726 4759 4372 4337 5224 4691 4852 4741 4658 5021 4538 5161 4400 4594 5227 4658 3932 5108 4623 4905 4718 4659 4802 4615 4740 4830 4595 4357 4523 5095 5009 4696 4521 4594 4623 4499 4815 5192 4517 4740 4331 4409 4893 4830 4397 5023 5030 4731 4766 4788 4796 4526 4529 4380 4807 4900 4525 4974 4506 4638 4572 4811 4591 4584 4769 4592 4540 4912 4543 4825 5027 4276 4205 4641 4866 4765
4639 4991 4764 4868 4539 4465 4620 4699 4719 5081 4575 4718 4889 4863 4468 4517 4746 4902 4452 4898 4558 4782 5156 5025 4906 4562 4371 4751 4697 5012 4555 4738 4395 4396 5138 4399 4481 4637 4301 4606 5000 4781 4790 4661 4793 5089 4485 4895 4779 4413 4936 4842 4716 4561 4751 4565 4390 5025 4642 5115 4987 4658 4553 4537 5222 4497 4911 4638 4838 4611 4552 4856 5038 4807 4609 4259 4664 4504 4246 4665 4998 4620 4816 5086 4781 4967 4820 4503 4499 4588 4732 4632 4894 4562 4998 4570 4773 4318 4758 4782 4608 4684 4657 4926 4504 4687 4585 4578 4620 4775 4837 4750 4858 5089 4387 4719 4434 4665 4876 5061 4830 4681 4499 4750 4399 4473 4692 4778 4689 4945 4971 4873 4211 4634 4687 5021 4484 4472 4436 4450 4463 4630 4814 4704 4603 5021 4873 5044 4473 4557 4731 4604 4675 4885 4764 4735 5318 4221 4218 4736 4256 4552 4751 4698 4713 4597 4336 4582 5073 4848 5203 4562 4629 5215 4570 5130 4526 4579 4696 4658 4121 4936 4670 4816 4819 4658 4713 4705 4651 4715 4623 4693 4045 4908 5181 4650 4404 4577 4514 4486 4825 4878 4758 4978 4352 4498 5042 4634 4392 5161 4907 4906 4640 4948 4898 4663 4643 4518 4953 4972 4579 5283 4410 4849 4671 4769 4602 4873 4811 4508 4353 4967 4320 4860 4790 4697 4438 4699 4753 4931
4999 5094 4959 5105 4678 4632 4874 4977 4842 5202 4712 4766 4971 4953 4727 4849 4830 4980 4715 4805 4915 5003 5259 5317 5325 4906 4634 4886 4994 5035 4707 5006 4571 4668 5295 4612 4636 4895 4650 4636 5203 4982 4974 5073 5081 5291 4635 5093 5047 4798 5144 4860 4805 4461 4741 4563 4620 5020 4861 5394 4965 4927 4683 4694 5252 5003 4980 4827 4900 4993 4773 5092 4937 5095 4842 4413 4557 4937 4428 5029 5155 4956 4943 5342 4929 5281 4755 5034 4728 5017 5137 4752 4919 4765 5539 4975 5038 4449 4815 5154 4619 4801 4938 5006 4835 4879 4810 4729 4956 4893 5077 5002 4989 5617 4544 4825 4822 4728 5197 5353 4903 4713 4887 4991 4712 4633 4724 4989 4751 4842 4851 5147 4777 4930 4545 5343 4745 4547 4773 4690 4877 4890 4916 5100 4775 5242 4807 5159 4548 5012 5017 4486 4717 5198 4824 5061 5357 4534 4612 5185 4740 4720 4864 4852 4866 4951 4761 4534 5436 4964 5089 4916 4803 5422 4840 5040 4608 4576 4922 4786 4409 4952 4959 5176 5031 5215 4945 4734 4673 4986 4568 4437 4417 4969 5197 4991 4700 4890 4952 4678 5000 5207 4750 5138 4257 4603 5054 4706 4663 5297 5059 5051 4996 5140 5110 5079 4802 4755 4931 5047 4701 5151 4357 4785 5073 4832 4870 4930 5125 4722 4867 5083 4633 4998 5044 4593 4349 4859 5335 5007
4523 4891 4433 4697 4402 4217 4514 4940 4436 4953 4594 4283 4576 4812 4254 4391 4187 4427 4353 4621 4290 4644 4795 4977 4876 4405 4278 4634 4451 4737 4533 4509 4400 4154 5091 4369 4304 4402 4485 4264 4917 4628 4308 4617 4829 4842 4666 4604 4559 4387 4430 4581 4354 4405 4540 4177 4332 4762 4463 4938 4613 4397 4713 4491 4830 4463 5039 4666 4452 4479 4512 4788 4701 4800 4545 4326 4351 4723 4107 4524 4631 4601 4508 4663 4718 4766 4517 4496 4683 4557 4582 4358 4469 4499 4998 4596 4765 3775 4431 4693 4595 4579 4467 4431 4466 4629 4204 4386 4614 4567 4951 4532 4735 5030 4346 4719 4396 4438 4605 4883 4754 4484 4477 4526 4036 4626 4492 4670 4415 4747 4672 4828 4245 4500 4100 4990 4295 4355 4377 4354 4475 4766 4429 4728 4668 4572 4473 4942 4206 4587 4879 4545 4490 4883 4647 4888 4975 4350 4451 4728 4100 4483 4486 4429 4537 4667 4380 4325 5049 4770 4629 4385 4478 4860 4429 5007 4598 4325 4489 4673 3966 4708 4696 4633 4807 4425 4804 4406 4510 4591 4244 4473 4051 4580 4878 4487 4281 4382 4637 4307 4752 4829 4429 4521 4037 4273 4725 4810 4454 5021 4735 4676 4449 4666 4685 4712 4367 4236 4630 4728 4226 4858 4169 4528 4532 4756 4621 4490 4596 4405 4294 4759 4573 4612 4840 4482 4411 4358 4603 4725
4814 5120 4913 4941 4749 4666 4744 5064 4961 5369 4660 4741 4898 4981 4942 4831 4591 5153 4781 4714 4773 4969 5074 5337 5291 4690 4634 4894 4837 4868 4810 4941 4575 4544 5248 4773 4837 4644 4726 4827 5105 5024 5135 4815 5133 5311 4583 4961 5015 4931 4891 4768 4717 4484 4886 4556 4908 5487 4856 5527 4840 4707 5027 4980 5324 5063 5278 4833 4820 4610 4707 5004 4934 4930 4878 4353 4493 4775 4350 4727 4676 4989 4901 5105 5073 5297 4772 4930 4751 4799 4842 5054 4980 4693 5404 4854 4986 4749 4934 4915 4955 4683 4631 4976 5021 4858 4630 4767 4874 4790 4810 5056 5028 4984 4642 4900 4908 4891 5252 5190 4985 4714 4943 4732 4343 4627 4823 5075 4605 4869 4850 5263 4776 4959 4751 5122 4736 4916 4708 4559 4741 4970 4888 4988 4828 5177 4858 5120 4747 4707 4785 4683 4922 5092 4725 5290 5364 4496 4549 4988 4788 4836 4708 4784 4920 4568 5022 4726 5391 4946 4996 4980 5099 5164 4594 5322 4752 4689 5069 4728 4185 4826 4920 5045 4951 4808 5002 4388 4775 5139 4997 4559 4473 5123 5208 4708 4719 4948 4937 4510 5000 5168 4954 4991 4603 4423 4956 5186 4756 5023 4904 5015 4800 4912 5393 4764 4890 4765 4960 4942 4760 5463 4517 4873 4926 5338 4776 4770 4875 4654 4616 5015 4481 5089 5123 4630 4386 4789 5046 5102
5385 5561 5094 5389 5169 5204 5128 5738 5243 5722 5292 5278 5381 5082 5226 5217 5300 5219 5408 5313 5505 5493 5978 5711 5378 4876 5061 5218 5342 5104 5391 5405 4902 5005 5897 5044 5186 5175 5135 5323 5594 5546 5279 5277 5240 5671 5026 5468 5627 5216 5064 5162 5428 4915 5433 5057 5215 5687 5311 5901 5444 5448 5003 5364 5639 5679 5961 5407 5399 4995 5006 5378 5336 5344 4870 5035 5218 5298 4823 5344 5171 5506 5531 5447 5315 5558 5591 5284 5162 5077 5286 5206 5556 5134 5871 5352 5498 5002 5509 5299 5374 5000 5075 5407 5381 5434 4959 5197 5283 5061 5675 5457 5436 5884 5158 5711 5157 5205 5672 5840 5298 5232 5670 5747 4820 5205 5211 5301 5249 5274 5515 5575 5126 5269 5198 5550 5104 5266 5173 5154 5202 5461 5347 5274 5520 5700 5133 5592 5152 5084 5384 5179 5271 5509 5343 5661 5935 4788 5025 5435 5325 4986 5097 5181 5270 5307 5194 5250 5799 5350 5491 5523 5363 5850 5521 5574 5020 5101 5623 5159 4714 5566 5249 5409 5379 5368 5254 5400 4977 5210 5317 4771 5000 5676 5723 5502 5176 5194 5231 4981 5630 5487 5608 5269 4873 5046 5476 5629 5266 5533 5569 5634 5071 5380 5615 5058 5064 4986 5460 5473 4970 5512 4712 5433 5276 5339 5341 5161 5446 5178 5109 5237 4979 5587 5680 5191 4919 5412 5398 5539
5088 5222 5088 5327 4637 4539 5195 5342 4885 5272 4978 4862 4833 5032 4696 4723 4880 4877 4798 4898 5017 5053 5390 5457 5071 4709 4569 4825 4938 4805 5015 5011 4646 4759 5334 4638 5092 4559 4702 4806 5162 4903 4862 4945 4934 5345 4842 5154 4946 5194 5033 4680 4787 4348 5115 4367 4912 5075 4990 5184 5088 4701 4691 4906 5496 4931 5173 4986 4892 4844 4716 5159 5080 5246 4685 4502 4540 5358 4460 4883 4787 5044 5039 5271 4956 5245 5022 4923 4438 4794 5070 4626 4846 4778 5270 4764 5110 4408 4860 5242 4917 4606 4522 5043 5074 4946 4570 4901 4751 4690 5222 5151 4738 5497 4487 5025 4863 5054 5286 5464 4988 4923 5196 5041 4457 4457 5030 5283 5068 4921 4972 5200 4635 4813 4939 5433 4481 5067 4724 4755 4831 4990 4840 5231 4999 5040 4570 5126 4733 4780 5032 4639 4940 5219 5110 5073 5234 4794 4545 5254 4519 5119 4417 4788 5273 4616 4736 4609 5561 5041 4790 4839 4819 5566 4637 5239 4873 4617 5308 4857 4322 5127 5193 5015 4977 4912 5008 4877 4657 4669 4979 4539 4735 5157 5423 5067 4848 4969 4704 4525 4951 5279 5061 4811 4732 4694 5030 4949 4765 5009 5037 4930 4769 4872 5041 4871 4907 4639 5243 5194 4715 5200 4417 4628 4763 5154 4728 4628 5018 4711 4817 4888 4630 5076 5270 4698 4629 4710 4971 5181
5069 5049 4734 5192 4824 4615 5011 5242 4785 5248 4865 4801 4880 5071 4494 4854 4779 5077 4665 4982 4741 4919 5405 5504 5079 4662 4813 4936 4666 4940 4816 5123 4757 4907 5299 4772 4655 4897 4554 4995 4930 5122 4962 4729 4794 5325 4578 4946 4745 4993 4931 4926 4824 4898 5009 4690 4712 5072 5105 5239 4908 4889 4891 5081 5585 4990 5332 5011 5097 4633 4600 5000 4839 4970 4961 4480 4619 4669 4239 4915 4899 4963 5059 5252 4980 5156 4721 5205 4608 4909 4906 4756 4818 4988 5376 4910 5018 4361 4835 4852 4880 4798 4879 4828 4908 4979 4806 4578 4671 4706 5001 4877 5235 5231 4405 5136 4823 5173 5125 5382 5235 5007 5117 5165 4457 4546 4950 5197 4685 5087 5147 5320 4877 4713 4508 5085 4527 4809 4745 4539 4963 4966 5026 4877 4770 5128 5080 5064 4667 5237 4989 4777 4973 4964 5017 5300 5360 4574 4747 5398 4623 4845 4745 4756 4801 4933 4697 4554 5428 5103 5144 4751 4901 5156 4855 5294 4928 4794 5271 4916 4262 4909 4957 4780 4920 4921 4915 5021 4818 5084 4855 4270 4520 5066 5239 5022 4926 4929 5056 4595 4842 4994 4934 4945 4507 4856 4895 4741 4960 5182 4869 5114 4845 5055 5279 4799 4793 4299 5111 4676 4722 5080 4530 5085 4735 4974 4892 4878 4973 4754 4754 4975 4725 4993 5181 4513 4488 4821 5237 4994
5119 5208 4991 4886 4418 4479 4797 5232 4930 5352 4611 4649 4731 4879 4746 4768 4786 5029 4799 4697 4963 5085 5106 5176 5093 4518 4463 4875 4832 4647 4704 4596 4295 4469 5218 4522 4470 4562 4824 4466 4849 4880 4915 4804 4947 5267 4793 4943 4799 4852 4846 4637 4689 4597 4780 4342 4538 4961 4669 5180 4767 4601 4685 4882 5270 4868 5205 4853 4704 4664 4694 4485 4708 4671 4484 4377 4649 4929 4330 4962 4886 4832 4830 5134 4780 5158 5053 4892 4538 4667 4639 4383 4384 4870 5209 4637 4966 4654 4606 4838 4839 4613 4678 5108 4788 5038 4562 4664 4504 4821 5084 4664 5023 5031 4434 4856 4547 4856 5319 5259 5060 4469 4872 5040 4423 4436 4665 5035 4843 4696 4794 5032 4664 4614 4484 5216 4395 4755 4447 4540 4743 4761 4788 4993 4790 5109 4767 5070 4706 4773 4820 4520 4652 5050 4873 5207 5089 4579 4549 5231 4398 4822 4519 4691 4679 4825 4623 4565 5077 4992 4819 5241 5043 4983 4593 5086 4751 4618 4735 4722 4257 4904 5034 4887 5028 4843 4951 4821 4447 4795 4873 4681 4570 5038 5347 4658 4617 4780 4807 4365 5141 5116 4868 4926 4410 4470 5182 4730 4685 5057 4945 4824 4876 4716 4920 4882 4550 4528 5035 4878 4734 5298 4497 4855 4839 4951 4646 4760 4791 4739 4754 4852 4811 4866 4955 4315 4589 4874 4901 5273
4669 4965 4834 5092 4664 4729 4947 4841 4902 4976 4718 4804 4970 4887 4573 4601 4806 4797 4555 4494 4608 4811 5299 5184 5246 4341 4770 4946 4732 4771 4699 4793 4735 4450 5105 4400 4649 4681 4443 4544 4807 4919 4632 4809 4950 5061 4827 4968 4697 4870 4688 4719 4657 4543 4775 4484 4455 5080 4744 5207 4866 4548 4489 4694 5277 4893 5248 4907 4883 4690 4387 4853 4949 4873 4422 4435 4528 4498 4413 4921 4800 4739 4770 5059 4983 5224 4938 4662 4368 4672 4688 5011 4800 4792 4998 4687 5037 4269 4761 4553 4698 4673 4582 4761 4912 4681 4466 4502 4617 4810 5004 4853 4814 5033 4775 4683 4355 4935 5126 5233 5177 4695 4769 5157 4690 4653 5026 4789 4690 4948 4949 4695 4505 4787 4344 4766 4160 4645 4650 4340 4542 4687 4702 4862 4860 4997 4771 5076 4553 4577 4826 4635 4714 4803 4850 4797 5243 4484 4307 4932 4609 4479 4540 4740 4692 4683 4471 4494 5249 4871 4890 4845 4918 4935 4607 4993 4537 4488 4840 4699 4115 4681 4435 5127 4694 4961 4665 4675 4575 4840 4919 4421 4379 5121 5359 4821 4404 4639 4658 4503 4738 5067 4725 4895 4436 4314 4838 4756 4681 5043 4980 4932 4928 4954 5159 4770 4505 4534 4819 4750 4536 5218 4456 4822 4597 4697 4616 5057 4895 4716 4260 4768 4599 5048 5000 4352 4431 4795 4825 4768
4349 4950 4734 4779 4553 4456 4643 4779 4570 4930 4507 4441 4678 4560 4446 4754 4701 4719 4492 4376 4719 4917 5018 5257 4903 4398 4494 4916 4495 4663 4539 4402 4325 4436 5122 4126 4201 4357 4541 4555 4627 4738 4695 4560 4741 4913 4539 4742 4663 4640 4698 4564 4467 4293 4579 4431 4609 4734 4635 5095 4873 4503 4478 4692 5154 4548 4859 4769 4373 4508 4424 4759 4574 4588 4188 4213 4346 4715 4398 4808 4652 4682 4619 5024 4626 5145 4747 4764 4388 4499 4675 4363 4902 4544 4951 4706 4825 4374 4591 4631 4380 4450 4508 5006 4660 4596 4322 4358 4310 4729 4880 4660 4726 4908 4364 4997 4453 4414 4944 4830 4951 4634 4732 4703 4288 4551 4599 5030 4515 4480 4616 4658 4256 4667 4530 4906 4326 4507 4384 4395 4538 4660 4422 4751 4697 5031 4542 4798 4473 4741 4812 4470 4568 4497 4435 4747 4970 4391 4154 4894 4143 4599 4360 4591 4604 4574 4498 4662 5126 4934 4742 4682 4622 4917 4443 4999 4489 4380 4459 4644 4177 4906 4621 4981 4648 4570 4718 4628 4427 4552 4700 4357 4273 4635 4980 4386 4655 4460 4503 4315 4956 5032 4802 4651 4185 4237 4700 4553 4266 4806 4650 4768 4593 5015 4658 4744 4613 4490 4742 4955 4364 4816 4190 4657 4641 4731 4687 4653 4698 4337 4643 4691 4383 5020 4912 4409 4180 4824 4923 4777
4989 5088 4776 5063 4786 5057 5154 5251 4671 5324 4947 4987 5005 5241 4879 4734 4936 5166 4990 5144 4767 5174 5616 5510 5256 4779 4711 4919 4948 4893 4895 5041 4674 4714 5622 4623 4681 4947 4950 5162 5343 5107 5061 4968 5220 5404 4906 4997 5015 4963 4943 5122 5075 4772 5122 4741 4623 5175 5185 5256 5096 4992 4690 5023 5571 4897 5353 5066 4966 4643 4645 5292 5041 5213 4870 4718 4890 4829 4716 5236 4955 5188 5209 5439 4984 5213 4978 5000 4915 4932 4966 4857 4868 4905 5518 5068 4935 4646 4777 5131 5049 4823 4888 5092 4713 5219 4822 4937 4734 4946 5139 4996 5190 5685 4938 5238 4850 4966 5392 5317 5147 4849 5052 5189 4523 4634 4927 5210 5008 5005 5152 5308 4644 4839 4747 5445 4646 4679 4903 4742 5124 5086 4922 5015 4938 5378 4807 5183 4953 4918 5289 5105 4702 4966 4977 5127 5344 4531 4786 5545 4634 4971 4750 4938 5014 4893 4703 5009 5435 5165 5280 5130 5133 5574 4959 5302 4797 4767 5239 4914 4614 5367 5271 5101 5077 5210 5043 5079 4817 4744 5004 4592 4602 5383 5511 5129 4966 4927 5008 4706 5168 5295 5094 4897 4529 4768 5227 5291 4975 5474 5418 5237 4911 5075 5223 4797 5050 4784 5225 4984 4573 5379 4580 4991 4981 5062 4916 4865 5249 4983 4726 5145 4719 5027 5261 4747 4537 5048 5235 5131
4597 5088 4512 4681 4714 4569 4829 4909 4798 4931 4644 4570 4527 4699 4771 4931 4556 4749 4607 4859 4774 4905 5180 4941 5113 4649 4416 4741 4600 4693 4789 4667 4556 4555 5069 4525 4565 4684 4502 4839 4893 4979 4683 4693 4835 4951 4315 4797 4696 4730 4858 4694 4691 4467 4574 4464 4544 4999 4800 5168 5020 4646 4865 4684 4967 5006 5049 4619 4721 4462 4569 4830 5102 4725 4587 4276 4666 4571 4391 4783 4596 4904 4772 5048 4712 5182 4877 4726 4554 4554 4698 4535 4814 4568 5192 4803 5024 4196 4655 4987 4853 4370 4524 4777 5021 4858 4536 4357 4406 4711 5054 4660 4873 5246 4553 4765 4374 4642 5033 4765 4722 4448 4653 4802 4275 4740 4975 4724 4463 4634 4611 5046 4775 4685 4461 5039 4633 4604 4462 4390 4583 4562 4592 5010 4852 4869 4481 4726 4743 4721 4848 4353 5046 4861 4478 4939 5168 4190 4457 4885 4448 4335 4804 4733 4759 4757 4484 4497 5360 4851 4631 4814 4928 5118 4379 5133 4275 4374 4550 4729 4104 5193 4647 4692 4731 4696 4766 4592 4446 4779 4754 4364 4365 5039 5085 4858 4687 4660 4658 4250 5012 4939 4662 4927 4376 4191 4945 4754 4750 4834 4742 4669 4558 4885 4970 4694 4639 4544 4828 4766 4365 4950 4439 4748 4803 4969 4892 4895 5020 4458 4642 4748 4592 4905 5086 4686 4283 4774 4916 5221
4568 4760 4506 4728 4323 4174 4557 4886 4410 4940 4549 4358 4605 4405 4283 4261 4465 4687 4229 4547 4401 4572 4664 5100 4868 4258 4393 4400 4576 4353 4436 4285 4281 4285 4831 4219 4298 4219 4308 4391 4544 4585 4370 4607 4397 4876 4542 4841 4604 4592 4401 4379 4361 4073 4619 4222 4303 4418 4494 5115 4725 4306 4493 4401 5102 4403 4686 4416 4222 4270 4185 4548 4566 4849 4431 4042 4056 4421 4102 4774 4223 4674 4309 5015 4544 4848 4438 4736 4289 4485 4378 4357 4494 4353 4974 4260 4771 4153 4409 4557 4618 4370 4257 4488 4491 4730 4210 4092 4267 4254 4600 4482 4556 4868 4077 4646 4203 4539 4982 5020 4391 4309 4312 4721 4113 4024 4515 4530 4509 4470 4583 4775 4356 4485 4162 4726 4272 4593 4393 4305 4541 4412 4392 4558 4577 4756 4368 4588 4511 4493 4785 4206 4400 4867 4595 4753 4823 4380 4178 4768 4390 4183 4416 4119 4606 4409 4336 4173 5110 4775 4509 4548 4294 5118 3993 4913 4355 4323 4593 4217 3614 4527 4470 4632 4504 4332 4726 4343 4441 4392 4461 4249 4087 4670 4962 4576 4335 4549 4583 4042 4985 4542 4574 4424 4100 4302 4606 4608 4135 4677 4615 4720 4563 4346 4707 4390 4564 4304 4547 4490 4245 5136 4085 4320 4580 4580 4566 4583 4806 4263 4373 4521 4053 4741 4490 3901 4104 4136 4744 4734
4789 4999 4738 4811 4142 4280 4735 4893 4532 4869 4629 4412 4837 5003 4502 4557 4457 4897 4415 4737 4660 4389 5058 5053 4915 4287 4440 4525 4550 4769 4510 4776 4428 4399 5053 4476 4657 4622 4336 4466 4769 4694 4771 5053 4545 5102 4678 4883 4853 4663 4709 4742 4602 4324 4977 4564 4282 4676 4558 5170 4735 4443 4521 4537 5245 4707 4799 4761 4512 4524 4563 4862 4730 4876 4576 4340 4315 4617 4354 4682 4524 4699 4807 4864 4564 5014 4721 4659 4533 4734 4843 4492 4750 4820 5178 4621 4748 4361 4345 4804 4700 4378 4558 4832 4818 4497 4389 4398 4542 4725 4670 4506 5057 5016 4288 4830 4658 4574 5028 5185 4680 4382 4456 4805 4258 4222 4574 4881 4583 4620 4831 4785 4599 4342 4296 4902 4153 4600 4488 4623 4465 4495 4646 4736 4642 4846 4714 4860 4538 4330 4873 4367 4390 4859 4832 4869 5212 4610 4453 4989 4364 4668 4473 4502 4707 4458 4307 4510 5053 4929 5181 4621 4691 5178 4487 4898 4249 4127 4757 4813 4216 4855 4536 4792 4804 4630 4831 4668 4327 4660 4790 4340 3993 4753 4927 4585 4607 4711 4432 4247 4816 4954 4767 4584 4145 4473 4745 4683 4530 4949 5069 4783 4727 4698 4892 4374 4877 4284 4954 4996 4489 5156 4535 4650 4353 4961 4440 4793 4810 4405 4385 4816 4657 4914 4997 4321 4395 4651 4795 4987
4763 5229 4745 4670 4398 4391 4933 4867 4542 5140 4445 4402 4486 4738 4282 4496 4262 4666 4392 4727 4758 4658 5228 4996 4911 4638 4490 4583 4443 4585 4490 4822 4325 4150 5238 4632 4537 4649 4302 4582 4618 4883 4525 4526 4730 4993 4808 4759 4585 4475 4532 4558 4495 4074 4713 4311 4613 5129 4811 5014 4649 4679 4533 4341 4873 4643 5060 4584 4359 4541 4434 4901 4458 4589 4448 4317 4292 4771 4308 4828 4639 4558 4783 4975 4656 5044 4894 4520 4250 4726 4820 4480 4783 4352 5331 4638 4748 4081 4381 4763 4638 4359 4433 4965 4774 4633 4304 4572 4367 4590 4775 4932 4937 5042 4153 4723 4471 4739 4953 5048 4832 4287 4702 4982 4385 4479 4494 4782 4409 4978 4905 4808 4596 4753 4401 5087 4289 4453 4580 4382 4509 4332 4446 4974 4705 4859 4341 4970 4609 4416 4700 4530 4785 4743 4865 4915 5045 4379 4473 4965 4283 4594 4516 4440 4568 4733 4483 4532 5349 4826 4682 4762 4662 4918 4490 5208 4656 4154 4753 4692 4239 4836 4725 4603 4762 4473 5073 4522 4535 4759 4613 4179 4383 5022 5030 4655 4487 4826 4644 4104 4976 5203 4637 4749 4088 4403 4770 4785 4391 4883 4703 4772 4577 4776 4739 4402 4530 4319 4827 4814 4376 4894 4005 4432 4525 5215 4561 4683 4795 4541 4404 4826 4479 4729 5218 4276 4354 4581 4949 4778
5154 5371 5308 5319 4657 4764 4988 5308 4928 5332 5036 4874 4904 4992 4848 4971 4808 5007 4763 5120 5096 5167 5283 5485 5085 4666 4867 5173 5172 4871 5010 5136 4633 4779 5419 4755 4788 4854 4663 5264 5139 5392 4985 4917 5235 5331 5020 5124 4978 4863 5139 4937 4762 4741 5134 4658 4805 4934 5095 5353 5064 5046 5038 5079 5535 5075 5568 4827 5139 4817 4996 4911 5163 5188 4962 4630 4599 5248 4554 5133 5051 4972 5002 5514 5292 5495 4840 5068 4852 5015 5057 4854 4857 4954 5411 4827 5267 4611 5069 4989 5072 4739 4622 5109 4830 5231 4808 4897 4779 4742 5385 5044 5300 5434 4701 5247 4875 5185 5530 5745 5424 4907 5230 5241 4890 4747 5085 5149 4954 4893 4999 5348 4914 5036 4824 5122 4733 4981 4982 4939 4880 5037 5144 5150 5291 5558 5164 5329 5189 5050 4925 5119 4906 5155 5333 5624 5220 4616 4708 5293 4480 4947 4657 4897 5321 5238 4959 4808 5784 5304 5026 5108 5144 5339 4847 5248 4854 4483 5206 5003 4358 5446 5123 5010 5281 4715 5021 5135 4901 5094 5131 4730 4803 5179 5409 5100 4850 5123 4995 4608 5332 5240 4890 4850 4673 4740 5120 4984 4656 5258 5025 4873 4814 5119 5389 4923 5106 5023 5145 5191 4969 5421 4583 5069 4929 5014 5260 5063 5235 4850 4991 5183 4775 5187 5130 4563 4608 5044 5227 5211
4951 5443 5346 5291 5130 5011 4900 5405 4857 5203 4928 4818 5052 5060 4804 4826 4984 5121 4686 4990 5031 5269 5583 5400 5208 4702 4546 4968 5034 4844 4996 5040 4680 4751 5278 4567 4985 5012 4733 4891 5108 5191 4924 5030 5189 5521 4806 5205 4959 4995 5215 5012 5113 4744 5035 4390 4725 5041 5206 5452 5080 4918 4988 4911 5316 5150 5268 5230 4893 4779 4848 5287 5028 5058 4883 4579 4604 4859 4407 5168 4910 5050 4933 5328 5050 5175 5049 5249 4882 5094 4957 4750 4908 4944 5540 5120 5422 4668 5112 5114 5021 5108 4690 4938 5154 5040 5057 4731 4911 4770 5003 5152 5116 5468 4718 5027 4835 4806 5380 5224 5328 4833 5210 5091 4675 4832 5063 5056 4888 5027 4981 5049 4809 4743 4838 5648 4427 4784 4864 4612 4678 4964 5011 5077 5182 5311 4811 5112 4669 4609 5046 4762 4973 5029 4993 5011 5319 4337 4746 4972 4633 4953 4680 4871 5215 5128 4785 4661 5493 5112 5064 5184 5070 5250 4659 5147 4763 4999 5109 4757 4609 5220 5022 5101 4936 4837 5067 4858 4733 5305 4931 4610 4510 5383 5401 4913 4893 4681 4972 4616 5195 5208 5019 5159 4621 4701 5014 5050 4867 5230 5483 5132 4892 5121 5077 5009 4903 4804 4972 4908 4670 5398 4635 5080 4861 5177 5036 4787 5179 4697 4851 5330 4821 5076 5022 4837 4655 4885 5018 5134
4587 4664 4557 4675 4324 4444 4605 4566 4646 5063 4457 4409 4514 4608 4391 4332 4544 4486 4510 4595 4456 4563 5055 4890 4754 4199 4213 4532 4658 4511 4365 4459 4064 4253 5058 3978 4483 4368 4200 4489 4615 4952 4471 4712 4633 4851 4450 4720 4670 4397 4506 4404 4455 4118 4401 4183 4303 4558 4381 4897 4839 4387 4295 4507 4790 4515 4816 4367 4447 4429 4557 4539 4489 4715 4386 4060 4323 4789 4107 4555 4621 4631 4637 4750 4646 4669 4804 4416 4235 4357 4285 4547 4547 4856 5032 4707 4627 3993 4290 4495 4340 4334 4245 4588 4619 4580 4339 4478 4447 4684 4779 4571 4783 4630 4257 4790 4754 4789 4678 4821 4769 4409 4474 4642 4177 4308 4390 4597 4621 4723 4549 4631 4203 4769 4439 4838 4162 4323 4181 4498 4388 4669 4413 4610 4658 4974 4370 4790 4541 4249 4914 4516 4625 4728 4876 4792 4887 4403 4297 4523 4251 4365 4102 4442 4778 4418 4300 4317 4863 4516 4366 4806 4494 4839 4212 4849 4212 4218 4655 4500 3902 4949 4084 4863 4477 4614 4563 4548 4224 4760 4469 4551 4203 4835 4754 4453 4456 4530 4623 4324 4758 4906 4422 4534 4220 4338 4534 4636 4396 4787 4762 4493 4481 4382 4918 4622 4514 4238 4569 4745 4239 4865 4239 4451 4712 4629 4532 4315 4700 4303 4394 4544 4321 4718 4886 4367 3993 4461 4774 4704
5022 5366 5011 4973 4588 4720 5055 5073 4894 5441 5037 4675 4623 5081 4906 4840 4952 4951 4747 5176 4907 4996 5490 5398 5123 4840 4704 4863 4764 4793 4803 4932 4839 4537 5423 4910 4742 4925 4610 4724 5124 4941 4986 4946 5122 5217 5004 5178 5140 4790 5001 4619 4751 4737 5054 4671 4529 5215 5084 5485 4816 4826 5115 5071 5491 4699 5319 4805 5039 4866 4958 4983 5088 5046 4609 4570 4991 4903 4394 4874 4900 5168 5028 5147 5110 5645 4847 4933 4729 5030 4919 4775 5059 4906 5413 4832 5156 4446 4821 4976 5178 4649 4803 4999 4972 4993 4734 4926 4692 4811 5212 5057 5125 5369 4720 5009 4726 5047 5464 5509 5095 4619 4759 5057 4593 4489 5066 5281 4961 5075 4917 5114 4603 4850 4941 5183 4781 4733 4840 4800 4867 4842 4893 5243 4928 5343 4878 5180 4960 4648 4964 4547 4963 5078 5008 5230 5308 4552 4687 5393 4527 4811 4685 4872 4849 4637 4702 4827 5578 5131 4884 5114 5174 5095 4742 5480 4621 4610 5023 4643 4368 5040 5277 5070 5201 4861 4945 4956 4745 4921 5084 4775 4718 5149 5175 5013 4787 4891 4705 4415 5233 4996 5114 4768 4664 4818 5051 4950 4648 5040 5129 4960 4885 4925 5206 4885 5140 4704 5165 5364 4608 5311 4431 4814 4759 5019 4879 5006 5132 5053 4784 5271 4808 5031 5002 4731 4464 4991 4993 5150
4803 5291 4790 4945 4501 4264 4949 5084 4556 5124 4719 4464 4727 4833 4724 4896 4814 5114 4527 4587 4908 4774 5159 5226 5153 4606 4328 4859 4820 4704 4881 4968 4460 4481 5236 4414 4720 4656 4592 4667 4992 4972 4858 4796 4931 5102 4759 4935 4971 4518 4753 4901 4841 4516 4805 4534 4447 4815 4785 5167 4624 4700 4868 4672 5492 4772 5029 4912 4519 4585 4981 4808 4692 4788 4598 4219 4495 4737 4188 4976 4936 5135 4707 5150 4781 5147 4945 4926 4362 4629 4892 4499 4686 4670 5119 4401 4912 4502 4618 5040 4746 4593 4486 5024 4982 4770 4661 4594 4572 4707 4905 4683 5018 5137 4454 4681 5040 4692 4980 5199 4963 4622 4833 4895 4536 4393 4507 4886 4691 4853 4784 5004 4728 4717 4553 5006 4510 4845 4849 4654 4813 4882 4629 4998 4808 5163 4776 5067 4802 4619 4890 4504 4642 5016 4863 4967 4876 4497 4536 4975 4407 4660 4656 4773 4714 4676 4521 4353 5302 5151 4957 4909 4827 5057 4568 5110 4792 4698 4880 4744 4328 4846 5026 4733 5041 4711 4967 4843 4600 4959 4897 4660 4345 4778 5047 4676 4454 4630 4798 4441 4838 4928 4795 4787 4266 4577 4787 4756 4597 4987 5016 5014 4664 5059 4965 4651 4623 4691 4992 4972 4197 5431 4456 4747 4809 4994 4713 4474 5014 4672 4746 4978 4443 5242 4892 4533 4303 4549 5085 5212
4766 4916 4663 4792 4751 4769 4768 4810 4593 5200 4691 4543 4846 5019 4383 4755 4528 4888 4510 4910 4728 4756 5213 5098 4948 4613 4596 4569 4497 4678 4865 5019 4379 4363 5310 4717 4450 4532 4292 4690 4850 5141 4626 4770 4772 4994 4728 4749 4975 4499 4486 4647 4775 4383 4798 4536 4401 4876 4748 4915 4815 4692 4642 4703 5068 4788 5051 4967 4640 4627 4627 4908 4650 4870 4532 4475 4322 4667 4358 4754 4580 4619 4846 4970 4809 5119 4873 5072 4718 4850 4774 4621 4637 4720 5186 4598 4848 4154 4869 4947 4738 4409 4595 4910 4658 4878 4681 4668 4777 4564 5169 4772 4807 5141 4260 4876 4776 4625 4773 5264 4949 4671 4867 5118 4666 4344 4823 4864 4370 4974 4842 5006 4473 4692 4623 4912 4439 4614 4545 4523 4755 4591 4674 4845 5006 5137 4861 4981 4580 4576 4841 4535 4697 4713 4973 4983 5164 4490 4644 4918 4350 4549 4407 4606 5136 4672 4614 4516 5330 4829 4795 4715 4670 5294 4431 5046 4667 4327 4823 4817 4016 5100 4651 5048 4777 4674 4935 4547 4528 4648 4644 4394 4294 4964 5175 4713 4445 4737 4764 4494 5259 4938 4652 4510 4394 4293 4684 4786 4638 5115 4725 4863 4718 4940 5047 4621 4793 4640 4693 4900 4560 4917 4274 4448 4835 4982 4857 4571 4795 4482 4322 4722 4490 5211 4995 4629 4324 4814 5029 4797
4538 4972 4489 4728 4587 4421 4649 4931 4495 4777 4538 4435 4730 4365 4385 4443 4435 4601 4253 4732 4387 4597 5225 5116 4861 4373 4444 4393 4659 4378 4485 4594 4455 4208 5002 4436 4495 4487 4281 4722 4831 4477 4708 4465 4795 4904 4407 4714 4599 4421 4479 4500 4529 4288 4666 4516 4358 4649 4612 4956 4609 4549 4398 4453 4951 4610 4690 4601 4529 4455 4344 4654 4744 4446 4388 4219 4404 4768 4199 4669 4498 4721 4530 4873 4598 5029 4755 4475 4324 4625 4585 4542 4812 4476 4957 4618 4679 3883 4552 4696 4563 4399 4591 4667 4616 4591 4613 4455 4340 4854 4718 4522 4715 4779 4433 4641 4592 4558 5068 4938 4816 4404 4687 4740 4214 4395 4554 4782 4350 4923 4801 4598 4536 4607 4238 5012 4136 4557 4567 4373 4493 4509 4419 4620 4606 4956 4542 4696 4528 4185 4531 4533 4478 4483 4723 4658 5031 4289 4356 4906 4234 4590 4502 4444 4636 4472 4416 4255 4971 4963 4871 4645 4326 5015 4431 5050 4402 4464 4611 4372 4115 4857 4652 4589 4577 4478 4700 4415 4464 4543 4497 4333 4216 5032 4932 4486 4472 4497 4421 4289 4812 4861 4703 4669 4307 4517 4443 4586 4506 4649 4613 4543 4443 4821 4630 4463 4986 4071 4789 4600 4204 4827 4173 4519 4620 4575 4431 4491 4735 4253 4617 4601 4525 4610 4665 4214 4017 4612 4635 4816
5299 5627 5150 5574 5085 4570 5115 5262 5017 5513 5053 5017 5260 5177 4880 5083 5174 5293 5108 5343 5196 5164 5583 5923 5451 4898 4879 5300 5152 5263 5174 5066 4964 4910 5437 5102 4717 5413 4904 5138 5139 5173 5241 5419 5371 5459 5206 5438 5203 5268 5178 5069 4868 4592 5213 4817 4878 4901 5177 5613 5346 5026 4730 4895 5763 4962 5376 4823 5167 5068 5011 5174 5155 5260 4993 4769 5015 5114 4569 5302 5368 5431 5132 5698 5141 5479 4960 5029 4884 5051 5276 4981 5327 5181 5792 5163 5074 4736 5066 5475 5210 5305 5011 5276 5054 5118 4860 4928 4706 5173 5222 5023 5409 5601 4946 5300 5175 5180 5519 5643 5263 5026 5123 5406 4845 4886 5076 5208 5297 5143 5138 5395 4884 4991 4832 5656 5121 4984 4922 4998 5064 5223 5209 5357 5297 5388 5160 5346 4816 5205 5418 4798 5165 5411 5412 5265 5526 4966 4950 5556 4835 4881 5153 5081 5530 5180 4971 5003 5854 5255 5398 5159 5111 5872 4774 5457 4955 4929 4952 5320 4485 5472 5346 5214 5399 5274 5339 5226 4821 5376 5023 4924 4725 5469 5644 5227 4947 5217 5193 4683 5491 5495 5119 5178 4536 4909 5327 5312 4971 5497 5270 5147 4973 4947 5366 5087 5079 4968 5191 5356 4833 5766 4795 5125 5107 5032 4867 5006 5065 5069 5005 5172 5055 5488 5536 4542 4570 5009 5519 5228
4915 5299 4970 5128 4788 4706 5031 5223 4952 5354 4896 4674 5112 5094 4888 4919 4691 4915 4581 4847 5124 5001 5341 5511 5310 4862 4574 5102 5182 4874 4989 4949 4795 4790 5430 4611 4704 4697 4884 5087 5489 5230 4950 5098 4991 5314 4738 5080 5317 4946 5031 4771 4880 4483 5100 4482 4740 4862 5311 5301 5108 5041 4928 4739 5334 5159 5479 4948 4821 4846 4832 5155 5135 5164 4803 4669 4886 5218 4492 5127 4949 5052 5067 5297 5057 5452 5036 5110 4551 4891 5017 4931 5027 4850 5572 4805 5243 4597 4929 5130 4876 4569 4643 5207 4844 4975 4677 4563 4692 4790 5183 4973 5348 5636 4957 5135 4952 4890 5333 5456 5176 4944 5176 5258 4513 4685 4843 5264 5049 4992 4856 5154 4949 5091 4936 5317 4592 4897 4805 4914 4851 5069 4855 5151 5183 5270 5079 5341 4875 4794 5330 5014 4985 5270 5220 4967 5352 4686 4594 5191 4597 4780 4803 5125 5248 4793 4818 4726 5512 5094 5027 4925 4927 5607 4572 5339 4815 4666 5134 5174 4370 4994 5145 5142 4944 5045 5143 5025 4836 4699 4770 4838 4716 5487 5444 4830 4875 4949 5245 4663 5347 5175 5098 5021 4350 4828 5130 5076 4687 5200 5125 5052 4821 4967 5075 4785 4826 4739 5153 5134 4706 5342 4627 4985 4866 4928 5070 5009 5444 4628 4806 5057 4596 5385 5133 4667 4555 4864 5196 5155
4725 5534 5151 5085 4957 4776 4965 5493 5246 5443 5097 5001 5279 5019 5033 5060 5103 5354 4991 5118 5154 5412 5508 5671 5257 4676 5132 5054 5143 4754 5069 5159 5126 4933 5589 4892 5124 4923 5031 5117 5408 5310 5097 5530 5255 5446 4996 5297 5151 5007 5345 4952 5052 4630 5074 4728 4904 5302 5409 5711 5091 5169 5232 5177 5562 5246 5326 5179 5200 4985 5004 5070 5202 5199 4745 4729 4938 5268 4945 5383 5035 5276 5199 5513 5172 5550 5155 4980 4731 5076 5011 5178 5138 5013 5460 5185 5258 4564 5088 5201 5102 4956 4951 5515 5238 5167 4888 4918 4723 5209 5385 5296 5443 5415 4944 5211 4958 4935 5463 5535 5276 5078 5258 5355 4724 4916 5115 5390 5252 5250 5219 5412 4805 5121 5058 5572 4788 4925 5109 4817 5024 5179 5035 5220 5218 5567 4926 5278 4959 4983 5222 4919 4996 5414 5269 5413 5512 4507 4777 5349 4771 5112 5092 5039 5281 5059 5113 4816 5711 5372 5325 5239 5166 5504 4980 5244 5048 4999 5280 4781 4383 5622 5210 5266 5081 4916 5480 5131 4873 5212 5233 5087 4852 5255 5375 5521 5036 5288 4944 4626 5422 5360 5353 5228 4950 4764 5337 5348 5085 5210 5176 5254 5081 5182 5328 4927 5024 5017 5237 5315 4809 5498 4684 5143 5277 5215 5114 5060 5204 5052 4965 5114 4815 5530 5457 4835 4706 5136 5147 5502
5051 5503 5193 5233 4966 4733 5037 5171 4950 5323 4704 4998 4995 5111 4992 4796 5080 5095 4841 5268 4942 4939 5646 5363 5112 4897 4679 4849 4998 4963 5086 5319 4617 4665 5379 4846 5003 5003 4838 5124 5303 5154 5040 5021 5139 5369 4926 5150 5181 4743 5198 4999 5016 4726 5073 4856 4854 5327 5083 5657 5052 5131 5060 4766 5339 4981 5546 5133 4921 4655 5070 5294 4926 5355 4923 4580 4963 5184 4615 5236 4874 5111 5126 5509 4893 5240 5141 5091 5000 5372 5091 4929 5042 4914 5777 4906 5289 4658 5154 5104 5146 4767 4743 5181 5040 5067 4903 4963 4999 4892 5415 4976 5190 5439 4784 5027 4900 5131 5616 5711 5276 5343 5154 5400 4756 4738 5079 5091 5023 4972 5344 5046 4874 5097 4858 5402 4726 4973 5019 4635 4876 4761 5043 5333 5242 5425 4694 5285 5010 4810 5205 4797 5147 5046 5339 5344 5463 4718 4759 5317 4581 4952 4789 4837 5467 4950 4920 4973 5700 5301 5419 5007 5123 5687 4917 5335 4891 5014 5132 5041 4303 5162 5383 5315 5297 4833 5189 5045 4798 5164 5070 4876 4317 5444 5530 5223 4939 5018 4839 4563 5594 5258 5202 5255 4892 4684 5192 5056 4707 5228 5576 5252 5252 5306 5454 4933 5083 4796 5207 5308 4805 5476 4577 4732 5119 5210 5220 5110 5065 4999 5022 5343 4782 5300 5285 4686 4622 5096 5270 5242
4781 4902 4633 4844 4425 4613 4922 4905 4548 5200 4622 4501 4491 4761 4558 4542 4620 4614 4168 4590 4619 4707 5038 5089 5036 4333 4397 4564 4615 4606 4632 4693 4240 4406 5098 4394 4604 4461 4432 4527 4802 4727 4536 4710 4818 4881 4624 4711 4808 4400 4579 4551 4485 4145 4628 4337 4416 4779 4695 4959 4633 4403 4472 4543 4993 4518 4770 4747 4547 4736 4509 4892 4893 4731 4676 4190 4537 4646 4206 4608 4658 4809 4660 4877 4627 5181 4753 4769 4307 4809 4768 4331 4470 4623 5292 4760 4694 4278 4367 4627 4669 4447 4508 4795 4519 4772 4419 4532 4357 4605 4753 4773 4777 4988 4419 4717 4600 4630 4909 4960 4868 4605 4607 4745 4338 4327 4508 5021 4589 4754 4589 4745 4329 4596 4516 4934 4380 4260 4466 4447 4589 4542 4477 4641 4536 4921 4662 4982 4547 4357 4878 4445 4719 4906 4760 4762 5039 4424 4473 4824 4336 4329 4247 4543 4621 4382 4263 4431 5130 4707 4687 4829 4676 4967 4315 4893 4613 4314 4465 4791 4007 4945 4443 4833 4648 4884 4773 4690 4395 4607 4548 4296 4123 4794 5172 4583 4535 4588 4466 4192 4960 4972 4664 4776 4336 4388 4675 4512 4283 4765 4915 4640 4617 4521 4944 4687 4679 4299 4900 4984 4426 5201 4192 4573 4716 4915 4747 4730 5127 4285 4505 4739 4676 4647 4808 4344 4371 4670 4697 4815
4644 4629 4635 4693 4304 4400 4587 4768 4439 4913 4464 4571 4538 4317 4504 4326 4197 4647 4147 4569 4612 4436 4984 5045 4826 4507 4520 4442 4654 4271 4776 4516 4333 4431 5037 4335 4109 4263 4447 4532 4406 4711 4444 4535 4426 4890 4445 4648 4453 4457 4582 4393 4602 4159 4636 4360 4444 4680 4429 4831 4812 4434 4398 4642 4894 4703 4778 4777 4475 4348 4231 4627 4452 4426 4359 4215 4324 4715 4161 4757 4392 4602 4790 4512 4436 5104 4676 4797 4568 4379 4360 4468 4565 4432 5186 4679 4729 4202 4713 4526 4624 4255 4445 4589 4372 4550 4346 4367 4392 4101 4731 4485 4690 4772 4343 4809 4480 4509 4977 5000 4691 4399 4291 4975 4436 4350 4498 4731 4645 4688 4562 4836 4295 4694 4434 4804 4172 4347 4431 4159 4639 4530 4676 4640 4685 4749 4346 4726 4396 4374 4541 4425 4622 4594 4625 4855 5072 4375 4198 5028 4174 4505 4368 4396 4503 4281 4483 4354 5144 4745 4442 4805 4487 4962 4368 5042 4683 4497 4561 4497 4071 4829 4371 4641 4522 4554 4631 4330 4533 4457 4452 4159 4282 5042 4913 4714 4530 4604 4436 4324 4760 4870 4446 4664 4173 4129 4410 4586 4260 4783 4679 4447 4396 4436 4704 4513 4328 4301 4602 4623 4303 4687 4079 4562 4537 4879 4614 4564 4900 4197 4440 4400 4523 4554 4642 4127 4253 4632 4647 4837
4827 5197 4879 5148 4820 4596 4917 5137 4775 5133 5073 4808 4950 5057 4937 4997 5079 4932 4846 4957 4885 5208 5304 5561 5165 4664 4555 5068 4650 4855 4926 5067 4833 4748 5537 4872 4896 4732 4849 4852 5127 5095 5030 5173 4890 5434 4596 5054 5250 4951 5027 4933 4846 4878 5185 4450 4822 5020 4818 5545 5194 4907 5125 4949 5390 4989 5212 5084 4762 4755 4941 4868 4976 5148 4617 4625 4884 5067 4391 5047 4756 5343 4979 5347 5323 5364 5062 4847 4990 4835 4823 4874 5064 4846 5434 5124 5054 4657 4834 5006 5046 4957 4530 4969 5197 4932 4665 4822 4586 4789 5158 4961 5143 5048 4691 5092 4914 5202 5204 5519 5391 5052 4774 5100 4512 4532 5085 5136 4996 5146 4926 4984 4739 5011 4578 5251 4791 4831 4726 4921 4782 4986 4779 4978 4999 5294 4789 5070 4928 4990 5108 4516 4973 5369 4962 5139 5274 4462 4667 5212 4326 4975 4745 4865 5082 5053 4902 4867 5579 5012 5030 4910 4809 5292 4813 5278 4692 4516 4912 4973 4571 5008 4890 5104 4988 4904 5087 5009 4941 5077 5257 4865 4582 4819 5264 4892 4857 4805 5072 4408 5229 4914 5307 5025 4574 4562 4980 4963 4645 5186 5144 5181 4680 5039 5349 4903 4846 4748 5213 5220 4580 5163 4618 4895 5146 5341 5107 4874 5213 4936 4959 5307 4770 5429 4994 5011 4345 5025 5457 5013
5178 5517 5143 5034 4919 4681 5112 5469 4673 5347 5100 4821 4969 5055 4938 4804 5056 5199 4826 5025 5173 5191 5432 5514 5347 4684 4891 4902 4790 5010 5222 5171 4890 4826 5437 4960 4751 4914 4723 4990 5312 5404 5138 5056 5038 5419 5019 4989 5061 4787 5037 4957 4928 4711 5133 4714 4985 5317 4973 5287 5151 4856 4988 5027 5575 5282 5394 5207 4984 4726 4917 5089 5004 5284 4849 4698 4490 5032 4764 5111 4988 5079 5194 5731 5190 5388 5301 4914 4778 5006 4958 4954 5142 4903 5486 4926 5192 4806 4826 5034 5258 4668 4874 5359 5302 5246 4738 4863 4850 4972 5264 5017 5128 5310 4652 5274 4937 5037 5425 5416 5170 4892 5201 5337 4432 4877 4779 4988 4943 4993 5052 5167 4956 5022 4838 5379 4721 5070 5071 4812 5167 5134 4773 5334 5199 5441 4834 5257 5040 4946 5134 4996 5085 5435 5100 5484 5417 4791 4632 5233 4771 5054 4919 4967 5132 5112 4868 4576 5778 5216 5142 4901 5041 5707 4825 5462 4820 4713 5295 4912 4432 5214 5295 5063 5266 4996 5221 5043 4849 5004 5133 4635 4438 4976 5513 5298 5088 5050 4914 4624 5121 5293 4937 5155 4661 4872 5068 5294 4907 5351 5157 5131 5152 5077 5450 4858 5074 4776 5181 5191 4844 5575 4640 5022 4962 5328 5081 4967 5508 4951 4777 5102 4772 5185 5287 4739 4822 5109 5210 5180
4309 4851 4308 4737 4566 4213 4814 4913 4583 5085 4472 4352 4934 4474 4372 4363 4576 4981 4265 4866 4427 4865 5126 5044 4772 4364 4392 4569 4333 4406 4606 4436 4348 4324 5199 4473 4417 4676 4467 4503 4683 4767 4694 4613 4739 4917 4543 4861 4612 4480 4466 4460 4461 4166 4620 4122 4332 4534 4778 4856 4546 4723 4536 4556 5006 4397 4659 4717 4600 4591 4501 4677 4660 4664 4450 4377 4247 4673 4236 4663 4507 4907 4633 4792 4550 5097 4573 4645 4530 4632 4438 4350 4743 4549 5153 4559 4757 4285 4649 4764 4525 4577 4468 4510 4845 4682 4561 4496 4500 4559 4749 4517 4803 4814 4345 4426 4275 4713 4991 5122 4754 4527 4533 4668 4488 4399 4504 4685 4601 4683 4774 4677 4497 4316 4474 5010 4430 4489 4420 4463 4294 4448 4356 4915 4566 4913 4461 4838 4492 4408 4822 4491 4674 4734 4958 4746 4931 4532 4494 5004 4289 4517 4690 4505 4842 4281 4356 4163 5240 4751 4877 4637 4546 5012 4342 5033 4556 4342 4686 4525 3835 4819 4534 4563 4798 4635 4919 4746 4402 4630 4535 4227 4352 4742 5226 4614 4664 4391 4481 4324 4754 4778 4800 4648 4386 4311 4509 4398 4400 4841 4705 4936 4682 4749 4721 4300 4818 4250 4768 4677 4253 4957 4183 4601 4549 4797 4572 4634 4684 4540 4425 4542 4512 4855 4663 4341 4194 4528 4845 4964
5021 5411 5352 5219 4890 4605 5173 5364 4850 5490 4991 4905 4975 4851 4776 4870 5136 4945 4795 4899 5136 5296 5410 5670 5384 4650 4650 4784 4999 4804 5317 5070 4581 4801 5465 4619 4772 4800 4843 5179 5002 5219 5047 4845 5131 5414 4972 5369 4925 5092 5185 5162 4659 4495 5158 4600 4820 5043 5041 5230 5176 4677 4998 4983 5378 5004 5218 5046 4782 4853 4822 4946 5167 5227 4542 4546 4586 5034 4556 5213 5191 5058 5074 5476 5306 5298 5176 4929 4872 4955 4820 5029 5032 4743 5569 5092 5063 4587 4889 5257 5040 4849 4817 5161 4979 4994 4844 5000 4939 4880 5342 5109 5143 5026 4715 5199 5097 4994 5238 5364 5082 4946 4851 5320 4773 4774 4906 5047 5101 5051 4962 5064 4781 5034 4894 5753 4786 4844 5056 4912 5212 5045 4829 5116 5128 5360 4719 5298 5069 4975 5202 4828 5171 5192 5204 5371 5521 4446 4655 5080 4586 4987 4887 4867 4844 5092 4800 4503 5537 5264 5109 5162 5214 5357 4624 5462 4949 4856 4986 5094 4507 5205 5059 4918 5054 5021 5363 5090 4774 5142 4926 4918 4646 5232 5450 5117 5057 4994 5035 4598 5366 5259 5091 5089 4704 4756 5060 5342 4875 5119 5233 5037 5143 4878 5412 5017 4926 4558 5281 5220 4699 5466 4603 4840 4873 5339 5102 4941 5576 4725 4989 5032 4587 5115 5047 4488 4599 4891 5138 5166
4691 5144 4765 4962 4631 4717 4931 5097 4477 5125 4886 4608 4725 5138 4736 4670 4774 5027 4901 4590 4897 4773 5534 5234 4920 4657 4607 5008 4862 4857 4842 4890 4748 4344 5202 4562 4904 4568 4669 4832 5087 5119 4894 4708 5033 5210 4708 5033 4892 4574 4850 4921 4716 4597 4985 4638 4593 5170 5005 5159 5167 4984 4818 4782 5209 4759 5115 4966 4687 4532 4810 4650 4659 5113 4667 4524 4740 4797 4561 4849 4788 4997 4868 5295 5242 5266 5083 4663 4431 5041 4809 4868 5018 4947 5582 5013 5029 4234 4919 5022 5046 4521 4669 5080 5004 4969 4444 4651 4779 4939 5086 4859 5090 5207 4553 5045 4791 4891 5059 5308 5035 4945 4900 5233 4636 4612 4671 4765 4651 4870 5107 5074 4633 4891 4692 5137 4654 4927 4748 4792 4808 4797 4565 5080 4849 4899 4686 5194 4811 4842 5137 4719 4731 5167 4879 5052 5066 4525 4632 5280 4486 4707 4438 4785 5166 4732 4646 4886 5368 5040 4899 4931 5039 5337 4719 5162 4469 4446 5051 4903 4195 5022 4920 5036 4985 4908 5182 4864 4590 4747 4955 4667 4472 5044 5361 4886 4467 4988 4836 4559 5068 4987 5048 4720 4417 4784 5172 5077 4800 5058 4942 5029 4876 5026 5046 4618 4741 4391 5089 5193 4712 5239 4623 4806 4949 5029 4768 4815 5195 4634 4582 5015 4629 5209 5146 4676 4430 4820 5311 4930
4476 4994 4595 4909 4598 4366 4729 4688 4453 4987 4420 4661 4822 4887 4429 4638 4344 4689 4730 4730 4811 4842 5012 5040 5154 4594 4272 4675 4525 4673 4501 4872 4406 4512 5075 4424 4313 4387 4236 4657 4799 4809 4460 4504 4789 4618 4607 4691 4591 4419 4687 4500 4667 4297 4499 4278 4466 4636 4838 4678 4778 4498 4392 4562 4971 4503 5034 4602 4482 4618 4532 4893 4633 4719 4496 4185 4020 4653 3817 4472 4943 4551 4701 4950 4658 4867 4654 4508 4492 4571 4633 4428 4718 4639 5018 4595 4546 4402 4454 4863 4400 4586 4563 4644 4424 4715 4494 4657 4479 4482 5028 4681 4739 4834 4509 4824 4616 4769 4857 5026 4751 4333 4655 4884 4588 4434 4489 4686 4637 4752 4546 4783 4219 4658 4133 4911 4506 4286 4402 4562 4384 4556 4446 4792 4818 4879 4602 4846 4507 4583 4764 4564 4631 4643 4740 4711 4932 4704 4283 4789 3959 4277 4442 4512 4700 4364 4603 4376 5298 4592 4515 4483 4747 5328 4364 5177 4593 4145 4753 4990 4024 4710 4802 4720 4721 4964 4736 4456 4442 4546 4671 4200 4079 4649 4965 4588 4487 4316 4745 4434 4939 4928 4397 4735 3787 4284 4390 4767 4468 4906 4689 4959 4532 5004 4914 4668 4795 4578 4604 4738 4639 4876 4180 4566 4693 4646 4469 4899 4475 4519 4327 4853 4475 4758 4805 4262 4206 4813 4900 4639
4751 5274 5200 5058 5050 4497 4973 5016 4665 5424 4780 4569 5209 5017 4489 4841 5005 4996 4684 4866 5079 4875 5585 5592 5223 4576 4725 5093 5032 4919 5043 5008 4865 4681 5277 4587 4735 4763 4641 4746 5048 5132 4904 5028 4992 4973 4566 5255 4977 4764 4846 4740 4684 4494 5009 4544 4752 5021 4932 5376 4976 4771 4637 5029 5301 4897 5071 4980 4771 4567 4890 5008 4919 5090 4681 4875 4931 4752 4446 4958 4882 4996 5026 5383 5077 5363 4932 4921 4654 4907 4877 4833 4948 4918 5632 4966 5093 4644 4808 4890 5069 4731 4663 5215 5111 4663 4672 4686 4586 4814 4996 4845 4983 5086 4788 5240 4842 4872 5281 5363 4971 4588 4911 4985 4533 4683 4700 5050 5090 4782 4761 5081 4864 4837 4781 5318 4735 4650 4672 4657 4743 5057 4736 4899 4955 5275 4720 5144 4810 4813 4843 4711 5006 5083 4892 5057 5310 4407 4559 5180 4529 4845 4939 4624 4906 4912 4900 4608 5628 5029 5113 5006 4686 5301 4812 5356 4804 4617 5085 5079 4170 5079 4992 5051 5156 4846 4800 4915 4634 5015 4921 4463 4478 5136 5323 4826 4854 4936 5119 4429 5329 5392 5028 5039 4447 4808 5040 5042 4528 5016 5235 4797 4797 5083 5361 4967 4746 4304 4968 5215 4734 5149 4288 4924 4802 5208 4952 4657 4872 4665 4922 4981 4540 5409 4896 4452 4424 4872 5182 5159
5004 5585 5268 5343 4890 4682 5048 5322 4706 5296 4972 4900 4991 5126 4910 4799 4906 4998 4721 5111 5345 5256 5600 5384 5283 4972 4495 5054 5028 5066 4779 4975 4929 4804 5333 4753 4846 4964 4914 4759 5066 5284 4909 5136 5042 5505 4985 5296 5012 4923 5275 4881 5007 4527 4927 4659 4827 5173 5075 5628 5332 5103 5031 4979 5522 5008 5404 5182 4916 4967 4967 5652 5149 5142 4977 4605 4786 5055 4633 5223 5216 5066 5239 5539 5205 5503 4999 4873 4821 5096 4942 4881 5273 4918 5677 4901 5352 4693 4940 5222 5195 4959 4819 5118 5133 5025 4677 4923 4623 4943 5165 5001 5413 5386 4823 5288 4868 5076 5512 5383 5187 4872 4889 5291 4664 4791 5141 5305 5143 5120 5047 5211 4772 5093 4942 5466 4662 4752 4947 4871 5048 4790 5047 5316 5391 5500 4815 5402 4921 4799 5238 4848 5101 5318 4977 5200 5464 4501 4806 5308 4929 5090 4715 4940 5158 4937 5020 4836 5653 5170 5108 5033 5246 5310 4838 5576 4920 4888 5240 5275 4369 5077 5114 5227 5415 5061 5400 4900 5034 4871 5198 4909 4592 5452 5183 5112 4904 4882 5118 4401 5394 5185 5168 5120 4631 4779 5107 5107 5047 5410 5255 5161 4940 5281 5449 4907 4964 4909 5055 5343 4813 5565 4542 4925 4982 5373 4968 5046 5092 4679 4925 5299 4899 5224 5290 4734 4794 4990 5005 5382
4563 4943 4128 4678 4490 4280 4473 4738 4253 4741 4266 4331 4486 4747 4386 4604 4447 4546 4105 4495 4522 4688 5092 5062 4651 4150 4400 4470 4416 4688 4514 4344 4308 4441 5058 4434 4544 4343 4386 4340 4556 4811 4261 4537 4587 4840 4241 4541 4908 4513 4582 4446 4483 4361 4257 4198 4486 4743 4720 4994 4615 4305 4637 4416 5084 4622 4790 4696 4527 4344 4294 4775 4677 4544 4577 4319 4304 4618 4088 4678 4357 4485 4449 4778 4546 4912 4610 4670 4425 4438 4501 4503 4676 4428 5097 4291 4541 4109 4411 4506 4712 4469 4229 4711 4571 4518 4238 4279 4247 4643 4849 4524 5013 5170 4459 4606 4034 4610 4688 4790 4690 4552 4622 4515 3973 4222 4783 4704 4543 4529 4733 4545 4166 4784 4257 4779 4287 4301 4295 4314 4307 4469 4549 4581 4541 4995 4389 4602 4321 4431 4659 4374 4474 5073 4743 4415 4954 3952 4249 4817 4179 4341 4503 4199 4896 4485 4304 4408 4959 4648 4740 4469 4349 4823 4523 4797 4580 4394 4398 4492 3939 4771 4518 4525 4708 4433 4478 4500 4327 4563 4727 4298 4143 4662 4550 4214 4608 4376 4424 4070 4702 4693 4551 4634 4258 4201 4828 4628 4351 4765 4599 4580 4238 4527 4702 4453 4393 4194 4677 4632 4455 4940 3990 4518 4396 4825 4459 4631 4672 4182 4094 4523 4487 4722 4716 4499 4019 4444 4494 4504
4713 4859 4375 4477 4309 4324 4459 4805 4385 4725 4472 4200 4354 4612 4239 4597 4346 4611 4179 4606 4633 4485 4921 4739 4623 4254 4041 4601 4471 4606 4574 4271 4276 4102 4855 4436 4371 4398 4340 4348 4518 4625 4484 4646 4507 4937 4368 4613 4683 4362 4458 4566 4538 4535 4573 4207 4495 4717 4610 4772 4545 4397 4526 4571 4858 4532 4805 4855 4544 4426 4238 4624 4615 4555 4605 4032 4426 4769 4037 4401 4396 4502 4584 4836 4666 4800 4737 4502 4129 4505 4576 4427 4482 4520 4817 4527 4581 4282 4325 4507 4612 4391 4497 4575 4644 4762 4437 4225 4591 4501 4718 4643 4745 4880 4225 4523 4511 4684 4602 4711 4712 4528 4394 4617 4315 4060 4524 4567 4521 4541 4737 4581 4124 4534 4469 5132 4282 4659 4242 4480 4448 4439 4402 4776 4557 4823 4597 4617 4374 4595 4767 4221 4463 4840 4599 4595 4915 4063 4238 4773 4134 4490 4374 4284 4755 4298 4328 4158 5045 4693 4580 4817 4360 4926 4528 4723 4301 4287 4769 4492 3783 4757 4570 4670 4418 4573 4435 4639 4371 4668 4397 4065 4259 4749 4988 4672 4397 4676 4472 3975 4864 4452 4572 4547 4381 4102 4676 4256 4356 4861 4850 4667 4233 4378 4850 4675 4537 4018 4806 4643 4383 4916 4016 4337 4740 4740 4398 4430 4800 4153 4514 4714 4471 4874 4734 4404 4187 4432 4665 4789
5207 5476 5161 5289 4970 4756 5149 5418 5137 5452 4957 4880 5049 4956 4895 4865 5069 5246 4767 5181 4895 5456 5389 5591 5167 4851 4663 5091 5099 4889 5370 5216 4683 4878 5365 4720 5046 4985 4933 5000 5301 5309 4802 4933 5060 5721 4829 5353 5312 4858 5062 5043 5172 4723 5108 4615 4811 5208 5063 5372 4980 5093 4896 5067 5462 5047 5343 5236 4984 4893 5171 5569 5321 4926 5259 4602 5061 5244 4573 5227 5144 5313 5206 5394 5117 5455 5112 5166 4737 5161 4896 4847 4951 4768 5533 4949 5258 4839 5019 5116 4994 4939 4691 5075 5312 5174 5022 5102 4822 4989 5319 5137 5318 5454 5096 5313 5184 5058 5438 5287 5063 5171 5333 5228 4609 4725 4846 5521 5158 5171 5303 5167 4638 4995 4908 5546 4549 5046 5072 5153 4938 5068 5141 5023 5193 5598 5027 5090 4970 4914 5169 5135 5259 5299 5432 5052 5443 4783 4672 5252 4555 5072 4697 4966 5265 4902 5117 4643 5587 5156 5287 5069 5134 5410 4882 5341 4978 5071 5145 5186 4440 5230 5076 4964 5391 5066 5235 5141 4752 5119 5181 4872 4708 5496 5560 5250 4956 5073 5116 4648 5487 5296 5350 5046 4705 5002 5170 5102 4953 5302 5414 5498 5112 5108 5276 5220 5091 4874 5401 5161 4696 5428 4547 5060 5086 5342 5117 5002 5251 4722 5188 5273 4667 5263 5281 4914 4542 5006 5271 5226
4907 4952 4663 4699 4383 4419 4878 5054 4545 5115 4556 4640 4789 4915 4676 4868 4504 4949 4740 4753 4686 4538 5272 5096 4858 4473 4450 4417 4860 4710 4889 4664 4429 4428 4960 4357 4481 4697 4495 4567 4719 4878 4839 4855 4909 5032 4548 4730 4596 4531 4940 4809 4691 4408 4718 4549 4374 4716 4919 5043 4846 4567 4985 4632 5226 4975 4928 4650 4609 4570 4547 4874 4596 5262 4726 4340 4227 4742 4257 4642 4664 4605 4564 4909 4958 5042 4896 4829 4541 4867 4759 4682 4467 4847 5154 4862 4854 4185 4681 4616 4813 4630 4508 4675 4837 4664 4644 4398 4698 4619 5072 4738 5132 5138 4332 4878 4601 4858 5082 5296 4996 4371 4493 4931 4394 4402 4696 4812 4747 4441 4959 4825 4652 4637 4348 5111 4384 4498 4365 4762 4747 4605 4562 4986 4676 5072 4688 4923 4520 4614 4920 4362 4676 4902 4863 5177 5226 4449 4629 4899 4331 4643 4369 4383 4905 4749 4602 4418 5249 4950 4737 4666 4698 4985 4536 5032 4593 4364 4789 4909 4216 5007 4733 4904 4916 4654 4780 4772 4306 4781 4646 4354 4124 4873 5299 4824 4678 4588 4839 4275 5015 4969 4721 4682 4580 4567 4973 4899 4703 4868 4852 4948 4728 4686 4903 4664 4730 4383 4878 4796 4637 4980 4266 4755 4630 4630 4576 4714 5049 4337 4312 4892 4694 4845 5029 4443 4300 4588 4908 4661
4700 5111 4934 5034 4664 4610 4739 5006 4852 5278 4748 4623 4687 4811 4542 4525 4859 4884 4680 4966 4971 5033 5407 5251 5095 4613 4489 4802 4697 4950 4848 4779 4519 4796 5377 4546 4532 4557 4371 4559 5035 4809 4654 4751 4824 5156 4716 4954 4593 4597 4490 4748 4605 4480 4837 4430 4717 4908 4832 5293 4964 4776 4645 4743 5038 4883 4918 4768 4816 4538 4687 4818 4947 4918 4524 4532 4616 4836 4542 4851 4768 5075 4856 5112 4944 5291 4986 4761 4518 4491 4489 4478 4854 4809 5464 4911 5105 4338 4589 4793 4954 4870 4715 5035 4923 4897 4487 4577 4836 4829 4850 4685 5238 5183 4290 5127 4750 4865 5067 5200 5166 4709 4672 4928 4604 4469 4791 4910 4628 4970 4909 5129 4585 4797 4600 5412 4575 4633 4543 4707 4692 5016 4714 5180 4774 5173 4666 5060 4572 4887 4835 4607 4917 5198 5031 5227 5167 4390 4459 5186 4277 4674 4588 4531 4761 4759 4701 4536 5399 4917 4897 4806 4640 5216 4566 5047 4721 4569 4866 4676 4234 5164 4686 5002 5050 5048 4789 4831 4591 4938 4752 4450 4465 4867 5167 4859 4585 4756 4742 4493 5007 5130 4822 4804 4446 4459 5058 4962 4614 4801 5243 5154 4723 4883 4971 4757 4680 4272 4911 4919 4591 5476 4288 4615 4995 5167 4636 4747 4999 4673 4706 5053 4778 5050 4800 4487 4307 4763 4996 5102
4832 5275 5206 5336 4645 4680 5109 5153 4849 5383 4826 4937 4747 4962 4962 4700 5070 5041 4840 4859 5058 5013 5527 5601 5262 4792 4616 5030 4994 4918 4770 4915 4805 4551 5417 4513 4998 4786 4842 4974 4956 5168 5103 4963 5247 5486 4789 5014 4828 4973 5118 5154 4975 4716 5067 4562 4908 5241 4925 5469 5104 4825 4908 4909 5252 5013 5213 5093 4890 5023 4620 5209 5325 5038 5026 4485 4691 5097 4513 4815 5112 5202 5064 5200 5185 5525 4985 4999 4775 5024 4879 4848 5289 5044 5528 5101 5267 4571 5032 5021 4981 4972 4726 5178 5124 5033 4687 4730 4751 4939 5075 5146 5190 5228 4775 5085 4778 5047 5395 5277 5260 4841 4984 4996 4758 4646 5155 5214 5111 5218 5013 4948 4751 4873 4784 5303 4532 5170 4722 4682 5018 4935 4861 5117 4974 5327 4863 5188 4955 4746 5235 4736 5257 5153 5099 5070 5565 4701 4984 5294 4605 4824 4754 4876 5131 4873 4661 4758 5737 5097 5201 5006 5087 5244 4815 5532 4743 4752 5030 5104 4465 5157 4876 5320 5072 5008 5077 5091 4844 5086 5047 4775 4800 5386 5324 4962 4694 4839 4981 4514 5228 5191 5238 5158 4432 4787 5176 4816 4824 5123 5149 5266 4941 4871 5390 5018 4910 4551 5357 5221 4765 5590 4690 4981 5004 5142 5290 5127 5288 4650 4784 5240 4718 5423 5197 4738 4725 4731 5046 5063
4663 5264 4709 5114 5004 4753 4710 4926 4610 5222 4745 4552 4953 5050 4510 4540 4745 4710 4729 4677 4799 5047 5403 5422 4962 4535 4695 4738 5049 5147 4859 4850 4804 4526 5105 4635 4800 4774 4372 4748 5085 5049 5010 4764 5084 5046 4586 4877 5025 4720 4784 4910 4875 4623 4776 4495 4563 4985 4956 5174 5018 4737 4964 5007 5319 4730 5218 4768 5083 4353 4602 4845 4791 4849 4721 4261 4790 4710 4343 4714 4980 4945 4965 5360 5238 5041 4648 5017 4394 5027 4898 4771 4966 5105 5488 5151 5159 4385 4887 4951 4899 4772 4956 5131 4933 4858 4590 4790 4764 4895 4963 4927 5111 5285 4579 4731 4817 4957 5135 5319 5150 4681 4824 4929 4639 4448 5159 5060 4966 4926 4775 5332 4392 4791 4631 5018 4498 4692 4801 4567 4796 4947 4956 4975 5135 5182 4681 5053 4685 4581 5211 4576 4817 4894 4763 4887 5403 4327 4525 5127 4659 4715 4647 4689 5090 4880 4724 4495 5538 5091 5206 4826 4578 5453 4650 5302 4365 4834 5077 4959 4163 5081 4821 4937 4958 4755 4803 4841 4733 4925 4888 4398 4407 5102 5068 4923 4625 4833 4728 4688 5214 4947 4946 4761 4515 4431 4923 4808 4647 5225 4959 4958 4773 4789 5199 5062 4766 4533 4854 5014 4655 5167 4515 4841 4935 4740 5020 4716 5014 4652 4736 5036 4717 5144 5070 4517 4461 4845 4913 5089
4912 5122 4868 5144 4763 4588 4867 5281 4973 5250 4956 4921 4970 4898 4803 4897 4783 4951 4801 4830 4962 4859 5401 5438 5089 4788 4628 4904 4929 4748 4968 5008 4631 4471 5231 4645 4655 4656 4898 4723 5069 4967 4852 5027 4991 5337 4601 5088 5037 4932 4868 4714 4812 4489 5105 4612 4547 4853 4826 5258 5111 4922 4860 4950 5559 5004 5247 5104 4996 4718 4805 5102 5112 4726 4753 4549 4501 5030 4430 5160 4822 5054 4963 5112 5011 5270 4971 5077 4816 4608 4829 4777 4823 4736 5196 5015 5174 4586 4854 5017 4909 4682 4648 5141 4750 4985 4543 4600 4589 4618 5062 5011 5117 5535 4584 5098 4870 4836 5457 5492 4881 4741 4918 5161 4255 4824 4881 5200 4933 5080 4961 5347 4689 4853 4590 5127 4493 4722 5022 4963 4839 4744 4946 4927 5164 5127 4746 4927 4738 4825 4955 4823 4797 5017 5079 4914 5155 4752 4545 5132 4661 4823 4717 5032 5012 5135 4675 4520 5526 5088 4853 4828 4858 5295 4837 5213 4540 4609 4826 5196 4069 5334 4840 4979 5209 4764 4921 4960 4802 4991 5060 4727 4804 5229 5259 5012 4796 5268 4982 4515 5185 5114 4979 4771 4537 4643 4992 4969 4902 5163 4907 5015 4693 4775 5147 4850 4663 4821 4996 5214 4749 5052 4545 4946 4897 5020 4824 4844 5049 4736 4726 4783 4720 5102 5334 4600 4415 4895 5084 5038
4813 4805 4687 5006 4647 4399 4833 5050 4650 5188 4557 4774 4799 4541 4490 4403 4659 5127 4297 5061 4614 4467 4963 5065 4801 4670 4264 4580 4531 4658 4570 4441 4206 4553 5307 4602 4284 4799 4385 4654 4883 4978 4674 4543 4594 5008 4503 4859 4765 4574 4932 4499 4477 4325 4768 4363 4330 4856 4626 4994 4531 4758 4475 4534 5040 4792 5182 4572 4533 4499 4618 4774 4851 4712 4437 4300 4452 4727 4289 4913 4755 4628 4583 4856 4466 4810 4823 4662 4398 4581 4461 4524 4680 4398 5322 4420 4969 4188 4563 4859 4746 4449 4469 4731 4590 4741 4366 4196 4439 4683 4962 4588 4806 5069 4184 4793 4529 4680 5146 5270 4701 4691 4503 4935 4251 4380 4515 4629 4773 4755 4794 4897 4651 4624 4377 4949 4293 4540 4450 4488 4724 4908 4527 4641 4672 4888 4580 4857 4664 4527 4916 4447 4784 4844 4967 4823 5004 4420 4495 4933 4305 4514 4457 4876 4693 4576 4413 4432 5141 5017 4629 4748 4641 5134 4638 4759 4578 4579 4578 4425 3867 4903 4706 4713 4819 4646 4774 4684 4455 4653 4463 4410 4423 4927 5243 4639 4326 4685 4948 4201 4951 4795 4706 4739 4137 4545 4743 4623 4440 4957 4850 4825 4619 4712 4798 4571 4603 4585 4748 4832 4088 5123 4253 4549 4742 4698 4881 4648 4817 4592 4653 4685 4387 4973 4759 4095 4263 4393 4781 5029
4583 5083 4959 5294 4629 4664 4979 5246 4613 5072 4958 4892 4886 4683 4718 4920 4764 5011 4556 4933 5069 4899 5095 5142 5120 4779 4618 5012 4809 4934 4752 4932 4506 4677 5177 4707 4692 4770 4495 4766 4940 5084 4984 4954 4921 5201 4646 4917 4861 4741 4874 4701 4885 4629 4713 4631 4636 5053 4879 5448 5132 4743 4672 4994 5433 4765 5037 4866 4962 4795 4710 4886 4966 4921 4672 4613 4440 4703 4479 5014 4708 4736 4948 5161 4791 5259 5065 5003 4649 4819 4822 4612 4676 4726 5069 4601 4968 4389 4788 4928 4996 4840 4716 4979 4979 4929 4701 4662 4655 4633 5076 4762 5057 4959 4667 4918 4488 4934 5083 5341 5165 4713 4821 5037 4481 4684 4808 5030 4870 5088 4749 5167 4474 4835 4373 5128 4335 4746 4834 4545 5023 4916 4762 4974 5067 5167 4805 5093 4780 4831 4903 4615 4893 4909 4880 5194 5339 4616 4708 5181 4460 4752 4355 4834 4970 4918 4949 4679 5593 5111 5082 4925 4998 5158 4753 5253 4597 4687 4760 4746 4323 4909 4758 4897 4781 4685 4952 4724 4576 4868 4680 4651 4432 4845 5207 4910 4836 4804 4640 4227 5199 5082 5139 4769 4634 4581 4857 4852 4577 4848 4980 5127 4616 5021 5080 4635 4829 4722 5159 5271 4590 5260 4373 4868 4897 5171 4854 4643 4953 4589 4884 5055 4720 5061 5354 4462 4419 4639 5032 5125
4618 4979 4608 4881 4565 4585 4621 4952 4675 5035 4653 4574 4766 4803 4476 4436 4603 4873 4448 4810 4626 4732 5259 5006 4896 4776 4463 4911 4902 4704 4927 4932 4444 4668 4963 4574 4579 4614 4675 4503 5061 4797 4622 4788 4776 5140 4667 4813 4753 4761 4695 4819 4867 4477 4849 4443 4517 4947 4607 5347 4769 4698 4848 4780 5259 4734 4903 4841 4774 4686 4593 4950 4786 4978 4688 4613 4324 4781 4348 4964 4703 4817 4774 4959 5001 5047 4483 4868 4647 4838 4879 4568 4618 4540 5053 4674 5050 4145 4866 4801 4903 4501 4677 4659 4629 4698 4448 4469 4455 4710 4774 4885 4927 5265 4291 4732 4704 4709 5117 5077 4767 4607 4592 5006 4380 4497 4683 4768 4682 4774 4869 5026 4597 4791 4482 5147 4453 4752 4639 4351 4637 4776 4725 4833 4920 4986 4714 5066 4701 4939 5066 4662 4600 4993 4528 4992 5129 4402 4468 5032 4601 4717 4797 4644 5025 4780 4511 4520 5448 4894 4912 4839 4595 5185 4595 5117 4614 4760 5045 4704 4002 4763 4872 4770 5117 4690 5053 4650 4684 4707 4736 4344 4422 4768 5150 4860 4712 4727 4720 4648 4919 4966 4541 4798 4472 4398 4876 4891 4442 5272 4883 4942 4778 4947 5141 4753 4645 4765 4850 4739 4461 5214 4309 4758 4868 5080 4500 4562 5019 4725 4634 5039 4479 4970 4929 4254 4418 4594 4991 5061
4697 5214 4956 4794 4672 4858 4989 5165 4989 5355 4678 4483 4714 4860 4775 4771 4804 4900 4507 4852 4659 4817 5068 5498 5136 4364 4812 4968 4984 4714 4904 4720 4484 4822 5306 4887 4519 4714 4648 4597 4994 4851 4885 4859 4710 5163 4738 5252 5074 4749 4807 4569 4628 4691 4781 4337 4606 5043 5022 5462 4775 4862 4786 4812 5364 4795 5204 4883 4731 4690 4779 5123 4911 4903 4720 4601 4837 4862 4378 4986 4930 5003 4811 5016 4883 5294 4956 4922 4448 4796 4520 4899 4870 4885 5449 4848 5208 4603 4641 4993 4833 4676 4596 4898 4935 4988 4601 4656 4545 4803 4924 4697 5053 5452 4600 5142 4693 4955 5139 5409 5077 4696 4751 5084 4556 4498 4835 4808 4759 4911 4888 5150 4607 5079 4536 5183 4550 4690 4568 4816 4736 5046 4867 4871 4745 5090 4653 4848 4943 4909 4826 4306 4865 5135 4849 5177 5166 4426 4704 5159 4668 4657 4649 4891 4903 4791 4541 4784 5356 4972 4888 5010 4676 5108 4663 5046 4558 4530 4618 4661 4315 4856 4830 4855 5139 4798 4839 4632 4905 4943 4882 4596 4404 5091 5171 5044 4536 4855 4912 4344 5106 4910 4853 4897 4589 4618 5109 4859 4557 4777 5001 4868 4745 4830 4935 4980 5039 4644 5007 4885 4346 5216 4615 4668 4802 5048 4634 4692 5043 4570 4701 5047 4881 4949 4944 4664 4552 4877 4976 5202
5015 5358 4503 4740 4474 4655 5047 5177 4801 5259 4809 4569 4845 5025 4751 4911 4634 4952 4734 5039 4776 4921 5352 5318 4909 4589 4550 4757 4636 4885 4750 4815 4439 4403 5437 4696 4690 4653 4775 4581 5247 4980 4775 5174 4828 5359 4705 4997 4894 4742 4922 4850 4869 4560 4953 4782 4711 5069 4944 5362 4588 4978 5008 4770 5253 4924 5125 4916 4888 4620 4669 5091 5109 4877 4801 4283 4611 5109 4522 5147 5114 4999 4939 5260 4958 5166 4863 4859 4578 4782 4945 4534 4954 4648 5189 4948 5370 4290 4793 5255 5129 4478 4572 4970 4951 5017 4493 4705 4740 4741 4961 4748 5190 5571 4635 5136 4765 4615 5342 5258 4913 4861 4925 4730 4341 4697 4687 5047 4611 4910 4853 4943 4537 4766 4554 5224 4679 4824 4674 4914 4929 4740 4702 4943 4887 5158 4659 5244 4668 4699 4906 4644 4755 5274 4952 5029 4952 4493 4467 5169 4503 4772 4756 4780 4720 5032 4667 4614 5214 5324 5164 4994 4904 5313 4619 5243 4546 4513 4792 4922 4457 5139 4959 4822 4922 4564 4974 4737 4838 4631 4813 4438 4521 5138 5116 4866 4786 4897 4879 4577 5228 5274 4849 4813 4651 4454 4898 4864 4657 4910 5044 4909 4995 4939 4948 4932 4854 4476 5057 4825 4499 5104 4424 4638 4855 5310 4889 4676 5092 4616 4860 5059 4625 5026 5047 4743 4547 4971 5090 5109
5151 5179 5047 5129 4849 4832 4979 5169 4742 5242 4889 4892 4790 4916 4783 4787 4830 5180 4828 4791 4925 5028 5391 5454 5126 4384 4648 5115 4677 5004 4983 4907 4637 4632 5435 4681 4700 4777 4895 4717 5082 4933 4869 4982 4941 5504 4777 5103 4832 4802 4812 4983 4871 4710 5133 4294 4544 4763 4872 5395 4763 4894 4812 4804 5554 5156 5329 4960 4904 4729 4949 5229 5042 4892 4910 4463 4616 4947 4644 5174 4861 4890 4934 5238 4888 5307 4912 4794 4762 4775 4965 4541 4807 4707 5375 4837 5054 4595 4791 5117 5068 5007 4850 5072 4870 4998 4596 4664 4734 4660 5035 5012 5163 5339 4809 5092 4741 4897 5239 5241 4888 4755 4710 5071 4487 4707 5115 4979 4650 4780 4948 5106 4658 4809 4751 4996 4583 4732 4621 4793 4717 5021 5021 4855 4916 5249 4871 4878 4509 4864 4981 4669 4754 5050 4810 5261 5141 4393 4482 5342 4482 4809 4971 4733 4889 5100 4596 4709 5480 5297 5009 4865 5040 5297 4985 5040 4804 4506 4887 4882 4360 5219 4927 5003 5117 4852 5007 4923 4655 4928 4909 4490 4578 5095 5323 5026 4826 4829 4892 4486 5046 5356 5023 4965 4295 4653 5247 5072 4654 5289 5194 5098 4781 4853 4966 4974 4771 4606 5100 5151 4601 5098 4543 4906 4842 5246 5083 4879 4991 4954 4774 5008 4785 5172 5012 4534 4310 4895 5190 5219
4957 5162 4937 5016 4902 4602 4945 5201 4847 5383 4729 4829 4652 4877 4730 4768 4727 5267 4596 4897 4758 5045 5116 5188 5292 4431 4760 4927 4852 4842 5190 5053 4562 4665 5516 4604 4727 4597 4661 4825 5075 5105 4931 4685 4894 5268 4681 5044 4964 4719 4960 4872 4877 4487 4688 4495 4692 5166 4914 5262 5111 4684 4958 4701 5224 4955 5108 4894 4906 4478 4907 4788 4953 5094 4709 4588 4677 4713 4515 4744 4808 5013 4967 5081 5082 5412 4832 5100 4868 4739 4574 4593 5015 4703 5657 4915 5086 4454 4905 4755 4892 4770 4603 4929 4960 4935 4670 4950 4573 4760 5081 4976 5122 5257 4311 5077 4753 4955 5233 5250 5063 4805 4736 5035 4252 4555 4913 4845 4887 4937 4671 5412 4960 4911 4763 5186 4893 4648 4622 4492 4778 4873 4642 4892 4923 5305 4787 5178 4872 4892 5187 4692 4887 5131 5073 5427 5359 4528 4555 5132 4607 4830 4788 4951 4882 4906 4818 4636 5546 5331 4810 4982 4932 5002 4689 5146 4754 4768 4807 4662 4366 5159 4767 4921 5142 4815 5000 4832 4880 4988 4837 4360 4478 5109 5373 4919 4783 4729 5010 4374 5157 5039 4803 4808 4558 4450 4994 4768 4567 5236 4980 5046 4778 5158 5353 4769 4649 4566 5089 4968 4617 5408 4431 5006 5026 4863 4996 4867 5214 4826 4777 4862 4757 5059 4918 4733 4507 4700 4945 5094
4883 5305 4912 5040 4741 4432 5109 5239 4662 5351 4784 4914 4827 4925 4988 4965 4702 4869 4634 5022 4939 5017 5508 5352 5305 4634 4555 4906 5102 4903 4823 4836 4648 4877 5441 4485 4724 4560 4729 4784 5163 5127 4713 4940 5012 5261 4727 5150 4970 4657 5077 4738 4763 4633 5118 4518 4721 4874 5041 5438 5118 5049 4833 4933 5270 4894 5255 4981 4829 4595 4971 5053 4874 5057 4974 4728 4962 5124 4631 4968 5017 5088 5121 5299 5150 5426 4848 4841 4638 4862 4821 4598 4857 4936 5399 4715 5225 4509 4838 5122 5074 4775 4632 5211 4980 5131 4774 4706 4671 4652 5187 4823 5281 5466 4725 5155 4845 4859 5344 5429 5053 4590 4824 5176 4474 4504 4895 4873 4926 4863 4890 5234 4564 4929 4749 5202 4656 4918 4692 5002 4908 4757 4888 5036 5105 5323 4940 5052 4852 4970 5212 4645 4896 4962 5064 5265 5409 4611 4607 5225 4522 4569 4727 4671 5075 4890 4744 4654 5336 5136 5083 4808 4665 5314 4965 5371 4704 4773 5009 4841 4336 5172 4943 5039 5220 4899 5011 5070 4702 4982 4810 4840 4539 5204 5144 5119 4869 4813 5049 4532 5412 5107 5134 4871 4673 4590 5346 5093 4852 5055 4988 5136 4799 4910 5229 4828 5105 4680 5241 5172 4824 5251 4536 4994 5003 5034 5158 4896 5286 4868 4868 4990 4600 5131 5216 4609 4540 4909 4944 5062
4864 5046 4903 5095 4848 4739 4999 5343 5067 5331 4909 5017 4968 4878 4865 4693 5000 5191 4614 4889 4581 4994 5351 5408 5027 4652 4805 4942 4999 4924 4947 4853 4537 4844 5348 4632 4817 4681 4595 4826 5034 5128 4767 4880 5011 5374 4983 5439 5119 4673 4796 4773 4733 4533 4920 4541 4623 5273 4756 5347 4941 4865 4873 4932 5304 4869 5224 4863 4936 4715 4734 4891 5086 5126 4704 4621 4722 4896 4698 5168 4659 5093 5085 5337 5019 5353 5066 4827 4854 5102 5050 4981 4750 4817 5217 4864 5145 4539 4778 5082 4899 4696 4669 5021 4756 5200 4581 4362 4701 4882 5092 4816 5275 5132 4614 5116 4895 4788 5227 5496 4960 5035 4917 5001 4699 4725 4885 5077 4690 5164 5068 5307 4848 4858 4808 5242 4568 4770 5108 4570 4903 4946 4914 5162 5015 5094 4957 5236 4998 4971 5038 4897 4753 4986 5048 5366 5244 4631 4699 5176 4747 4757 4872 4829 5013 4798 4627 4532 5455 4826 5131 5058 4878 5223 4644 5443 4817 4880 5198 4903 4252 5099 4864 5138 5001 5001 5274 4791 4701 4957 4832 4764 4845 5030 5269 5128 4606 5045 4913 4435 4994 5294 4966 5088 4438 4759 5163 5080 4637 5197 5101 5002 4847 5108 5135 4866 4839 4965 5038 5426 4935 5326 4579 5007 5058 4984 4983 4790 4944 4872 4646 5262 4748 5024 5095 4537 4607 4994 5088 5244
4788 5070 4632 4819 4478 4254 4831 4774 4643 5169 4764 4462 4810 4639 4533 4466 4729 4782 4561 4839 4747 4614 5101 5075 4929 4543 4358 4558 4590 4546 4947 4777 4250 4675 5109 4485 4392 4311 4350 4793 4678 4734 4529 4819 4820 4893 4693 4774 4451 4623 4737 4819 4640 4434 4922 4549 4601 4769 4703 4930 4625 4524 4520 4638 5134 4735 4842 4690 4569 4674 4582 4845 4895 4782 4440 4304 4401 4661 4257 4827 4786 4885 4738 4943 4797 5112 4579 4747 4498 4621 4454 4662 4784 4344 5377 4644 4693 4097 4648 4805 4462 4528 4436 4820 4670 4600 4664 4566 4566 4568 4698 4732 4776 5114 4338 4961 4815 4867 4930 5173 4897 4805 4538 4987 4265 4450 4461 4890 4474 4779 4878 4857 4473 4573 4347 5015 4496 4586 4450 4574 4586 4610 4680 4723 4688 4982 4527 5110 4312 4663 4760 4713 4707 4794 4932 4868 5271 4681 4334 5032 4325 4450 4630 4708 4570 4526 4377 4627 5147 4777 4843 4587 4613 5100 4456 5083 4494 4610 4715 4812 3972 4978 4796 4717 5009 4726 4834 4861 4388 4882 4530 4307 4264 4912 5011 4771 4716 4694 4529 4520 4886 4826 4721 4715 4475 4391 4664 4555 4697 4910 4955 4959 4766 4804 4982 4745 4684 4295 5207 4661 4454 5198 4471 4675 4781 4949 4615 4577 4910 4416 4401 4588 4464 4943 4795 4375 4416 4638 4878 4797
4622 4997 4747 4687 4587 4670 4748 4928 4788 5107 4701 4653 4845 4636 4475 4879 4782 4796 4523 4780 4657 4787 5138 5212 4875 4549 4566 4699 4866 4757 4999 4858 4551 4414 5330 4609 4508 4536 4593 4518 5043 4974 4716 4796 4837 5065 4559 4880 4646 4544 4802 4799 4605 4640 4882 4573 4478 5083 4628 5204 4829 4701 4900 4831 5038 4785 5028 4690 4779 4498 4769 4782 4958 4605 4478 4594 4709 4761 4232 4848 4843 4886 4704 4960 4835 5142 4938 4849 4397 4626 4660 4720 4624 4573 5176 4648 4935 4485 4806 4624 4561 4445 4568 4801 4830 4620 4613 4540 4707 4642 5164 4690 4843 4976 4441 4700 4655 4937 4965 5094 4858 4679 4690 4975 4431 4447 4621 4775 4542 4758 5012 5052 4497 4808 4516 5010 4325 4740 4593 4721 4505 5033 4767 4779 4519 4856 4464 4889 4704 4429 4858 4502 4967 4774 4805 4916 5145 4285 4313 5027 4296 4487 4771 4622 4762 4604 4342 4564 5409 5110 4822 4969 4684 5220 4674 5046 4714 4773 4731 4464 4088 5075 4645 4579 4958 4541 4862 4434 4477 4980 4799 4670 4172 4916 5064 4766 4563 4778 4518 4629 4953 4805 4905 4926 4442 4720 4980 4890 4557 4951 4871 4924 4974 4855 4662 4694 4699 4477 4861 4856 4334 5012 4478 4810 4810 4881 4507 4582 5006 4600 4562 4952 4591 4962 4795 4653 4245 4810 4788 5120
4917 5177 4699 5140 4589 4488 4794 5101 4806 5163 4797 4655 5072 4828 4591 4646 4781 4873 4799 4909 5100 5008 4953 5479 5093 4509 4468 4780 4825 4792 4814 5065 4585 4571 5165 4615 4751 4681 4506 4750 5011 5191 4703 4998 4949 4984 4633 4941 5197 4608 4787 4692 4983 4662 4770 4484 4594 5015 4959 5390 4686 5042 4702 4591 5275 5160 5099 4938 4964 4710 4744 4867 4833 4878 4550 4463 4846 4599 4419 4668 4698 5031 4921 4998 4814 5123 5135 4960 4826 4903 4927 4615 4845 4558 5336 4991 5004 4516 4784 4837 5005 4587 4735 5177 4883 5027 4665 4709 4611 4873 5016 4977 5264 5134 4464 4627 4896 4603 5179 5388 5052 4639 4845 5222 4478 4421 4943 5036 4832 5078 4963 5021 4498 4874 4859 5302 4482 4832 4791 4627 4669 4821 4893 4801 4965 5176 4943 4912 4720 4466 4870 4682 4805 5212 5058 5141 5107 4398 4437 5183 4409 4800 4621 4659 4907 4827 4965 4710 5408 4758 5243 4994 4756 5247 4688 5215 4895 4479 4992 4777 4216 4934 4769 4959 4961 4781 4920 4704 4574 4813 4698 4510 4564 4940 5238 4799 4705 4922 4809 4564 5205 5341 5235 5080 4415 4700 5068 4943 4623 5132 4979 4936 4600 5001 5067 4703 4761 4725 5048 5260 4714 5352 4315 4899 4909 5009 4656 4780 4800 4617 4779 5011 4682 5021 5087 4596 4255 4689 5166 5176
5245 5352 5322 5376 4835 4629 5201 5321 4767 5382 5039 4771 4907 5148 5103 5009 4817 5551 5010 5358 5222 4907 5433 5809 5358 4927 4907 5192 5058 5063 5101 5293 4763 4742 5663 4854 4687 4983 4957 5129 5470 5336 5263 5154 5039 5397 5018 5459 5195 5125 5262 4944 4953 4822 5400 4642 4918 5045 5087 5529 5435 5038 4858 5181 5773 5305 5533 5066 5221 4706 5042 5204 5062 5329 4834 4730 4596 5200 4685 5352 5059 5006 4932 5362 5267 5521 5139 5102 5038 5238 5055 4614 4974 5255 5762 5056 5362 4740 5025 5236 5127 4766 4805 5334 5302 5055 4786 4883 4900 5034 5266 4847 5417 5356 4822 5272 4870 5013 5382 5655 5199 5036 5106 5286 4533 4834 4772 4898 5276 4755 5068 5541 4893 4994 4959 5500 4681 5134 4974 4736 4943 5098 5086 5307 5146 5402 4860 5235 5092 5126 5124 4923 5013 5146 5160 5453 5160 4959 4689 5543 4582 5305 4755 5005 5065 5055 4770 4950 5528 5446 5075 5243 5354 5606 4878 5401 4828 5000 5113 5059 4562 5316 5282 5053 5578 4992 5167 4995 4818 5004 5122 4675 4638 5224 5402 5363 5008 5141 5026 4576 5154 5669 5042 5111 4603 4681 5213 5182 4881 5307 5278 5200 5281 5295 5403 5072 4898 4692 5115 5452 4983 5400 4785 5098 5072 5337 4887 5074 5085 5152 5119 5228 5063 5333 5282 4707 4884 5185 5304 5403
4293 4609 4381 4458 4497 4137 4438 4599 4197 4652 4178 4443 4482 4451 4211 4377 4393 4424 4348 4377 4601 4828 5081 5058 4583 4443 4247 4399 4586 4291 4262 4581 4235 4241 4830 4172 4330 4253 4290 4497 4424 4481 4519 4421 4473 4780 4322 4711 4449 4279 4327 4339 4199 4525 4407 4201 4275 4525 4408 5176 4525 4638 4450 4554 4745 4508 5012 4659 4428 4393 4326 4471 4463 4483 4315 4235 4579 4515 3966 4523 4556 4541 4583 4525 4714 4743 4480 4550 4455 4621 4607 4444 4660 4465 4864 4425 4663 4102 4813 4536 4419 4117 4413 4537 4420 4612 4340 4069 4232 4209 4755 4624 4672 4693 4291 4477 4264 4525 4866 5126 4610 4171 4481 4741 4349 4495 4482 4558 4452 4596 4524 4727 4127 4689 4230 4711 4253 4426 4398 4593 4315 4529 4575 4426 4568 4593 4401 4773 4372 4617 4108 4131 4338 4490 4331 4681 4832 4127 4091 4673 4199 4338 3986 4317 4549 4245 4429 4347 5157 4504 4757 4549 4286 4573 4569 4819 4374 4037 4801 4515 3764 4794 4569 4662 4582 4665 4526 4537 4365 4587 4435 4301 4103 4660 4760 4481 4371 4490 4575 4054 4694 4519 4746 4612 4270 4364 4856 4567 4324 4671 4547 4491 4270 4532 4643 4625 4310 4237 4472 4677 4348 4587 4042 4407 4318 4548 4602 4484 4652 4357 4374 4724 4326 4591 4578 4094 3992 4681 4636 4518
4950 5176 4990 5100 4864 4516 5028 5204 4820 5355 5051 4911 4888 5313 4768 4735 4996 5052 4757 5037 4698 5057 5226 5643 5431 4846 4461 4976 4872 4819 4933 4874 4461 4663 5371 4685 4791 4835 4640 4933 5198 4962 4946 4796 5019 5134 4749 5163 4961 4826 4969 4563 4713 4755 5046 4438 4839 4906 5093 5193 5083 4684 4763 4809 5469 4591 5183 5027 4660 4817 4961 5169 4956 4925 4896 4706 4692 4933 4519 5021 4927 5085 4920 5269 4791 5415 4838 4923 4688 5056 5013 4731 4950 4784 5441 4738 5247 4770 4840 5093 4893 4658 4640 5063 5067 5035 4555 4587 4541 4671 4943 4742 5008 5201 4572 4895 5021 4908 5192 5537 4770 4807 5113 5023 4666 4508 4800 5398 5149 4941 4999 5317 4658 4719 4828 5301 4651 4830 4921 4631 4754 5092 4970 5006 5065 5253 4963 4932 4965 4813 5240 4677 5197 5099 4856 5026 4970 4925 4626 5242 4603 4695 4534 4703 5065 4669 4600 4691 5562 4956 5080 5146 5043 5458 4683 5323 4640 4725 5065 4932 4285 5245 5024 5052 5011 5049 5013 5003 4568 4783 4791 4470 4609 5217 5544 4913 4537 4967 4810 4492 4982 5033 4971 5021 4713 4746 5004 4781 4620 5193 5008 4919 4992 4964 5079 4873 5034 4664 5134 5093 4540 5497 4528 5001 4927 4958 5178 4939 5185 4775 4944 4790 4365 5212 4912 4632 4606 4879 5161 5249
5083 5233 5087 5024 4684 4902 4909 5439 4780 5462 5031 4977 5052 5163 4828 4843 4760 5408 4514 4960 5241 5043 5495 5397 5142 4623 4881 5006 4796 5040 4986 5122 5000 4420 5460 4672 4786 4774 4923 4919 5256 5069 5169 5020 4999 5363 4668 5059 5208 4803 4912 5007 4954 4839 5133 4723 4550 5179 5296 5551 5040 4940 5040 5056 5622 5162 5335 5301 5095 4916 4720 5057 5058 5179 5061 4607 4815 5028 4529 5251 4721 5078 5203 5441 5128 5444 5150 5227 4671 4738 4888 4735 5183 4806 5336 5273 5190 4799 5074 4974 5197 4831 4934 5182 4935 5192 4833 4783 5124 4899 4895 4973 5216 5522 4710 5063 4897 5100 5469 5396 5050 4727 5042 5265 4444 4811 4927 5074 4739 5138 5121 5187 4887 4797 4624 5258 4483 4881 5026 4814 4895 4815 4743 5249 5244 5334 5135 5196 4949 4913 5085 4696 4848 5325 5164 5422 5452 4585 4913 5307 4729 4937 4663 4730 4977 4994 4902 4850 5597 5318 5314 4915 5117 5482 4895 5342 4741 4662 4932 4966 4368 5344 4777 5165 5236 4711 5107 5122 4803 5222 5004 4632 4655 5055 5354 5147 4867 4951 4980 4474 5120 5216 4965 5100 4512 4723 5132 4932 4850 5062 5495 5297 4922 5158 5414 4857 5091 4632 5237 5115 4769 5300 4540 4893 4757 5326 5097 4800 5213 4582 4940 5030 4788 5261 5184 4586 4490 4659 5278 5378
4769 5371 4836 5004 4698 4758 5133 5136 4707 5122 4847 4691 4779 5107 4786 4872 4924 4724 4759 4692 5011 4959 5459 5489 5190 4635 4466 5018 5084 4654 4685 5067 4245 4777 5303 4544 4813 4804 4576 4669 5294 5073 4772 4932 5020 5378 4940 5023 5197 4770 5142 4869 4988 4386 5097 4667 4570 5237 5209 5518 5113 4737 4669 4989 5159 4949 5294 5084 4763 4766 4792 5011 5186 5075 4917 4425 4649 4912 4773 4970 4983 5004 5091 5253 5108 5425 5020 4783 4644 5012 4851 4726 4900 4904 5449 4844 5245 4608 4732 5061 5101 4743 4868 5238 4997 4927 4783 5088 4818 4935 5159 4950 5190 5464 4712 5071 4676 4996 5167 5280 5182 4691 5024 5178 4664 4975 4842 4844 4885 5177 4870 5372 4638 5002 4583 5220 4579 4665 4799 5006 4770 5052 4749 5015 4900 5083 4692 5221 4936 4822 4961 4746 5074 5202 4954 5228 5204 4690 4561 5196 4572 4936 4821 4870 5006 4618 4796 4665 5709 5034 4931 4912 4841 5357 4864 5205 4613 4351 5134 5149 4323 5205 5037 4965 5155 5029 5063 4908 5027 4939 4920 4668 4497 5128 5224 5110 4847 4864 5029 4767 5191 5300 4823 4917 4677 4415 4938 5075 4681 5166 4851 5055 4788 5308 5265 4972 4824 4602 5265 4881 4876 5201 4594 4834 4648 5233 4772 4883 5271 4945 4765 5075 4881 5192 5097 4677 4425 5199 5247 5325
5005 5126 4937 5255 4858 4598 5137 5173 4935 5334 4910 4796 4972 5281 4700 5050 4954 5156 4878 5085 4967 5035 5481 5389 5300 4699 4786 5164 5067 4843 5012 5148 4509 4538 5449 4711 4821 4985 4799 4958 5266 5250 4808 5161 5070 5381 4916 5192 4923 4821 4981 4887 4844 4480 4859 4547 4817 5119 5063 5405 5203 4935 5097 4978 5299 5129 5422 4941 5020 4794 4748 5142 5121 5144 5131 4559 4884 5076 4590 5088 4933 5143 5036 5322 5208 5186 5069 5092 4674 5085 5103 5070 4907 4781 5472 5000 5368 4705 4860 5022 4902 4824 4900 4993 4983 5178 4548 4900 4931 4958 5168 5086 5396 5618 4772 5121 5132 4973 5096 5237 4822 4945 5063 5096 4653 4735 4833 4957 5216 4873 5037 5292 4900 4896 4909 5370 4848 4731 4757 4790 5141 5164 4947 4920 4968 5256 4982 4974 5002 4903 5381 4707 5123 5260 5026 5271 5316 4634 4832 5244 4710 4861 4922 4963 4993 4795 4605 4680 5511 5046 5143 4960 4907 5446 4723 5260 4837 4757 5108 4991 4232 5336 4892 5264 5256 5305 5025 4894 4633 4987 4919 4641 4584 5029 5069 4883 4593 5049 5220 4554 5414 5202 4917 4853 4424 4858 5324 5106 4841 5108 5289 5186 4944 5242 5453 4990 4960 4768 4914 5143 4579 5406 4462 5018 5266 5257 5004 4922 4913 4750 4770 5145 4524 5337 5284 4755 4467 4973 5254 5298
4652 4856 4387 4631 4460 4335 4665 4996 4732 4939 4483 4459 4675 4656 4297 4697 4577 4914 4509 4696 4755 4804 5079 4891 5018 4316 4534 4614 4572 4683 4457 4885 4230 4489 5154 4365 4456 4559 4451 4662 4943 5026 4454 4961 4694 5058 4536 4658 4824 4542 4619 4488 4600 4399 4731 4407 4390 5047 4527 4912 4537 4493 4520 4656 5104 4755 4913 4524 4608 4524 4630 4794 4546 4824 4776 4458 4627 4557 4272 4754 4546 4820 4752 5061 4786 4895 4708 4799 4242 4621 4645 4640 4790 4493 5117 4771 4756 4311 4559 4904 4728 4096 4511 4814 4598 4762 4241 4431 4566 4541 4761 4825 5019 4940 4357 4788 4418 4458 4960 5045 4789 4587 5071 5141 4359 4327 4321 4723 4595 4704 4752 4949 4613 4425 4473 4980 4484 4628 4506 4530 4692 4740 4442 4666 4630 4974 4569 4638 4647 4612 5014 4649 4602 4741 4860 4928 5087 4317 4330 4824 4271 4470 4569 4776 4756 4553 4535 4252 5242 4706 4786 4792 5023 5091 4480 4691 4661 4251 4818 4550 4194 4647 4733 4743 4597 4700 4896 4619 4582 4653 4742 4193 4280 4750 5163 4701 4585 4592 4594 4316 4861 5117 4580 4778 4003 4426 4875 4917 4666 4921 4890 4931 4869 5014 4974 4513 4666 4615 4785 4509 4609 4882 4451 4606 4776 4751 4668 4800 4789 4801 4242 4686 4665 4846 4670 4403 4190 4865 4937 4930
5008 5211 5063 5064 4760 4634 4895 5052 4655 5553 4738 4692 4930 4862 4846 4750 4928 5180 4939 5002 4916 5016 5457 5170 5094 4796 4997 5008 5013 4860 5030 4976 4477 4788 5424 4628 4707 4810 4720 5115 5030 4975 4829 5003 5010 5454 4976 5159 4849 5017 4801 4699 4904 4579 4943 4509 4964 5384 5093 5395 4979 5037 4738 5069 5424 5035 5275 4908 5053 4740 4546 5201 4839 5181 4828 4703 4831 4964 4510 5172 4914 4931 5072 5182 4945 5152 4995 5086 4814 5037 4907 4880 4816 4889 5519 4951 4993 4856 4945 4888 4850 4819 4492 4872 4885 5117 4572 4671 4834 4984 5002 5063 5359 5519 4789 5024 4993 4754 5279 5360 5076 4713 5073 5256 4519 4631 4842 5078 5187 4783 5036 5138 4922 4869 4855 5234 4639 4715 4929 4588 5048 5074 4886 5225 4759 5538 4876 5212 4895 4890 4980 4745 5006 4946 5128 5379 5578 4664 4833 5157 4766 4899 4587 4737 5077 4804 5129 4977 5593 5122 5136 5042 5105 5257 4525 5047 4804 4539 5159 5196 4362 5258 5053 5243 5249 4962 5162 4774 4919 4768 4987 4607 4499 5082 5253 4886 4877 4674 5032 4587 5004 5556 4906 5060 4372 4771 5202 5097 4739 4879 5375 4997 5072 5127 5201 4954 5119 4682 5146 5012 4713 5475 4407 5022 5059 5100 4882 4739 4987 4764 4867 5388 4626 4987 5158 4577 4546 5017 4969 5146
5204 5270 5099 5403 4724 4647 5023 5383 5040 5392 4987 4638 4986 5177 5041 5145 4950 5179 4938 5195 5249 5220 5674 5572 5210 4999 5054 5025 5024 5022 4961 5106 4714 4642 5423 4857 4754 4729 4892 5093 5267 5174 5090 5127 5075 5411 5030 5132 5066 5133 5101 5060 5153 4704 5208 4542 5138 5083 5171 5503 5174 5129 4994 5097 5734 5206 5414 5278 4996 4997 4890 5449 5014 5359 5065 4731 4609 5352 4482 5190 4742 5205 5100 5425 5296 5490 5240 5293 5007 5237 5151 4792 5117 5004 5673 4913 5176 4418 5146 5182 5214 4686 4947 5270 5049 5358 4777 4801 4840 5257 5397 5162 5434 5346 4722 5398 4961 5078 5348 5543 5194 5029 5162 5580 4475 4834 4824 5193 4914 5254 5249 5237 4947 5013 4949 5494 4722 4958 4817 4871 4965 4865 5007 5123 5188 5237 4934 5159 4794 5029 5086 4924 4857 5228 5157 5612 5640 4885 5141 5193 4783 5351 4753 5065 5414 4915 4971 4872 5620 5129 5143 5204 5220 5617 4633 5341 4905 4662 4966 5002 4285 5359 5075 5265 5288 5048 5312 5262 4902 5165 5261 4699 4585 5357 5659 5043 4979 5181 5021 4627 5493 5632 5201 4925 4702 4843 5188 5206 5032 5187 5392 5353 4811 4873 5378 5099 4944 4649 5230 5004 4895 5469 4704 5046 5025 5385 5265 5036 5160 4816 4981 4984 4948 5506 5379 4743 4780 4882 5324 5305
4807 5245 5085 5240 4590 4745 4850 5114 4868 5076 4766 4902 5249 5073 4667 4701 4831 4947 4717 5223 4810 5032 5157 5389 5325 4812 4565 5124 4722 4852 4958 4794 4709 4507 5402 4625 4694 4738 4807 4630 5005 4813 4780 4954 4859 5214 4688 5038 4977 4863 4795 4561 4482 4543 4981 4481 4691 5069 4977 5309 5327 4908 4894 5002 5254 4995 5239 4705 4793 4672 4834 5024 5002 5110 4880 4411 4606 4847 4432 4853 4709 4960 5054 5239 5037 5288 4903 4680 4747 4979 5006 4987 4982 4626 5406 5211 4854 4647 4573 5111 4866 4863 5011 5188 4905 5067 4860 4640 4873 4925 5093 4918 4952 5438 4883 5050 4766 4691 5204 5216 5100 4887 5027 5079 4451 4745 4930 5171 5072 4889 5074 5084 4637 4740 4815 5145 4535 4491 4672 4578 5012 4965 4846 4830 5128 5224 4787 4999 4773 4638 5153 4862 4928 5159 5099 5030 5436 4581 4646 5019 4640 4858 4615 4940 5100 5036 4683 4599 5495 4777 5105 4796 4931 5495 4550 5473 4730 4815 4859 4836 4325 5283 4870 4980 5337 4821 5020 4836 4917 4923 5122 4706 4478 5060 5265 4962 4828 4737 4838 4409 5146 5133 4758 5035 4397 4475 5142 5053 4697 5090 5187 4915 4792 4826 5200 5013 4917 4733 4903 5230 4741 5251 4453 4913 4877 4924 4933 4840 5113 4774 4774 4759 4809 4998 5198 4745 4777 4808 4898 5140
4569 4980 4836 4955 4495 4306 4613 4798 4411 4733 4720 4660 4575 4591 4350 4488 4571 4877 4546 4693 4735 4696 5062 5213 4732 4614 4364 4546 4597 4554 4507 4612 4465 4415 5027 4295 4438 4439 4316 4476 4844 4774 4757 4829 4700 5022 4546 4760 4428 4448 4616 4479 4462 4482 4701 4224 4330 5062 4759 5097 4786 4586 4733 4508 5135 4513 5011 4630 4599 4535 4521 4802 4922 4823 4496 4385 4603 4652 4156 4566 4757 4527 4476 4973 4635 5210 4728 4905 4351 4847 4917 4609 4696 4730 5109 4635 4820 4426 4679 4483 4651 4433 4677 4987 4646 4885 4207 4514 4378 4665 4822 4644 4839 4882 4151 4674 4523 4584 4946 5136 4745 4548 4628 4817 4620 4366 4858 4916 4592 4689 4684 4630 4169 4601 4460 4889 4080 4402 4484 4573 4514 4594 4679 4695 4706 4931 4591 4821 4668 4323 4805 4512 4678 4792 4638 4839 5033 4018 4177 5026 4111 4905 4247 4463 4934 4616 4606 4546 5231 4753 5118 4636 4567 5041 4310 4971 4533 4273 4760 4513 4104 4748 4678 4894 4722 4360 4795 4495 4526 4537 4587 4271 4235 4931 5145 4556 4605 4633 4625 4172 4946 4615 4737 4764 4362 4476 4952 4712 4165 4832 4699 4605 4488 4742 4717 4568 4401 4393 4916 4963 4551 4858 4345 4469 4547 4762 4824 4599 4797 4621 4677 4753 4407 4776 4595 4220 4339 4685 4895 4873
4772 4982 4803 4960 4630 4283 4807 5268 4602 5198 4801 4396 4602 4582 4735 4619 4700 5226 4418 4824 4676 4751 5110 5202 5001 4619 4332 4530 4869 4698 4851 4602 4228 4205 5225 4555 4361 4669 4311 4617 4817 4917 4717 4696 4675 4981 4588 4939 4611 4686 4860 4723 4608 4125 4861 4534 4385 4767 4617 4986 4786 4586 4704 4664 4926 4894 5033 4662 4745 4507 4673 4704 4605 4781 4418 4204 4489 4840 4175 4943 4886 4847 4758 5025 4654 4880 4989 4519 4497 4655 4695 4514 4830 4868 5206 4621 4754 4144 4826 4898 4668 4347 4439 4682 4533 4763 4254 4531 4723 4470 4894 4414 4980 4902 4420 4979 4534 4705 5233 5079 4819 4646 5037 4793 4252 4474 4199 4540 4805 4830 4544 4855 4342 4560 4726 5134 4671 4507 4543 4495 4436 4792 4626 5032 4799 4976 4622 4974 4622 4366 4683 4387 4701 4811 4752 5027 4979 4562 4409 5022 4119 4536 4517 4906 4634 4386 4224 4360 5055 4965 4637 4841 4836 5355 4383 5016 4759 4453 4612 4804 4355 5093 4786 4975 4807 4574 4675 4511 4485 4818 4530 4574 4227 4703 5244 4651 4520 4615 4622 4389 4777 4969 4537 4707 4307 4326 4723 4751 4543 4824 4919 4710 4699 4431 4724 4705 4680 4495 4769 4719 4356 5046 4612 4658 4904 4855 4567 4695 4863 4533 4353 4554 4562 4959 4842 4518 4667 4630 4787 4780
4390 5004 4625 5048 4443 4281 4753 5044 4634 4978 4331 4548 4642 4679 4478 4635 4560 4795 4623 4536 4940 4870 4907 5021 4838 4177 4461 4626 4537 4424 4506 4585 4343 4427 4893 4594 4683 4467 4174 4571 4907 4772 4625 4584 4593 4791 4715 4725 4645 4752 4634 4383 4586 4244 4844 4285 4245 4949 4954 5300 4894 4610 4695 4547 4852 4591 4977 4665 4589 4322 4390 4579 4493 4776 4584 4471 4436 4689 4232 5007 4483 4764 4882 4765 4634 4835 5102 4565 4433 4570 4540 4481 4604 4641 5027 4632 5054 4184 4546 4626 4718 4280 4172 4995 4847 4576 4247 4592 4372 4642 4821 4678 4697 4771 4319 4946 4401 4673 4749 5232 4777 4657 4806 4673 4116 4488 4458 4621 4719 4622 4660 4901 4411 4687 4492 5076 4231 4427 4584 4251 4403 4630 4415 4648 4684 4698 4312 4850 4450 4379 4657 4204 4660 4921 4874 4987 4979 4412 4424 4699 4452 4585 4315 4613 4889 4850 4567 4294 5225 4671 4617 4597 4810 4984 4133 5005 4474 4549 4627 4556 4201 4865 4598 4775 4738 4569 4767 4731 4403 4776 4600 4395 4134 4804 5058 4871 4485 4572 4602 3896 4823 4912 4640 4443 4380 4328 4770 4668 4273 4740 4902 4699 4484 4665 4783 4557 4632 4582 4738 4865 4349 5032 4190 4637 4361 4812 4721 4694 4554 4350 4516 4874 4494 4971 4953 4390 4366 4451 4728 4849
4905 5235 4976 4909 4376 4613 4778 5139 4713 5225 4661 4540 4841 4919 4674 4753 4633 5228 4573 4744 4849 5118 5136 4977 5285 4474 4649 5045 4591 4858 5121 4951 4647 4319 5238 4605 4782 4600 4514 4712 4898 4999 4825 4574 4844 5276 4934 4934 4827 4893 4848 4809 4653 4311 4803 4633 4703 4961 5167 5316 4879 4782 4928 4782 5465 4974 5056 4946 4990 4849 4686 4846 4813 5020 4841 4452 4658 4745 4297 4935 4841 4848 4649 5138 5112 5156 5020 4789 4749 5197 4974 4446 4876 4517 5424 4824 4994 4497 4868 4887 4792 4667 4573 5021 4831 4785 4657 4869 4824 4634 5030 5082 4920 5275 4709 4966 4696 4737 5067 5335 4990 4896 5043 5116 4473 4520 4825 5029 4805 4795 4925 4865 4606 4752 4669 5171 4680 4794 4705 4383 4667 4676 4903 5078 4873 5288 4880 5207 4789 4557 4906 4669 4628 5131 4755 4957 5181 4577 4493 5156 4382 4658 4730 4726 4876 4637 4441 4658 5330 5050 4961 4891 4940 5370 4627 5193 4705 4683 4840 4863 4274 5038 4835 4759 5113 4801 4980 4727 4593 4892 4793 4352 4568 4964 5050 4861 4384 4538 4886 4645 4999 5027 4924 5036 4608 4475 4995 4841 4817 5072 4990 5013 4587 4993 5107 4744 4733 4691 5135 5061 4462 5182 4339 4971 4811 5142 4692 4718 5158 4508 4670 4909 4559 4994 4767 4279 4585 4624 5036 5151
4903 5216 4989 4948 4835 4461 4823 5232 4822 5136 4873 4721 5207 4890 4647 4841 4606 4941 4504 4914 4700 5048 4953 5150 5026 4487 4495 4874 4746 4800 5217 4782 4499 4555 5323 4646 4484 4724 4536 4525 5178 5073 4664 5012 4774 5140 4765 4952 4676 4842 5115 4650 4792 4480 4672 4644 4580 5066 4734 5313 4941 4741 4839 4972 5185 4884 5244 4879 4824 4587 4784 4986 4947 4793 4742 4342 4384 4759 4401 5063 5158 4958 5144 5200 4895 5132 4892 4885 4678 4885 4876 4742 4710 4687 5532 4701 5027 4335 4612 4849 4828 4569 4688 4987 4852 4865 4640 4656 4661 4775 5215 4810 4950 5276 4767 4918 4690 4718 5286 5312 5239 4751 5013 5093 4514 4709 4731 4850 4716 5126 4783 5287 4590 4898 4544 5140 4750 4437 4762 4554 4622 4914 4726 4961 5171 5155 4728 5066 4734 4742 5003 4744 4935 5015 5120 5128 5098 4433 4602 4818 4505 4656 4731 4679 4955 4973 4576 4451 5399 5040 4835 5067 4812 5222 4568 5378 4637 4735 4850 4916 4235 4981 4941 4788 5085 4687 4960 4819 4641 4929 4936 4649 4354 4883 5339 4907 4782 4815 4878 4643 5068 5117 4863 4983 4559 4486 4935 4784 4579 5313 5077 4702 4990 5008 5077 4931 5003 4772 5127 5047 4631 5135 4559 4731 4997 4810 4932 4772 5125 4664 4844 5188 4714 4873 5138 4533 4313 4872 4979 5236
4793 4874 4597 5052 4776 4787 5052 5080 4773 5344 4662 4648 4673 4706 4726 4944 4795 4882 4543 4973 4726 4762 5041 5359 5258 4727 4647 4809 4928 4575 4898 5062 4492 4822 5336 4432 4498 4553 4513 4886 5054 4750 4680 4637 4946 5081 4560 5175 4947 4794 4721 4584 4899 4471 4938 4321 4467 4802 5024 5099 4961 4682 4698 4830 5222 4806 5116 4746 4876 4747 4774 5033 4961 5108 4342 4614 4662 4924 4444 4860 4623 4857 4651 5315 4918 5206 4827 4941 4702 4929 4774 4577 4804 4807 5193 4725 5114 4319 4565 4890 4711 4553 4866 4749 4733 4911 4738 4767 4589 4774 5303 4630 4937 5197 4419 4812 4601 4955 5038 5341 5114 4543 4841 4911 4396 4574 4584 4793 4706 4804 4853 4987 4639 4892 4554 4988 4545 4612 4600 4531 4860 4869 4757 5059 4972 5077 4710 5018 4904 4775 5034 4585 4983 5133 5038 5205 5048 4403 4478 5319 4608 4586 4536 4455 4964 4573 4712 4598 5413 4975 4833 4828 4706 5279 4585 4955 4636 4473 4814 4827 4127 4961 4834 4794 5057 4865 4928 4663 4587 4714 4912 4249 4532 4844 5279 4950 4716 4749 4917 4299 4838 4946 4668 4652 4573 4618 5005 4684 4365 5169 4946 4821 4577 4792 4915 4689 4867 4587 4957 4730 4604 5225 4348 4799 4659 4767 4647 4672 4940 4726 4712 4887 4512 5012 5068 4470 4319 4637 5050 5269
4946 5017 4824 4912 4956 4846 5073 5132 4790 5111 4791 4758 4684 5141 4745 4828 4611 4979 4602 4903 4750 4869 5312 5418 5131 4618 4731 5014 4708 4689 4912 5087 4503 4626 5303 4493 4790 4775 4527 4732 4899 4933 4719 4881 5040 5318 4736 4844 4994 4824 5006 4822 4810 4509 4863 4451 4573 4704 5023 5281 4790 4733 4590 4651 5365 4783 5004 4913 4810 4665 4858 4923 4869 4824 4988 4650 4597 4761 4643 4924 4966 4800 4943 5185 4878 5469 4550 4982 4740 4800 4703 4595 4945 4871 5452 4686 5299 4368 4871 4970 4768 4689 4561 4954 5049 5148 4720 4499 4535 4805 5100 4830 4903 5296 4480 5047 4524 4748 5225 5081 5084 4706 5055 5100 4459 4919 4738 4736 4612 4845 4947 5201 4441 4727 4540 5179 4711 4823 4492 4655 4788 4995 4747 4794 4917 4955 4869 4984 4570 5046 5048 4577 4797 5083 4796 4827 5133 4556 4339 5250 4379 4801 4771 4779 4833 4833 4702 4681 5430 5152 4947 5001 4934 5207 4655 4933 4523 4683 4679 4603 4134 4996 4900 4937 5003 4939 4639 4701 4694 4877 5161 4474 4540 5278 5399 4962 4595 4971 4677 4547 5024 5223 4904 4939 4568 4487 5143 4999 4843 5052 4787 5003 4899 4876 5078 4814 4713 4537 4910 4968 4740 4929 4584 4824 4819 4912 4714 4873 4978 4649 4634 4981 4833 5135 5045 4793 4368 4974 5015 4960
4811 5197 4942 4710 4653 4524 4910 5088 4715 5186 4753 4538 4748 4770 4694 4800 4646 5047 4810 4726 4937 4998 5245 5238 5051 4665 4693 4926 4881 4792 4860 4819 4532 4963 5146 4660 4564 4955 4626 4732 4979 5011 4464 4839 4985 5139 4784 4990 4797 4846 4799 4685 4774 4492 4934 4351 4883 5164 4704 5368 4709 4868 4773 4853 5234 5017 5048 4762 4810 4610 4797 4953 4726 4727 4587 4669 4761 4897 4359 5065 4797 4884 5049 5221 4805 5120 4738 4713 4541 4883 4812 4979 4501 4737 5377 4570 5192 4327 4797 4752 4785 4581 4560 4870 4960 5133 4730 4545 4583 4775 4833 4564 5081 5342 4442 4974 4700 4786 5200 5347 5015 4558 4593 4898 4543 4725 4805 4880 4681 4783 4953 5153 4707 4939 4718 4947 4513 4737 4710 4518 4804 4781 4780 4912 4813 5045 4485 5085 4617 4795 4823 4470 4842 5108 4855 5157 5181 4383 4392 4853 4848 4656 4936 4554 4836 4980 4844 4702 5473 5039 4963 4993 5010 5297 4586 5194 4331 4623 4994 4534 4229 4836 5086 4997 4952 4898 5004 4855 4939 4981 4823 4658 4519 5108 5063 4901 4459 4795 4860 4324 4830 5036 4819 4970 4439 4602 4957 4974 4537 5200 5009 4881 4916 4897 5194 5053 4719 4587 4999 4824 4482 5394 4554 4721 4900 5021 4832 4590 5020 4864 4756 4997 4432 5189 4941 4509 4344 4969 5113 5175
4678 4829 4483 4895 4699 4522 4866 4957 4857 5350 4401 4776 4670 4735 4647 4604 4685 4868 4525 4843 4628 4651 5237 4995 4907 4524 4593 4550 4597 4731 4688 4795 4546 4354 5113 4640 4574 4660 4707 4431 4715 4593 4927 4821 4825 5099 4419 4870 4825 4580 4598 4549 4638 4356 4634 4606 4436 4879 4408 5191 4708 4465 4931 4510 5117 4925 4786 4719 4592 4484 4589 4886 4758 4849 4652 4391 4400 4860 4235 4749 4645 4672 4605 4951 4538 5010 4869 4865 4551 4752 4740 4716 4811 4708 5137 4874 4936 4424 4733 5004 4639 4623 4599 4599 4847 4560 4369 4559 4647 4697 4573 4842 4862 5212 4436 4736 4569 4783 5126 5213 4686 4512 4501 4830 4625 4466 4556 4854 4790 4426 4872 4671 4687 4600 4765 4995 4502 4193 4570 4638 4805 4670 4575 4920 4759 5100 4570 4715 4758 4758 4929 4292 4797 4914 4959 4932 5366 4465 4359 5014 4493 4483 4693 4623 4930 4711 4253 4547 5114 4827 4895 4830 4597 5154 4368 4987 4543 4393 4640 4699 4141 4908 4719 5112 4884 4575 4696 4501 4434 4668 4587 4408 4139 4746 5059 4649 4581 4804 4381 4263 5147 5026 4690 4816 4212 4291 4954 4763 4509 4879 4911 4761 4886 4680 4874 4607 4746 4559 4934 4933 4368 4927 4307 4527 4622 5101 4623 4736 4984 4543 4541 4773 4556 5076 4992 4591 4454 4630 4968 4736
4740 4760 4846 5035 4567 4597 4971 5018 4870 5188 4494 4659 4853 4680 4847 4670 4721 5219 4678 4780 4757 4780 5322 5339 4868 4536 4553 4708 4697 4980 4761 4953 4614 4654 5486 4485 4420 4883 4769 4737 4916 4867 4924 5114 4896 5226 4811 5120 4745 4677 4691 4765 4664 4637 4813 4512 4469 4782 4921 5339 4905 4663 4829 5041 5465 4639 4958 5153 4841 4773 4854 4862 5088 4872 4811 4541 4638 4895 4224 4941 4973 4879 4591 5102 4998 5266 4832 4836 4691 4942 4684 4623 4882 4789 5340 4725 4982 4595 4533 4950 4902 4665 4563 5046 4766 4933 4787 4442 4842 4561 4977 4835 5042 5203 4372 4961 4861 4931 5087 5311 4953 4668 4656 5175 4647 4337 4649 5145 4860 4924 4849 5173 4654 4745 4414 5128 4653 4680 4594 4694 4603 4841 4543 5015 4904 5003 4595 5203 4648 4830 4834 4655 4896 4710 5254 5145 5374 4569 4589 4899 4548 4661 4708 4717 4713 4996 4537 4502 5672 5007 5013 5043 4983 5203 4745 5019 4806 4708 4677 4736 4029 4945 4805 4965 4944 4613 4887 4902 4679 4918 4753 4728 4464 4856 5156 4993 4932 4646 4902 4472 5171 5064 5059 4782 4340 4696 4856 4679 4580 4872 4875 5226 4796 4736 5335 4756 5006 4495 4851 4947 4634 5237 4466 4770 4835 4779 4795 4945 5023 4782 4771 4914 4722 5053 4998 4556 4563 4764 4748 5095
5479 5506 5212 5319 4984 4826 5242 5502 4956 5569 5301 5233 4986 5090 5181 5075 5082 5474 4690 5433 5139 5478 5617 5598 5535 4862 5026 5220 5188 5197 5263 5268 4965 4983 5656 4654 5041 4922 5013 5040 5370 5231 5252 5352 5353 5481 5119 5496 5119 5154 5158 4704 5071 5054 5358 4877 5115 5417 5260 5519 5272 4968 5134 5312 5958 5239 5440 5352 5146 4905 5125 5291 5377 5464 5111 4830 5104 5279 4745 5125 5058 5432 5074 5583 5304 5652 5310 5165 4837 5206 5178 4946 5165 5204 5428 5224 5340 4895 5055 5196 5168 5269 5102 5130 5407 5205 4848 5133 5123 5030 5153 5151 5414 5566 5166 5271 5040 5005 5719 5574 5330 5192 5264 5348 4818 4793 5062 5459 5207 5546 5473 5365 4843 4991 5020 5632 4675 5194 5145 4872 5316 5526 5104 5383 5565 5587 4918 5348 5223 5138 5249 5058 5249 5408 5420 5553 5489 4919 4882 5451 4746 5101 4927 4974 5197 5119 4955 4874 5565 5384 5441 5457 5266 5577 5243 5560 5148 5229 5075 5020 4555 5337 5230 5188 5409 5224 5093 5096 4931 5319 5362 4609 4906 5263 5623 5461 5152 5142 5245 4915 5149 5519 5336 5160 5054 4798 5401 5213 5085 5383 5655 5394 5180 5384 5507 5093 5369 4942 5411 5250 4974 5482 4596 4992 5114 5493 5151 5237 5424 5066 5263 5238 5246 5212 5543 4793 4909 5287 5359 5642
4721 5047 4744 4804 4434 4118 4682 4922 4616 4918 4578 4642 4605 4937 4434 4392 4509 4705 4543 4775 4838 4774 5192 4933 5204 4409 4209 4842 4652 4869 4720 4656 4594 4347 5131 4497 4443 4436 4414 4552 4880 4787 4444 4737 4844 4908 4576 4829 4663 4585 4661 4557 4563 4294 4768 4168 4381 4812 4607 5047 4714 4613 4650 4499 4710 4705 5186 4499 4481 4509 4664 4818 4767 4994 4690 4382 4403 4847 4251 4732 4600 4932 4262 4812 4755 4864 4874 4559 4634 4591 4519 4441 4393 4477 5536 4546 4886 4372 4662 4666 4939 4497 4289 4781 4654 4849 4321 4337 4588 4744 4852 4849 4725 4938 4386 4815 4481 4711 4856 4886 4771 4503 4629 4775 4216 4535 4454 4679 4730 4485 4743 4813 4414 4746 4375 5068 4466 4680 4478 4629 4639 4833 4607 4692 4681 4784 4645 4775 4337 4684 4540 4591 4535 4906 4914 4831 4942 4448 4596 5093 4401 4456 4639 4704 4710 4525 4546 4379 5244 4929 4561 4670 4754 4811 4513 4767 4641 4337 4583 4810 3768 4944 4667 4822 4954 4737 4775 4830 4477 4734 4654 4375 4167 4829 5090 4618 4491 4661 4733 4221 5090 5080 4309 4630 4143 4522 5227 4804 4711 4901 4838 4774 4626 4846 4863 4885 4526 4293 4677 4482 4655 5090 4298 4800 4852 4866 4852 4506 4752 4559 4490 4670 4555 4817 4661 4334 4502 4400 4716 4987
5042 4858 4801 4866 4637 4617 5121 5212 4823 5186 4925 4363 4778 5020 4696 4904 4879 4780 4484 4851 4949 4966 5110 5312 5256 4633 4504 4787 4922 4796 4893 5006 4351 4578 5394 4496 4842 4684 4829 4830 4925 5161 4733 4786 4929 5001 4679 5013 5176 4909 5114 4530 4804 4610 4833 4448 4687 4684 4848 5168 4942 4556 4675 4877 5375 4702 5046 5004 4831 4814 4804 4967 5073 5025 4920 4459 4769 4729 4585 4940 5019 4969 5013 5296 4928 5358 5007 4981 4636 4959 4840 4756 4934 4724 5423 4614 5148 4502 4710 5023 4677 4680 4422 5029 4818 4912 4785 4678 4619 4840 5233 4766 5047 5163 4572 5225 4579 4961 5126 5257 5082 4934 5073 5208 4068 4643 4841 4934 4829 4946 4771 5022 4582 4819 4616 5222 4702 4942 4650 4840 4842 5077 4665 4761 4860 5269 4754 4976 4771 4852 5096 4853 4953 4927 5158 4699 5424 4588 4627 5320 4526 4781 4572 4951 4785 4822 4582 4607 5342 5186 4819 4903 5027 5364 4604 5264 4472 4605 4732 4898 4055 5021 4710 4962 4871 4897 4708 4838 4828 4707 4933 4532 4401 5068 5274 4931 4764 4815 4721 4576 5353 5058 5101 4744 4506 4471 4708 4800 4797 4977 4892 4971 4690 5013 5139 4861 4876 4625 5030 5024 4781 5199 4532 4710 4668 5074 4790 4739 5195 4530 4795 4856 4682 5262 5173 4739 4540 4882 4941 5025
5351 5428 5283 5323 4936 4769 5082 5491 5024 5409 4798 4787 4991 4880 5160 4899 4877 4911 4859 5026 5047 5291 5320 5370 5217 4855 4547 4903 5091 5231 4966 5220 4539 4977 5612 4663 5041 4821 4867 5072 5154 5217 4908 4916 5255 5263 4724 5098 5214 5011 5153 5016 5012 4637 4993 4511 4958 5301 4920 5477 4867 4972 4919 5171 5554 5069 5237 5011 5000 4837 4910 5072 5283 4978 4945 4787 4795 5390 4489 4953 5040 5099 5175 5448 5156 5354 5107 5010 4735 4881 4939 4848 5052 5097 5549 4946 5394 4554 5021 4957 5001 4868 4948 5132 4873 4814 4793 4699 4725 4972 5372 4902 5150 5340 4776 5389 4940 5043 5440 5608 5109 4779 5067 5082 4522 4744 5060 5326 4976 4943 4999 5171 4897 5281 4961 5620 4332 4976 4744 4896 5014 5096 4851 5017 4995 5292 4626 5202 4790 5247 5183 5021 5021 5092 5312 5416 5445 4537 4984 5313 4389 5029 4721 5160 5143 5086 5013 4742 5503 5215 5028 4976 5200 5590 4669 5462 5109 4814 5026 4918 4413 5078 5097 5112 5285 5096 5131 5034 4834 5119 5134 4883 4404 5021 5435 5039 5029 4754 5053 4647 5364 5232 4867 5102 4585 4447 5195 5092 4797 5302 5478 5104 5032 5267 5691 5136 5068 4813 5351 5124 4539 5423 4777 4873 5101 5292 4993 5116 4996 5022 5013 5119 4740 5363 5195 4697 4512 5163 5277 5308
5288 5302 4994 5194 4648 4674 5315 5274 5028 5370 5022 4897 4781 5014 5029 4973 4910 5139 4891 4978 4802 5031 5240 5396 5068 4565 4780 5001 5008 4978 4948 4895 4506 4845 5416 4577 4846 4880 4460 4919 5298 4982 4868 4931 5316 5503 4626 5042 5175 4781 5174 4788 5092 4864 4937 4656 4930 5165 5009 5278 4925 5175 4889 5056 5588 4938 5111 5053 4859 4699 5181 4897 5091 5199 5038 4401 4785 4827 4488 5089 5020 5182 5301 5313 5050 5373 4971 4870 4637 5241 4999 4850 5219 5034 5700 5122 5134 4613 4993 4997 5133 4722 4911 5251 4620 5045 4847 4970 4684 4860 4993 5049 5369 5319 4881 5199 5049 4929 5349 5370 5038 4929 4966 5068 4553 4813 4962 5130 4924 5141 5019 5122 4662 4930 4812 5156 4445 4855 4737 4688 4958 5033 4976 5162 5066 5256 4943 5201 4727 5028 5126 4686 4987 5022 5304 5011 5375 4617 4865 5136 4490 5019 4919 4935 4964 4777 4622 4922 5533 5154 5376 4925 5149 5406 4733 5338 4775 4844 5121 4872 4738 5121 5130 5008 5109 5036 4949 4851 4879 4790 4836 4858 4621 5218 5482 5042 5039 4605 4994 4537 5020 5354 5587 5187 4587 4962 5033 5029 4832 5020 5175 5386 5017 4966 4952 4930 4926 4552 5563 4961 4904 5439 4713 5065 4901 5092 4990 4968 5190 4943 4776 5186 4708 5052 5143 4609 4633 5044 5181 5203
5051 5325 5050 5095 5013 4891 5067 5313 4882 5445 4794 4700 4925 5172 4916 4931 4876 5253 4650 4854 4969 5183 5489 5261 5238 4748 4502 4950 5273 5162 5285 5100 4607 4906 5259 4458 4779 4968 4775 4703 4869 4994 4946 5083 5084 5356 4622 5252 5048 5050 4833 4954 4909 4661 4935 4541 4520 5199 5040 5399 4856 4826 4862 5000 5554 4914 5067 5101 4888 4842 5031 5051 4833 5004 5039 4736 4779 4917 4431 5044 5050 4992 4996 5387 4892 5358 5168 5255 4836 5029 5093 4909 4841 4626 5427 5066 5058 4806 5090 5143 5189 4570 4634 5147 4936 4759 4809 4645 4814 4770 5289 5156 5178 5210 4739 5020 4971 4902 5250 5490 4923 4817 4935 5097 4609 4584 4718 5210 5010 4903 5183 5300 4870 4863 4864 5296 4979 4886 4873 4861 4976 5137 4980 5110 4952 5178 4924 5363 4858 5074 5171 4853 5060 4797 5128 5320 5586 4513 4719 5291 4682 5101 4762 4882 5206 4873 4886 4721 5417 5195 5225 5359 5176 5364 4941 5225 4703 4984 5118 5005 4192 5051 5014 5004 5198 4743 4979 4964 4707 4973 5078 4818 4543 5079 5749 5021 4890 5031 5292 4436 5181 5228 5132 4994 4839 4871 5117 4984 4841 5463 5245 5337 4915 4998 5362 4841 4937 4881 5006 5222 4665 5503 4633 5197 5097 5049 4826 4593 5252 4929 4853 5042 4779 5186 5028 4735 4474 4887 5015 5204
5015 5432 5113 5271 4990 4813 5129 5324 4896 5225 5067 4850 5086 5445 4936 4750 4835 5324 4744 4976 5123 5315 5394 5622 5082 4880 4731 5101 5101 5018 4907 5111 4948 4924 5545 4748 4882 4938 4931 5140 5248 5268 5181 5091 5085 5599 4903 5427 5137 4906 5166 4984 5151 5014 5238 4535 4809 5344 5341 5576 5190 5113 5083 5028 5461 5022 5375 5100 5152 4753 4933 5029 5269 5375 4771 4826 5131 5064 4814 5302 5028 5119 5290 5335 5349 5607 5251 5188 4773 5044 5010 5024 5331 5094 5768 5092 5449 4640 5110 5339 5242 4969 4821 5444 5066 5108 4974 4905 4878 4938 5245 4717 5578 5385 4577 5175 5187 5089 5376 5453 5309 4948 5177 5403 4611 4818 5019 5203 4772 5563 5230 5369 5055 5334 4956 5504 4723 4959 5154 4746 5033 5067 5178 5303 5263 5373 4771 5462 4901 4858 5204 4959 4987 5171 5231 5569 5538 4557 4897 5572 4786 5111 5032 5264 5135 5084 4899 4820 5689 5401 5313 5332 5113 5658 4896 5557 4866 5012 5212 4909 4522 5252 4998 5054 5260 5134 5346 5037 4970 5074 5061 4703 4839 5249 5331 5115 5204 5013 5082 4821 5325 5443 5234 4971 4522 4833 5270 5211 4882 5479 5297 5159 4924 5312 5365 4853 5048 4726 5483 4971 4951 5561 4697 5095 4971 5333 5005 5183 5294 4953 5006 5179 4855 5434 5236 4754 4705 5026 5253 5327
5007 5147 4824 5241 4706 4498 4934 5221 4718 5111 4683 4739 4990 4723 4647 4949 4760 4924 4676 4732 4886 4809 5196 5325 5111 4645 4479 5100 4934 4869 5009 4910 4613 4767 5115 4530 4650 4838 4502 4964 4700 4963 4653 4984 5020 5362 4701 5068 4749 4875 5195 4875 4927 4533 4797 4287 4739 5056 4808 5370 4989 4818 4884 4774 5364 5049 5267 4658 4879 4664 4635 4722 4715 4950 4559 4430 4835 4922 4370 4923 4816 4855 4740 5416 5037 4964 4968 4798 4575 5007 4688 4702 4780 4878 5381 4731 4924 4599 4846 4947 4788 4787 4583 5018 4927 4928 4662 4585 4672 4822 5082 4908 5133 4983 4602 4793 4594 4994 5381 5370 5144 4745 4747 5315 4222 4707 4880 4950 4883 4974 4942 4924 4773 4651 4429 5338 4488 4829 4596 4490 4714 4998 4814 4838 4772 5220 4813 5147 4958 4663 4910 4626 4995 4961 5161 5064 5488 4435 4702 5150 4387 4615 4747 4883 4832 4847 5097 4797 5309 5105 5108 5019 4887 5007 4698 5004 4860 4653 4786 4971 4180 4878 4774 4895 4890 4825 5055 4677 4625 4775 5036 4602 4556 4945 5187 4938 4763 4825 4868 4757 5082 5097 5159 5103 4671 4839 5065 4979 4852 4969 4954 4923 4777 4798 5046 4986 4698 4570 4978 4899 4812 5202 4636 4973 4493 5108 4876 4979 4947 4876 4638 5019 4701 4963 5263 4555 4598 4696 5006 5006
4806 5280 4922 5179 4660 4820 5050 5119 4567 5332 4897 4545 4759 5032 4806 4563 5085 4889 4835 4856 4849 5071 5328 5289 5241 4797 4793 4849 4952 4774 4769 5053 4726 4697 5271 4694 4868 4642 4905 4948 5128 5192 4667 4994 4861 5348 4773 5020 4894 4690 4836 4877 5045 4557 4941 4658 4970 5219 4849 5269 5237 4957 4832 5001 5367 4893 5293 5053 4996 4782 4744 5328 5092 5126 4827 4585 4613 5204 4546 5030 4525 4916 5129 5367 5053 5341 5002 4893 4924 4921 4739 4753 4967 5066 5286 4991 5295 4525 4878 4940 5068 4794 4634 5047 4947 5167 4514 4845 4790 5011 5135 5058 5197 5350 4656 4826 4723 5093 5251 5321 5085 4712 4894 5114 4482 4650 4856 5195 5097 5032 4896 5045 4634 4866 4616 5233 4562 4774 4938 4601 4945 4765 4594 5237 5105 5491 4707 5153 5068 4640 4924 4962 4815 5196 5026 5146 5262 4730 5022 5144 4586 5010 4859 4769 5238 5002 4899 4566 5738 5070 4945 5026 4818 5463 4566 5234 4592 4631 5006 5287 4157 5166 4760 5173 5335 4909 5028 4844 4848 4856 5064 4464 4651 4957 5118 5089 4995 4654 4812 4584 5167 5343 4851 4812 4317 4563 5167 4980 4758 5203 5069 5266 4786 4932 5149 4873 4932 4622 5164 4938 4706 5161 4414 4675 4691 5195 5144 5084 4977 4796 4987 4938 4695 5062 5092 4572 4697 4989 5111 4987
5167 5084 5130 5371 4720 4877 5358 5391 4916 5597 5107 4946 5190 5165 4858 5110 4885 5211 4823 5090 5117 5261 5503 5556 5305 4523 4917 5281 4925 4983 5083 5016 4821 4927 5598 4840 4692 4648 4566 4859 5055 5194 4865 4926 4774 5399 4889 5106 5155 4939 4823 4584 4908 4651 5088 4554 4809 5016 5083 5428 4980 4978 4552 4863 5644 4988 5360 5110 5068 4909 4910 4963 5030 4955 4997 4564 4770 5174 4595 5004 4853 4932 5206 5247 5218 5216 5086 5205 4795 4909 4804 4864 5049 4859 5437 4816 5260 4853 5171 5040 5064 4759 4632 5237 5075 5168 4823 4872 4984 4987 5059 5035 5364 5254 4596 5201 5073 5022 5464 5656 5016 5135 5060 5420 4492 4656 4824 5080 5060 5091 5100 5295 4714 4909 4756 5220 4705 4958 4859 5009 4968 5013 4894 5024 4834 5321 5022 5212 4877 4984 5175 4758 4964 5090 5195 5374 5527 4839 4752 5243 4639 4895 4706 4726 5099 4813 4833 4782 5523 5044 5077 5055 4925 5219 4940 5475 4757 4915 5126 4987 4407 5022 4987 5289 5266 5135 4931 5206 4650 5019 5116 4521 4776 5178 5339 5188 4911 4984 5263 4542 5178 5165 5241 5154 4627 5037 5247 5152 4953 5294 5217 5312 4924 4962 5312 4920 5115 4621 5360 5064 5095 5255 4676 5052 4976 5277 5120 4739 5368 4694 4828 5200 4885 4955 4921 4500 4441 4765 5496 5136
4511 5174 4651 4567 4565 4494 4640 5007 4683 5121 4739 4430 4635 4644 4387 4365 4605 4778 4394 4695 4376 4858 5259 5155 4808 4371 4838 4592 4793 4580 4619 4749 4371 4230 5010 4436 4625 4558 4426 4534 4761 4891 4754 4658 4866 4945 4535 4760 4543 4524 4756 4755 4609 4549 4426 4511 4395 5051 4895 5303 4782 4359 4519 4793 5218 4620 5052 4541 4728 4675 4400 4904 5027 5092 4487 4331 4658 4607 4314 4636 4614 4778 4859 5084 4693 5000 4660 4624 4449 4448 4650 4558 4827 4740 5210 4647 4948 4266 4619 4656 4829 4675 4601 4715 4652 4650 4309 4423 4311 4463 4858 4596 4897 5137 4236 4811 4202 4593 4976 5272 4874 4519 4447 4844 4221 4361 4651 4780 4687 4739 4730 4863 4343 4536 4356 4871 4385 4641 4702 4554 4802 4805 4472 4896 4938 4936 4614 4663 4621 4540 4974 4594 4720 4799 4539 4960 4918 4298 4250 4894 4394 4718 4362 4623 4920 4736 4409 4604 5150 4673 4778 4622 4697 5036 4498 4910 4504 4169 4609 4687 4124 4854 4669 4824 4773 4227 4744 4615 4653 4753 4627 4448 4332 4891 5127 4959 4334 4618 4613 4230 4696 4878 4670 4711 4243 4372 5051 4876 4516 5033 4676 4748 4806 4544 4907 4644 4750 4411 4934 4889 4370 5155 4489 4550 4551 4769 4610 4637 4781 4376 4494 5016 4447 4975 5147 4465 4232 4655 4873 5022
5244 5436 4934 5273 4719 4955 5060 5316 4775 5557 4884 4973 4982 5397 4903 4972 5005 5153 5156 4915 5013 5042 5402 5393 5347 4905 4924 5054 5155 5091 5028 4879 4690 4690 5433 4830 4853 5011 4915 5031 5169 5433 5056 5105 5320 5536 4902 5195 5170 5180 5263 5027 4957 4526 4987 4671 4841 5280 5359 5514 5221 5013 5131 5073 5655 5150 5434 5115 5041 4886 5019 5438 5207 5176 5115 4711 4721 4963 4581 5183 5122 5300 5299 5300 5089 5507 5073 5366 4997 5065 5031 4757 4909 5183 5787 5014 5515 4793 5009 5057 5019 4827 4694 5098 5075 4998 4883 4800 4672 5120 5398 5113 5237 5562 4867 5138 4970 5163 5436 5382 5352 4895 5053 5064 4680 4771 5106 5340 5133 4896 5165 5345 4860 5052 4896 5436 4545 4671 5019 4982 5047 4868 5094 5274 5047 5443 5042 5368 5176 5065 5348 4874 5247 5032 5239 5142 5330 4889 4904 5185 4877 5033 4918 4937 5185 5044 4777 4880 5761 5329 5082 5065 5076 5488 4756 5657 4928 4681 5152 5293 4420 5381 4992 5360 5326 5169 5114 4971 4869 5121 5014 4772 4614 5298 5392 5041 4806 5153 5257 4705 5321 5590 5225 4940 4563 4786 5132 5061 4892 5263 5069 5281 5167 5246 5489 5056 5023 4793 5309 5388 4676 5424 4815 5124 5116 5129 5126 5070 5154 4884 4966 5263 4703 5364 5444 4850 4775 4986 5487 5275
4621 4941 4618 4618 4757 4408 4712 4888 4664 4925 4565 4609 4716 4741 4579 4651 4802 4753 4432 4679 4733 4761 5059 5207 5227 4459 4349 4695 4680 4617 4952 4761 4459 4616 5123 4420 4671 4512 4635 4646 4902 4794 4645 4792 4728 5025 4475 4978 4489 4587 4795 4685 4562 4451 4901 4628 4591 4666 4660 5081 4976 4559 4855 4739 5183 4942 5016 4868 4734 4325 4535 4790 4603 4651 4556 4451 4562 4733 4422 4864 4530 5008 4714 4982 4857 5167 4624 4513 4417 4930 4626 4674 4823 4865 5086 4745 4914 4402 4614 4690 4548 4505 4553 4807 4952 4608 4545 4459 4541 4620 4849 4756 4899 5131 4464 4789 4528 4732 5140 5219 4734 4493 4922 4881 4232 4832 4866 4817 4903 4923 4733 5135 4471 4691 4779 5091 4550 4711 4672 4477 4615 4698 4597 4817 4757 4989 4682 5081 4679 4664 4658 4615 4792 4854 4740 4886 5170 4491 4432 4886 4260 4566 4727 4647 4543 4890 4538 4478 5342 4895 4725 4749 4603 5066 4500 5052 4307 4654 4984 4786 3968 5163 4791 4795 4913 4776 4805 4689 4501 4831 4793 4375 4460 4929 4979 4737 4518 4765 4454 4373 4920 5059 4762 4718 4535 4475 4882 4888 4743 5072 4832 4852 4541 4929 5031 4597 4763 4484 4757 5018 4496 5013 4270 4879 4597 4735 4371 4654 4777 4447 4526 4714 4530 4954 4968 4674 4618 4959 4817 4797
4892 4979 4851 5061 4612 4460 4970 5065 4739 5234 4653 4858 4845 4740 4624 4632 4751 4643 4682 4758 4712 4815 5255 5236 4931 4677 4537 4625 4860 4647 5059 4702 4484 4766 5326 4498 4771 4617 4529 4586 4970 5045 4684 4798 4939 5204 4728 4871 4955 4587 4748 4638 5020 4445 4649 4556 4529 5123 4856 5133 4837 4725 4813 4586 5126 4754 5178 4665 4468 4502 4730 4878 4811 4921 4379 4368 4799 4658 4359 4898 4530 4930 4826 5232 4797 5107 4946 4871 4567 4762 4586 4772 4809 4541 5417 4959 4986 4190 4782 4852 4786 4718 4709 4939 5020 4693 4583 4714 4838 4724 5296 4798 4895 5267 4442 4858 4894 4719 5072 5283 4997 4670 4673 4821 4671 4674 4603 5118 4659 4997 4886 5236 4499 4932 4761 5022 4498 4532 4509 4825 4898 4915 4996 4917 4715 5119 4715 5190 4554 4770 4825 4718 4800 4891 4814 5185 5210 4429 4412 5267 4713 4658 4808 4810 4763 4417 4602 4614 5336 4666 4836 4853 4715 5022 4582 5107 4760 4599 4856 4680 4369 5098 4681 4813 5043 4878 4832 4800 4549 5106 4726 4499 4386 4717 5216 4631 4723 4771 4801 4668 4814 5125 4903 4910 4426 4578 4899 5077 4668 5120 5190 5013 4768 5127 5310 4730 4731 4420 5157 5019 4514 5232 4431 4812 4846 4829 4998 4885 4796 4644 4790 5087 4520 5054 5025 4511 4252 4728 5204 5089
5106 5378 4987 5101 4997 4730 5333 5411 4739 5581 4915 4808 5245 5121 5043 4903 5172 5184 4691 5175 4951 5057 5540 5411 5369 4723 4920 5031 4978 4742 5131 5045 4701 4959 5586 4672 4550 4964 4864 5024 5028 5252 5042 5089 5341 5409 4762 5032 5049 5034 5268 4943 4912 4806 5204 4657 4839 5303 4992 5373 5175 5085 4754 4928 5448 5166 5387 4995 4990 4666 5121 5237 4803 5125 4711 4610 4691 5124 4438 5289 4920 5129 5091 5181 5163 5433 5207 5078 4964 5033 4733 5029 5227 5011 5551 5201 5126 4605 4986 5055 5032 4754 4842 5074 5196 5191 4790 4908 4717 5085 5120 5057 4963 5278 4766 5202 4828 4735 5521 5516 5080 4746 5031 5339 4522 4968 5066 4802 4937 5237 5213 5142 4554 4717 4918 5413 4467 4863 4658 4895 4758 4875 4852 4954 5164 5336 5036 5348 5082 4913 4907 5135 5014 5156 5284 5285 5144 4789 4803 5082 4574 4959 4676 5065 5271 5143 4774 4856 5571 5113 4845 5161 5043 5113 4668 5280 4942 4631 4883 5123 4297 5272 4855 5197 5337 4993 5172 5068 4752 4961 5058 4643 4708 5132 5655 5047 5083 4980 4953 4606 5070 5261 5185 5177 4626 4902 5092 5183 5008 5244 5036 5167 5197 5177 5292 4754 5098 4745 5115 5272 4773 5259 4469 5095 4598 5008 5154 4943 5182 4881 5078 5027 4797 5104 5272 4881 4537 5142 5181 4922
5074 5299 4925 5206 4837 4654 4990 5185 4754 5373 4912 4832 4971 4963 4723 4831 4808 5188 5090 5258 4883 4914 5280 5295 5110 4805 4730 4850 5098 4998 5048 5228 4744 4471 5215 4692 4955 4680 4881 4959 5294 5297 5180 4946 5115 5389 5012 5192 4943 4549 5100 5000 4889 4832 4874 4877 4756 5224 5007 5573 5254 5047 5082 5049 5471 5074 5389 5062 4866 4608 4962 5177 5149 5298 5094 4638 4888 4961 4499 4895 5039 4893 5042 5414 5226 5354 4999 5132 4935 5066 4980 4787 5129 5037 5494 4999 5213 4776 5062 4914 5085 4662 4666 5153 5058 5076 4722 4968 4996 4966 5236 4788 5240 5436 4738 5147 4918 4970 5188 5253 5302 5021 4869 5333 4538 4699 4880 4980 4973 4950 4894 5391 4990 5060 4634 5236 4613 4625 4904 4965 5032 4817 4952 5322 5222 5403 4668 5173 4778 5107 5135 4789 5002 5268 5209 5363 5371 4521 4624 5331 4732 4910 4870 4917 5247 5105 4769 4907 5418 5187 5145 5140 5046 5526 4780 5518 4899 4878 5052 4954 4400 5225 5088 5142 5481 4745 5072 4705 4644 5249 5160 4811 4412 5234 5437 5081 5021 5022 5034 4665 5404 5404 5012 5163 4554 4527 5315 5088 5023 5227 5274 5022 4940 5052 5471 4969 4989 4707 5298 5296 4955 5327 4556 5016 5209 5379 4703 5040 4983 4919 4938 5273 4870 5356 5457 4740 4582 4986 5152 5110
5058 5290 4741 4968 4738 4682 5020 5229 4859 5282 4871 4799 5107 5032 4740 4821 4830 4979 4741 4908 4993 5229 5209 5447 5071 4743 4722 4873 5186 4846 5303 5246 4732 4921 5354 4777 4776 4582 4731 4876 5030 5161 4913 5138 4914 5191 4875 5157 5084 4787 4925 4869 5035 4636 5164 4529 4810 5178 5224 5518 4969 4860 5104 4971 5408 5242 5410 4916 4710 4644 4727 5058 4856 4983 4683 4693 4687 4964 4577 5222 4912 5111 5008 5300 5169 5148 5107 5133 4653 4979 4897 4992 4744 4705 5809 4892 5384 4558 5017 5148 4646 4574 4941 4892 5128 4949 4670 4690 4796 5074 5195 4917 5090 5316 4608 5212 4898 5019 5342 5630 5225 4786 4803 5341 4417 4897 4751 4825 4936 4931 4934 5222 4844 5243 4682 5499 4793 4712 4830 4947 4978 5106 4934 4983 5062 5278 4828 5308 4894 4906 5194 4672 4867 5210 5099 5280 5393 4602 4572 5049 4611 4692 4975 4864 5022 5022 4875 4858 5659 4958 5012 5001 4861 5464 4539 5442 4883 4734 5196 4956 4473 5068 5097 5160 5064 5037 5360 4836 4749 4966 4974 4493 4420 5081 5264 4920 4863 4815 5011 4691 5153 5296 5031 5107 4496 4715 5165 5158 4738 5163 5190 4900 4974 5020 5218 4923 4858 4770 5136 5159 4804 5472 4500 4959 4902 5252 4980 4902 5344 4783 4944 5118 4703 5132 5104 4497 4459 4829 5177 5187
4963 4945 5117 4949 4588 4208 5016 5134 4713 5051 4866 4669 4784 4753 4783 4590 4656 4860 4807 4729 4872 4811 5163 5292 5164 4341 4528 4913 4866 4634 4931 4765 4412 4675 5195 4669 4696 4603 4524 4666 5199 4844 4728 4787 4892 4986 4588 4968 4726 4612 4966 4638 4649 4622 5003 4165 4486 4920 4728 5094 4920 4762 4419 4901 5339 4804 5211 4809 4558 4576 4679 4762 5017 5181 4622 4359 4484 4758 4394 4855 4744 4996 4830 5197 4846 5159 4812 4413 4425 4596 4705 4647 4699 4758 5136 4481 5027 4552 4587 4747 4700 4499 4582 4915 4742 5037 4529 4677 4459 4665 5068 4762 4691 5190 4601 5097 4552 4717 5035 5099 5030 4595 4769 4795 4307 4528 4590 4546 4727 4849 4807 5116 4463 4741 4726 5074 4494 4744 4466 4551 4765 4976 4851 5001 4800 4983 4647 4918 4586 4677 4840 4444 4739 5046 4846 4946 4967 4282 4705 5023 4332 4686 4594 4604 4666 4577 4661 4749 5272 4867 4879 4803 5061 5221 4613 5081 4574 4548 4816 4804 4414 4814 4855 4912 4892 4769 4671 4767 4707 4806 4739 4566 4316 4845 5285 5005 4589 4633 4789 4089 5015 4922 4948 4806 4446 4475 4994 4706 4475 4944 5071 4819 4822 4846 5087 4989 4979 4470 5207 5055 4664 5340 4394 4555 4981 5044 4704 4830 4869 4490 4550 4892 4595 4922 4946 4321 4412 4893 4831 4926
4872 4957 4558 4951 4662 4457 4819 4965 4423 5013 4571 4727 4809 4616 4707 4827 4769 4930 4589 4467 4763 4688 5148 5437 4911 4348 4459 4561 4651 4740 4724 4774 4451 4580 5019 4641 4657 4829 4584 4757 4796 4981 4817 4699 4748 5259 4430 4920 4790 4672 4887 4996 4792 4590 4666 4266 4476 4858 4673 5093 4778 4943 4715 4744 5121 4746 4833 4946 4614 4601 4795 4763 4931 4812 4742 4614 4549 4651 4363 4876 4835 4709 4940 5204 4718 4996 4857 4663 4613 4851 4671 4537 4748 4681 5292 4571 5028 4395 4642 4828 4976 4585 4466 4688 4646 4928 4529 4512 4371 4650 5088 4601 5045 5184 4466 4964 4669 4514 5096 4995 5012 4642 4871 4853 4358 4356 4618 4735 4805 4829 4866 4936 4748 4654 4554 5137 4284 4560 4447 4335 4626 4684 4921 4878 4718 4969 4632 4988 4548 4550 4801 4432 4807 4886 4672 4828 5237 4247 4413 4846 4483 4504 4822 4565 4959 4721 4416 4423 5418 4952 4952 4751 4708 5363 4513 5024 4592 4533 4832 4666 4274 4891 4829 4963 4877 4897 4729 4502 4583 4736 4793 4454 4492 5257 5189 4612 4552 4488 4635 4298 5062 5010 4931 4884 4495 4568 4846 4815 4599 5001 4878 4853 4567 4878 4892 4640 4728 4335 4943 4815 4767 5071 4333 4756 4737 4874 4883 4777 4846 4742 4574 4800 4470 5103 5033 4571 4302 4802 4824 4896
4620 5011 4806 4972 4498 4378 4723 4975 4516 5261 4735 4423 4688 4752 4520 4531 4568 4959 4348 4833 4470 4800 5076 5196 4668 4301 4624 4660 4616 4370 4656 4644 4319 4419 5072 4264 4518 4408 4228 4700 4755 4715 4455 4835 4642 4981 4675 4979 4644 4691 4655 4607 4741 4207 4625 4383 4629 4682 4648 5210 4559 4490 4351 4571 5144 4826 4605 4689 4492 4255 4297 4859 4693 4677 4557 4346 4432 4541 4248 4899 4603 4342 4664 4906 4456 5030 4758 4828 4754 4603 4438 4668 4631 4533 5113 4728 4933 4013 4511 4790 4719 4739 4406 4726 4764 4606 4512 4328 4304 4687 4792 4539 5074 5008 4382 4780 4466 4833 4968 5185 4615 4562 4497 4765 4469 4842 4435 4854 4614 4889 4754 4748 4326 4301 4246 4957 4494 4427 4433 4634 4580 4466 4502 4689 4530 4935 4598 4969 4597 4618 4676 4358 4829 4916 4900 5022 4930 4414 4329 5051 4311 4520 4743 4408 4699 4571 4546 4442 5092 4885 4842 4832 4532 5079 4424 4777 4337 4238 4582 4612 4097 4816 4602 4800 4795 4762 4623 4469 4406 4850 4649 4324 4342 4951 5083 4734 4378 4614 4567 4343 4820 5204 4916 4760 4144 4342 4739 4658 4643 4728 4639 4647 4705 4948 4910 4357 4489 4327 4897 4785 4591 5193 4342 4661 4415 4825 4650 4571 4780 4434 4499 4769 4251 4987 4756 4266 4239 4727 4771 4858
4742 5015 4848 5033 4689 4480 4914 5286 4643 5405 4643 4863 4740 4833 4543 4804 4591 4882 4411 4846 4890 4672 5207 5176 5106 4379 4457 4843 5061 4764 4876 4703 4624 4706 5354 4837 4548 4771 4512 4715 4916 5059 4638 4935 4890 5020 4718 5001 4990 4723 5018 4644 4962 4388 4618 4415 4665 4853 4930 5178 4993 4775 4864 5041 5224 4781 5245 5101 4776 4734 4705 4787 4886 4917 4873 4686 4693 4735 4457 5006 4769 4688 4758 5262 4928 5018 4743 4692 4571 4715 4449 4880 4734 4603 5354 4773 5158 4483 4776 4950 4983 4606 4864 4915 4785 4759 4421 4426 4675 4613 5184 4657 5071 5168 4632 5000 4815 4950 5095 5325 4922 4655 4818 5302 4410 4724 4755 4904 4973 5022 4642 5076 4660 4969 4637 5174 4582 4690 4670 4471 4760 4886 4915 4879 4913 5150 4890 5147 4642 4485 4932 4628 4870 4926 4918 5072 5432 4530 4669 5032 4638 4561 4714 4715 5014 4737 4897 4590 5609 4941 4878 4862 4889 5258 4469 4976 4451 4663 4875 4917 4072 5217 4596 4899 4933 4733 4992 4775 4782 4936 4660 4662 4571 4828 4776 4878 4795 4737 4936 4288 5162 4873 4686 4704 4453 4501 4973 4882 4567 5252 5175 4857 4623 4664 5261 5178 4786 4517 4904 4858 4450 5435 4507 4858 4731 5070 4817 4677 4965 4560 4489 4951 4614 5101 4734 4382 4427 4697 4683 5011
5132 5230 5077 4944 4870 4819 5045 5519 4696 5602 4974 4916 4980 5123 5096 4999 4834 5307 4732 5200 4884 5088 5391 5503 5089 4861 4953 5080 5053 4955 4910 5025 4832 4793 5403 4659 5013 4939 4936 5013 5220 5239 5122 4885 5117 5139 4744 5116 5377 5010 4969 4959 4909 4648 5219 4487 4851 5131 5137 5200 5075 4781 5033 4996 5653 5079 5367 4947 4997 4986 4799 5173 5238 5189 4840 4589 4676 5034 4670 4980 4936 5192 4954 5268 4951 5240 4846 5119 4547 4829 4798 4792 4933 5044 5404 4900 5083 4716 4928 5295 4988 4879 4902 4959 5112 4934 4876 4620 4848 4931 5246 4932 5024 5261 4638 5370 4963 4998 5451 5380 5125 4853 5235 5182 4482 4519 4919 5149 5042 5017 5238 5327 4865 4939 4792 5326 4471 5232 4989 5031 5014 5066 5055 5008 5198 5383 4706 5160 5036 4942 5247 5091 5082 5134 5111 5191 5285 4716 4772 5172 4464 5065 4764 4907 5160 5004 4736 4658 5650 5214 5286 5197 5000 5462 5068 5203 4939 4769 5078 4879 4087 5418 4992 5179 5211 4782 5306 5079 4913 5083 4965 4753 4743 5271 5485 5001 4871 5053 5060 4473 5202 5095 5046 4991 4612 4639 5291 5029 4931 5055 5520 5186 4967 4965 5350 4992 4984 4767 5292 5236 4754 5329 4721 4888 4967 5272 5016 4772 5176 4766 5031 5077 4819 5447 5112 4732 4676 4886 5208 5220
5118 5482 5197 5021 4631 4868 5085 5252 4736 5532 5079 4827 5095 4981 4787 4796 4939 5022 4535 5071 4909 5061 5544 5156 5178 4901 4683 4827 5131 5077 5066 5149 4860 4765 5547 4550 5014 4978 4754 4945 5176 5083 4815 5247 5189 5422 4863 5038 5050 4962 5144 4895 4940 4661 5004 4610 4999 5428 4969 5220 4924 4680 4787 5024 5650 5048 5307 5174 4965 4794 4885 5166 5150 5189 4940 4926 4940 4888 4355 5016 4945 4939 4950 5141 5132 5469 5050 5009 4674 4929 5074 5171 4942 4869 5606 5050 5434 4646 5108 4986 5162 4735 4872 4894 4988 4924 4681 4779 4795 4822 5316 4966 4942 5302 4660 5143 4920 5122 5403 5663 5346 4785 4980 5229 4577 4722 5058 5094 4826 5160 5051 4939 4945 4918 4688 5555 4415 4835 4998 4799 4612 4938 4983 5185 4888 5368 4812 5353 5013 4661 4884 4988 4896 5029 5126 5305 5344 4394 4666 5197 4418 5088 4591 4764 5262 4969 4932 4768 5552 5095 5101 5227 5142 5504 4759 5139 4847 4610 5096 4941 4450 5052 4965 5413 4954 4909 5091 5026 4724 4926 5087 4438 4530 5317 5518 4888 4765 4786 4941 4597 5034 5191 5017 5174 4658 4556 5011 5052 4946 5350 5393 5095 4989 5181 5406 5031 4997 4858 5246 5279 4822 5470 4516 4931 5011 5317 4975 5079 5170 4958 4992 5016 4769 5109 5058 4636 4501 5000 5188 5274
5119 5223 4812 5226 5021 4667 5081 5290 4882 5407 5147 4984 4874 5281 4852 5153 5185 5232 4744 5053 4914 4947 5530 5569 5601 5040 4417 4777 4939 4907 4976 4955 4836 4636 5610 5014 4700 4772 4967 4792 5194 5170 5087 5205 5018 5441 5109 5127 5237 4818 5145 4605 4909 4655 5139 4698 4792 5162 4817 5304 4985 4941 5029 4962 5563 4856 5486 4888 4977 4851 5011 5131 5044 5152 4678 4832 4940 5157 4575 4892 5100 5022 4785 5451 5100 5669 5062 5319 4937 4942 5014 4890 4835 4851 5629 4966 5083 4745 4873 5003 5241 4886 4645 5140 5369 5237 4771 4913 4780 5116 5290 4973 5312 5540 4714 5151 5101 5048 5532 5638 5411 4860 4982 5301 4535 4729 4796 5091 4880 5083 4825 5271 4874 4975 4813 5336 4764 4652 4648 4728 4908 4988 4784 5286 4927 5283 4933 5279 4811 4856 5006 4789 5069 5230 5097 5327 5326 4709 4785 5373 4646 4781 5002 5013 5262 4925 4935 4764 5462 5220 4908 5362 5062 5303 4712 5272 4848 4857 5053 4806 4194 5082 5056 5247 5030 5050 5162 4881 4815 5062 4879 4731 4723 5285 5521 5030 4913 5151 4990 4784 5151 5197 5031 5185 4681 4758 5246 5034 4908 5340 5281 4975 4786 5058 5229 4966 4916 4872 5325 5253 4698 5139 4532 5129 5008 5231 5018 4880 5264 4944 5025 5060 5066 5278 5034 4791 4629 5160 5326 5121
5105 5246 4923 4910 4691 4456 4937 4993 4781 5122 4692 4790 4656 4904 4652 4591 4670 5153 4698 4838 4895 4925 5460 5195 5217 4622 4626 4766 4641 4868 4861 4736 4263 4504 5368 4542 4373 4639 4221 4660 4834 4742 4597 4606 4862 5156 4570 4939 4752 4550 4765 4590 4657 4388 4668 4366 4557 5164 4804 5236 4786 4733 4618 4697 5181 4949 4932 4642 4687 4608 4733 5032 4943 4746 4647 4430 4513 4888 4480 4763 5104 4895 4922 5040 4554 5160 4619 4675 4796 4454 4695 4574 4819 4595 5499 4671 4983 4509 4955 5031 4735 4734 4566 4694 4728 5053 4496 4385 4457 4718 5007 4617 4959 5334 4430 5021 4538 4712 5151 5209 4675 4543 4762 4788 4250 4752 4567 4851 4814 4827 4986 5015 4743 4708 4658 5252 4646 4618 4509 4590 4800 4908 4591 4979 4713 4954 4841 4912 4733 4749 4652 4695 4875 4997 4943 5013 5287 4540 4611 5343 4410 4608 4737 4765 4514 4579 4688 4552 5575 4838 4769 4660 4949 5048 4634 5096 4718 4468 4462 4894 4325 5055 4776 4967 4739 4867 4762 4750 4610 4658 4824 4496 4446 5206 5035 4826 4632 4645 4822 4457 4994 5222 4808 4982 4151 4635 5069 4865 4553 4978 4937 5087 5055 5235 4945 4711 4786 4382 5082 4836 4855 5085 4270 4596 4711 5043 4758 4880 4952 4553 4605 4838 4325 4776 4980 4605 4569 4794 4868 4965
4887 5246 4878 4902 4604 4360 4999 5192 4777 5322 4773 4789 5048 4842 4758 4698 4761 5117 4657 4717 4752 4923 5144 5427 5289 4566 4653 4676 4846 4756 5106 4860 4793 4760 5339 4704 4739 4704 4500 4953 4934 5056 4830 4898 4799 5276 4881 4950 4804 4762 4703 4896 4746 4377 4950 4628 4660 4886 4785 5105 5031 4512 4708 4644 5086 4930 5154 5001 4696 4633 4649 4799 4747 4855 4710 4228 4220 4894 4432 4805 4952 5073 4963 5345 4947 5072 5061 4729 4622 4761 4836 4801 4910 4751 5360 4994 4989 4352 4698 4967 4741 4555 4578 5125 5071 4963 4658 4632 4574 4665 5142 4871 4985 4904 4758 5197 4854 4962 5030 5446 5051 4815 4703 4933 4481 4768 4744 4941 4727 5113 4893 4737 4782 4774 4572 5110 4590 4754 4876 4732 4696 4795 4503 5169 4850 5088 4764 5156 4701 4648 4848 4631 4990 5062 5150 5198 5398 4620 4509 5076 4436 4536 4691 4737 4852 4744 4843 4590 5458 4963 4945 4907 4863 5382 4493 5320 4626 4582 4882 4970 4373 5098 4729 5092 4872 4797 5015 4782 4543 5081 4919 4477 4509 4861 5331 4868 4931 4930 4922 4408 5144 5057 4875 4989 4374 4583 4922 5099 4684 5165 5193 4822 4844 4765 4936 4886 4973 4405 4996 5205 4463 5220 4306 4890 4836 5328 4930 4755 5089 4630 4570 5035 4620 4866 5136 4387 4439 4831 5050 4896
4748 5014 4980 4852 4512 4762 4748 4897 4696 5452 5063 4495 4682 4883 4542 4667 4817 4824 4869 4924 5052 4573 5187 5147 4854 4582 4758 5069 4636 4678 5136 4679 4611 4418 5231 4539 4453 4742 4631 4551 5105 5078 4541 4803 4789 5060 4732 4736 4993 4727 4823 4644 4836 4487 4951 4569 4559 5246 4932 5053 4747 4851 4755 4949 5549 5032 5392 4773 4786 4648 4564 4856 4710 4880 4524 4296 4575 4617 4426 5067 5052 4830 4933 5009 4860 4852 5006 4920 4450 4811 4706 4922 4788 4680 5369 4870 5060 4265 4960 4742 4925 4600 4796 4964 4854 5198 4615 4612 4505 4626 5002 5089 5079 5318 4548 5099 4889 4813 5088 5129 5171 4764 4774 4966 4601 4718 4893 4894 4741 4674 4528 5199 4791 4825 4517 4760 4644 4669 4575 4666 4886 4950 4847 4849 4911 4931 4716 5118 4716 4638 4994 4599 4826 5086 4758 5023 5130 4350 4544 4924 4647 4777 4491 4796 4893 4982 4751 4624 5302 5062 4986 4767 4664 5071 4633 5300 4573 4562 4793 4699 4277 4903 4998 4961 4944 4622 5084 4793 4684 4700 4732 4719 4441 5102 5363 4908 4467 4923 4746 4612 5008 5087 4916 4784 4210 4525 4918 4992 4695 4917 5023 4809 4648 4897 5035 4676 4402 4581 5021 5090 4515 5275 4337 4814 4736 4957 5006 4527 5081 4584 4565 4944 4422 5086 5050 4438 4455 4723 5334 4719
4885 5236 4570 4839 4771 4725 5226 5211 4569 5204 4756 4542 4875 4893 4645 4634 4789 4682 4887 4683 4780 5007 5373 5297 5199 4272 4575 4891 4771 4906 4863 4674 4656 4502 5404 4355 4429 4605 4745 4781 5001 4969 4758 4966 4897 5255 4960 4879 4709 4720 4708 4710 4461 4576 4785 4525 4848 4998 4681 5062 4903 4845 4743 4580 5219 4876 5128 4786 4897 4579 4716 5034 5068 4835 4938 4455 4751 4927 4465 4797 4695 5133 4763 5232 4977 5389 5105 4624 4725 4670 4778 4450 4793 4544 5499 5244 5119 4475 4803 5192 4990 4701 4605 5174 5036 5081 4429 4483 4504 4977 5194 4953 4993 5237 4709 4986 4531 4715 5204 5148 5057 4684 4758 4895 4393 4644 4793 5078 4560 4780 5082 5041 4688 4607 4414 5332 4534 4898 4793 4685 4860 4877 4949 4820 4675 5070 4729 4999 4820 4469 5008 4862 4691 4802 4911 4748 5321 4416 4680 5057 4427 4530 4886 4898 4759 4966 4447 4450 5371 5143 4994 4854 4787 5074 4592 5284 4524 4737 5000 4927 4142 5122 4377 4669 5149 4789 4966 4973 4528 4831 4764 4307 4311 4946 5173 5068 4773 4867 4954 4544 5104 5184 4906 4933 4379 4604 4977 5059 4736 5154 5040 5245 4763 4908 5121 5052 4786 4450 5070 5030 4564 5000 4393 4948 4843 4982 4908 4724 4978 4790 4729 4951 4965 4881 5023 4489 4441 4847 4810 5199
4937 5389 4732 4904 4740 4606 5007 4951 4572 5306 4711 4622 5023 5146 4699 4968 4786 5076 4631 5261 4998 4671 5325 5322 5354 4837 4673 5090 4729 4963 4960 5087 4700 4674 5415 4664 4568 4653 4551 4817 5130 5093 4632 4966 4786 5423 4887 5122 4861 4823 5015 4976 4700 4513 4978 4760 4724 5127 4991 5133 5247 4869 4648 4882 5330 4811 5272 4835 4918 4750 4870 5134 4997 5314 4792 4475 4587 4869 4461 4932 4992 5136 4962 5261 5106 5353 4910 4886 4717 5059 4896 4935 5069 4884 5540 4691 4932 4432 4785 4850 4639 4368 4926 5055 5076 4957 4736 4793 4618 5014 5136 5006 5278 5199 4613 5030 4777 4873 5081 5378 5122 4769 4936 5193 4528 4675 4762 4848 4984 4994 4905 4903 4715 4855 4758 5275 4733 4698 4739 4690 4879 5051 4782 4933 4669 5316 4813 5283 4763 4910 5087 4996 4746 5223 4909 5022 5316 4674 4661 5055 4434 4763 4567 4883 4854 4634 4753 4792 5520 4953 5108 4913 4946 5632 4836 5293 4659 4481 5034 5339 4278 5100 4850 4962 5235 5020 5102 4828 4883 4865 5060 4649 4237 4879 5304 4928 4887 4776 5102 4549 5138 5112 4883 4974 4380 4621 4888 5037 4707 5138 5216 5103 5019 4939 5455 4918 4968 4600 4913 5302 4560 5017 4492 4908 4910 5093 4904 4828 5021 4623 4818 4996 4605 5031 5433 4632 4560 4866 4990 4950
4689 4840 4671 4813 4592 4269 4649 4862 4791 5077 4669 4557 4650 4906 4322 4672 4482 4822 4484 4509 4535 4834 4975 5153 5016 4507 4457 4574 4816 4597 4710 4873 4347 4401 5113 4303 4474 4472 4244 4784 4887 4842 4642 4499 4637 4848 4696 4896 4770 4457 4565 4526 4527 4238 4604 4354 4753 4863 4851 5077 4874 4472 4605 4748 5169 4600 4998 4479 4454 4444 4569 4805 4599 4842 4638 4677 4270 4746 4154 4537 4501 4533 4668 4850 4646 5185 4735 4935 4337 4554 4784 4556 4715 4623 5310 4495 4905 4246 4578 4740 4686 4308 4331 4605 4756 4814 4444 4437 4384 4555 4882 4702 4951 5037 4419 4733 4569 4774 4817 5028 4910 4420 4853 4722 4323 4230 4587 4624 4438 4826 4760 4972 4742 4493 4201 4865 4241 4531 4338 4412 4486 4761 4417 4667 4543 4869 4410 4973 4652 4616 4826 4679 4480 4643 4859 4928 4998 4373 4493 4611 4250 4465 4440 4582 4927 4593 4466 4416 5211 4788 4754 4778 4676 5193 4425 5128 4566 4556 4778 4649 4087 4796 4606 4747 4924 4530 5054 4713 4454 4665 4775 4437 4380 5109 5166 4462 4534 4714 4663 4335 4933 5037 4626 4635 4166 4548 4519 4775 4369 4925 4787 4764 4588 4876 4815 4457 4606 4226 4774 4843 4530 5068 4155 4744 4644 4640 4736 4648 4968 4493 4641 4648 4359 4829 4897 4422 4434 4774 4809 4870
5425 5351 5162 5316 4815 4859 5137 5400 4887 5571 4854 5041 5212 5220 5039 5038 4981 5344 4874 5122 5124 5044 5819 5742 5298 4792 4951 5170 5029 5141 4925 5148 4885 4815 5508 4888 4737 4932 5009 5024 5259 5136 4796 5283 5198 5740 5079 5327 5189 5082 5087 5104 5162 4999 5368 4620 4828 5404 5124 5816 5293 5106 5156 4984 5615 5237 5334 5286 5069 5100 4882 5409 5401 4809 5146 4638 4861 5252 4704 5479 5108 5132 5113 5552 5055 5321 5308 5380 4858 5174 4997 4950 4899 5072 5665 4997 5189 4869 5212 5021 5218 4998 4831 5143 5000 5233 5034 4853 4617 5054 5221 5272 5442 5456 4904 5236 4946 5112 5317 5568 5416 4972 4830 5222 4642 4842 5010 5451 4930 5112 5217 5304 4924 5151 4871 5536 4586 4918 4837 4976 4935 5140 5154 5123 5035 5316 5206 5270 4825 5019 5294 4860 5159 5305 5366 5157 5666 4803 4903 5468 4906 5009 5003 4952 5167 4916 5056 4907 5759 5353 5268 5201 5152 5464 5058 5321 4955 5082 5167 5164 4527 5228 5117 5166 5214 5189 5205 5144 5028 5042 5120 4883 4686 5425 5465 5155 4995 5120 5262 4476 5438 5476 5454 5119 4504 5167 5324 5202 4960 5511 5431 5407 4974 5017 5344 5229 5069 4639 5407 5272 4862 5684 4865 5296 5126 5398 5118 4950 5389 4955 4991 5372 4958 5350 5241 4838 4841 4972 5314 5400
4801 4748 4610 4922 4664 4468 4663 5125 4922 5024 4547 4487 4586 4592 4466 4483 4773 4662 4568 4505 4757 4677 5220 5056 4805 4315 4492 4579 4999 4486 4880 4573 4431 4430 5165 4569 4464 4519 4463 4330 4950 4689 4588 4524 4737 5159 4427 4918 4807 4551 4544 4496 4743 4264 4860 4189 4393 4884 4807 5272 4720 4612 4602 4737 4788 4569 5418 4910 4631 4242 4491 4831 4621 4694 4557 4317 4364 4532 4136 4767 4754 4925 4437 5090 4686 5061 4701 4938 4481 4800 4545 4495 4764 4645 5367 4609 5004 4418 4787 4578 4640 4439 4453 5003 4743 4803 4381 4394 4401 4537 5023 4647 4923 5226 4221 4762 4527 4721 4964 5425 4861 4524 4818 4960 4481 4682 4751 4780 4524 4826 4700 5116 4420 4556 4553 4802 4264 4609 4578 4326 4731 4946 4609 4842 4831 4850 4598 4985 4476 4756 4892 4366 4616 4653 4712 4944 4901 4421 4376 5020 4532 4658 4548 4831 4754 4511 4606 4439 5276 4834 4670 4677 4676 4928 4666 4806 4406 4564 4904 4439 3919 4901 4733 4857 4908 4557 4702 4816 4655 4663 4714 4006 4522 5047 5117 4426 4362 4503 4848 4407 5025 4891 4662 4737 4423 4489 4943 4707 4426 4822 4748 4873 4693 4993 4807 4532 4581 4368 4746 4717 4385 5124 4277 4712 4841 4527 4663 4561 4741 4312 4371 4808 4488 4809 4750 4470 4529 4749 4763 5039
4676 4699 4754 4449 4227 4375 4485 4913 4469 4986 4205 4351 4469 4305 4427 4261 4284 4474 4521 4480 4454 4717 4932 4887 4488 4110 4473 4570 4608 4257 4582 4500 4252 4361 5110 4156 4419 4091 4556 4298 4757 4785 4323 4525 4374 4782 4529 4518 4638 4515 4228 4313 4388 4231 4784 4236 4450 4741 4437 4974 4836 4352 4575 4492 4737 4623 4664 4647 4374 4282 4323 4595 4321 4434 4397 4128 4223 4688 3965 4432 4425 4595 4622 4563 4541 4778 4540 4596 4336 4482 4428 4350 4424 4321 4995 4688 4616 4204 4603 4520 4661 4261 4306 4547 4441 4690 4348 4405 4349 4179 4745 4801 4413 4706 4328 4885 4547 4275 4838 4901 4585 4339 4384 4696 4112 4110 4541 4678 4395 4427 4457 4759 4302 4673 4636 5001 4129 4473 4421 4359 4372 4428 4459 4621 4361 4729 4243 4607 4421 4370 4616 4241 4562 4542 4689 4699 4770 4044 4059 4586 4137 4383 4040 4169 4371 4551 4511 4219 5142 4375 4287 4601 4416 4893 4253 5095 4431 4479 4690 4455 4047 4545 4378 4605 4447 4423 4644 4435 4340 4424 4495 4198 4134 4685 4971 4381 4292 4407 4632 4197 4924 4929 4813 4517 4009 3917 4390 4859 4297 4728 4685 4592 4536 4705 4983 4381 4522 4354 4705 4709 4323 4754 4072 4302 4507 4574 4532 4178 4480 4238 4735 4648 4359 4568 4607 4373 4105 4558 4735 4702
5058 5264 4985 5215 4500 4548 4988 5203 4699 5364 4891 4644 4885 4770 4540 4805 4966 4853 4587 5077 4845 4706 5412 5378 5154 4669 4583 5039 5027 5001 4989 5022 4318 4709 5444 4578 4801 5130 4832 4929 5148 5279 4672 4948 4979 5223 4829 5028 5047 4981 4968 5030 4916 4448 5240 4671 4841 5162 4797 5066 4983 4804 4635 4835 5399 4954 4973 4959 4944 4944 4773 5041 4945 4853 4994 4726 4762 5115 4376 5038 5050 5011 4822 5128 5161 5137 5015 4755 4551 4746 4733 4801 4777 4962 5461 4807 5110 4349 4611 4999 4656 4584 4713 4933 4786 5028 4264 4721 4867 4786 5003 4904 5194 5341 4655 5117 4847 4945 5165 5265 4953 4879 4850 5010 4610 4574 4844 4759 4808 4972 4860 5047 4772 4660 4622 5264 4663 4993 4644 4539 4728 4952 4807 4917 5033 5311 4693 5273 4895 4890 4992 4914 4805 5390 5107 5085 5274 4557 4803 5175 4409 4806 5109 4699 4885 5127 4698 4484 5637 5327 5152 4966 4810 5401 4915 5283 4888 4782 4844 5082 4399 5057 4927 5095 5042 5068 5093 5016 4970 4860 4876 4569 4383 4967 5089 4862 4866 4894 4844 4748 5101 5306 4651 4887 4350 4566 4989 4726 4628 5298 4920 5005 4781 4890 5126 4962 4722 4708 5108 5133 4479 5246 4591 4867 5009 5116 4846 4838 4952 4757 4674 4875 4690 5227 5189 4505 4462 4939 5165 5081
5224 5185 4934 4819 4702 4781 5077 5424 4761 5352 5015 4736 4930 5101 4910 4834 4774 4969 4761 5023 5011 4803 5323 5506 5363 4583 4688 4996 5100 4733 4952 5174 4738 4692 5552 4645 4746 4920 4705 4848 5345 5333 4658 4985 4989 5109 5100 4959 5061 4963 4950 4866 4806 4664 5127 4521 4895 5226 5116 5252 4823 4654 4871 4996 5430 4991 5379 4816 4882 4822 4869 4869 4901 5264 5057 4691 4702 4973 4630 4956 4975 5114 4965 5323 5251 5324 5147 4753 4669 5035 4785 4866 5064 4919 5519 4916 5086 4863 4751 4816 4854 4543 4801 5240 5086 4858 4629 4595 4793 4902 4945 5135 5041 5322 4638 5285 4992 4667 5166 5197 5231 4669 4850 5341 4486 4823 4669 4922 4937 5162 4956 5366 4693 4922 4783 5404 4676 4897 4719 5002 5070 5160 4789 5043 4975 5163 4813 5329 4918 4803 5296 5043 5040 5104 5130 5129 5334 4690 4701 5098 4655 4863 4849 5208 4809 5033 4842 4698 5495 5066 4921 5243 5065 5090 4766 5460 4773 4596 5163 4891 4213 5224 4890 5094 5233 4887 5120 4932 4929 5242 4825 4662 4677 5116 5534 5037 4762 4963 5030 4745 5415 5609 4764 4803 4487 4557 5037 5437 4882 5299 5147 4952 5045 5089 5364 4866 4769 4606 5087 5009 4663 5491 4788 5153 4878 5142 4735 4691 5332 4703 5102 4884 4778 4934 5263 4789 4777 4957 5032 5238
4791 5393 5104 5314 4636 4714 4819 5168 4857 5234 4713 4725 5181 4971 4862 4874 4914 5032 4878 4912 4941 4786 5436 5244 5359 4612 4552 5108 4964 4893 5002 4838 4521 4589 5197 4696 5014 4955 4713 4720 5335 5023 5000 4963 5136 5183 4616 5204 5108 4868 5115 5106 5027 4323 4929 4479 4812 5017 5283 5497 5186 4891 4820 4847 5451 4977 5241 4965 4738 4706 4895 5035 5026 5030 4953 4488 4580 4688 4190 4932 4889 5173 4984 5175 5042 5285 5050 4831 4883 4960 5031 4660 5050 4786 5651 4957 5135 4460 4954 5057 4915 4800 4670 5119 5014 4979 4740 4957 4846 5096 4954 5283 5238 5230 4888 5156 4621 4967 5121 5359 5240 4961 4865 4826 4616 4636 4857 4849 5056 4891 4926 5207 4621 4652 4911 5403 4552 4767 4796 4651 4520 5115 4892 4830 4856 5263 4771 5047 4903 4597 5093 4751 5000 5104 4875 4908 5430 4407 4692 4834 4544 5033 4804 4828 4749 4719 4623 4820 5283 5089 5148 5039 5124 5238 4891 5416 4683 4863 5040 4914 4346 4864 5003 4974 4954 4935 4768 4937 4946 5124 4875 4649 4287 5321 5576 4951 4773 4788 4962 4411 5268 5065 5090 5136 4691 4540 4835 5059 4690 4924 5143 5098 4727 4828 5341 4690 4887 4563 5157 5239 4913 5527 4571 5094 5181 5335 5035 4835 5125 4536 4821 5065 4522 5084 5075 4616 4697 4857 5121 5360
4916 5101 4883 4923 4544 4402 4827 5106 4561 5272 4845 4829 4743 4783 4678 4534 4922 5026 4530 5011 4982 4938 5216 5216 5314 4671 4625 4908 4772 4809 5148 4759 4778 4522 5526 4739 4604 4816 4929 4757 5059 4998 4821 4965 4861 5337 4762 5161 4810 4939 4713 4963 4786 4517 5018 4435 4513 5089 4904 5019 4824 4953 4683 4743 5240 4938 5331 5009 4943 4557 4756 5060 4844 5115 4736 4534 4281 4780 4544 5101 4887 5112 5057 5068 4985 5373 4947 4751 4988 4746 4759 4725 4834 4539 5513 4916 5023 4584 5116 4943 4961 4853 4606 4908 5170 5165 4540 4562 4690 4747 5072 4890 5146 5252 4527 4951 4660 4878 5095 5165 4928 4902 4684 5191 4441 4504 4868 4977 5059 4932 5150 5084 4594 4628 4671 5124 4528 4847 4885 4434 4928 4864 5118 4772 4894 5199 4743 4956 4765 4703 4733 4676 4918 4952 5003 5146 5179 4572 4620 5161 4639 4918 4681 4546 5060 4847 4610 4573 5663 5037 5035 4997 4677 5020 5047 5378 4714 4583 5064 4585 4185 4986 5045 4819 5085 4839 4946 4961 4840 4929 5078 4428 4573 4955 5197 5120 4795 4886 4892 4391 5092 5153 4931 4910 4316 4597 5029 4956 4876 5055 5124 4999 4913 5043 5069 4845 5180 4585 4927 5143 4649 5225 4242 4999 5145 5265 4759 4901 5135 4575 4644 5182 4521 4999 5199 4702 4568 4911 5078 5218
5086 5360 5252 5209 4893 4678 5110 5550 5117 5380 4918 4977 4906 5064 5149 4899 4992 5264 4933 5071 5080 5282 5502 5625 5503 5002 4655 5072 5063 5062 5070 5199 4619 5001 5490 4746 4934 5028 4930 4994 5265 5377 5143 4949 5091 5422 5039 5280 5219 5132 5277 5162 5037 4835 5359 4891 4765 5314 5095 5608 5021 4965 4893 5004 5550 5032 5255 4979 5159 4973 5003 5275 5214 4907 5114 4684 4766 5058 4578 5304 5226 5338 5392 5503 5278 5657 5272 5043 4941 5233 5099 5012 5127 5282 5589 4838 5341 4605 5183 5255 5189 4829 4773 5322 5119 5351 4704 4965 4908 5104 5168 5124 5724 5456 4775 5063 4918 5044 5454 5705 5118 4972 5199 5159 4590 4954 4865 5222 4977 5349 5009 5510 4702 5082 5073 5386 4810 5052 5235 4845 4920 5200 4950 5403 5191 5357 4950 5156 4858 5010 5235 4868 5091 5122 5237 5477 5465 4868 5098 5477 4704 5105 4649 5116 5258 4835 5092 4775 5831 5228 5144 5186 5343 5703 4886 5588 4727 4994 5095 5332 4549 5334 5286 5246 5278 5046 5163 5103 5170 5163 5238 4927 4753 5282 5638 5143 4869 4994 5193 4860 5195 5362 5076 5064 4891 4555 5089 5127 4913 5443 5239 5115 4988 5060 5560 5103 5130 5023 5265 5012 4695 5583 4843 4902 5087 5263 5023 5036 5256 4817 4836 5288 4910 5124 5403 4794 4600 5285 5265 5356
5296 5612 5308 5178 5123 4722 5371 5470 5174 5565 5126 5177 5124 5378 4837 5035 5006 5758 4908 5331 5215 5111 5523 5797 5717 5019 4731 5142 4924 5372 5091 5018 5078 4896 5806 5014 4932 4939 4819 5106 5319 5458 5112 5081 5172 5691 4865 5405 5139 4858 5383 5017 4966 4931 5343 4835 4682 5146 5307 5658 5350 5092 5220 5215 5616 5227 5615 5002 5198 5026 5159 5234 5389 5458 4881 4734 4878 5282 4699 5455 5326 5216 5155 5446 5248 5603 5540 4956 4923 5313 5212 5157 5261 5177 5838 4896 5180 4832 4984 5025 5201 5200 5126 5405 5101 5348 4892 5041 5033 5261 5451 5212 5534 5420 4842 5323 5135 5318 5590 5778 5355 5048 5101 5203 4576 4643 5098 5401 5198 5472 5090 5142 4871 5348 4956 5584 4858 4884 5066 5088 5026 5173 5085 5559 5005 5560 5236 5545 5014 4845 5211 5054 5214 5554 5497 5352 5593 4941 4949 5687 4705 4812 4876 5173 5285 5084 4882 5075 5641 5177 5374 5397 5205 5713 5152 5572 4978 4923 5119 5383 4442 5494 4952 5198 5393 5377 5292 5184 5008 5170 5039 4884 4962 5356 5446 4965 5010 5063 5274 5017 5626 5314 5219 5318 4696 4786 5322 5126 5107 5375 5391 5048 5129 5302 5530 5266 5154 4790 5582 5349 5119 5631 4642 5120 5286 5239 5144 5177 5371 5023 5133 5205 4924 5448 5400 4878 4712 5108 5141 5483
5069 5377 5095 5357 4614 4652 5061 5219 4900 5105 4951 4812 5056 4842 4794 4826 4854 4829 4814 4996 5057 5020 5305 5537 5103 4394 4685 4979 5085 4910 4911 4991 4460 4821 5430 4725 4712 4858 4775 4680 5210 5179 4959 4924 5070 5254 4995 5260 5112 4842 5044 5084 5026 4698 4775 4682 4667 5230 5007 5377 4901 4890 4552 4955 5449 4983 5203 5031 5063 4762 4733 5226 4989 5085 4876 4443 4829 4852 4530 4784 4960 5090 4891 5159 5200 5569 5035 5213 4848 4924 5168 4817 4722 4888 5830 4794 5060 4282 5050 5046 5162 4866 4816 4971 4910 4906 4886 4770 4866 4653 5320 5055 5202 5187 4880 5262 4717 4954 5355 5735 4936 4721 4728 5176 4803 4667 4979 4922 4892 5078 5011 5214 4526 4925 4657 5087 4405 4920 4781 4918 4833 4901 5153 4928 4923 5220 4831 4990 4681 4798 5016 4814 4729 4950 5011 5350 5433 4461 4756 5215 4643 4677 4694 4843 5006 4778 4726 4675 5376 5109 5013 4871 4718 5557 4816 5194 4786 4869 4979 4718 4334 4910 4773 5128 5006 4819 4998 4933 4770 4934 4932 4700 4382 5139 5417 4965 4912 4864 4948 4717 5184 5189 5116 4904 4648 4567 5032 5051 4618 5185 5181 4972 4654 4996 5263 4850 4998 4704 5146 5169 4491 5436 4608 4750 4952 5176 4802 4901 5182 4588 4850 4954 4848 5163 5120 4728 4528 5075 4990 5037
5274 5596 5203 5299 5019 4682 5089 5245 4779 5461 4863 4946 5075 5164 5068 4923 5161 5001 4762 5211 5160 5092 5438 5414 5118 4656 4955 5091 5127 4900 5254 5068 4589 4744 5470 4674 4831 4936 4855 4759 5253 5024 5058 5287 5053 5532 5066 5250 5167 5043 5195 5034 5016 4689 5123 4473 4925 5041 5234 5700 5137 5038 4939 4776 5529 5166 5325 5191 4940 5052 4926 5209 4992 5120 5082 4563 4746 4984 4600 5235 5106 5020 5212 5608 5041 5374 5151 5068 4701 5212 5202 4688 5416 5036 5603 5103 5164 4763 4989 5404 5002 4674 5009 5248 4907 5149 4826 4821 4995 4946 5170 5082 5202 5547 5030 5035 4690 5190 5359 5430 5092 4867 5071 5388 4833 4888 5164 5168 4848 5490 5233 5239 4842 4971 4879 5250 4671 4998 4849 4856 5046 4937 5075 5191 5326 5343 4958 5362 4750 4841 5375 4593 5046 5235 5310 5335 5461 4820 5049 5363 4834 4896 5005 4994 5131 4851 4971 4745 5822 5244 5272 5326 5103 5539 4847 5477 4873 4945 4943 5095 4709 5290 5074 5200 5303 5001 5263 5036 4937 5041 5439 4950 4647 5172 5562 5271 4997 4911 5045 4656 5341 5501 5224 5346 4666 4868 5195 5055 4767 5427 5274 5238 5017 4969 5208 5250 5246 4701 5224 5442 4959 5592 4665 5080 5051 5249 5143 5009 5188 4800 4950 5174 5030 5285 5175 4777 4787 5182 5264 5378
4497 5019 4492 4874 4286 4396 4554 4919 4703 4731 4580 4701 4573 4815 4580 4599 4439 4766 4647 4543 4741 4623 4864 5187 5060 4476 4252 4950 4538 4607 4515 4308 4308 4464 5079 4688 4444 4440 4600 4353 5029 4637 4460 4748 4474 5005 4604 4800 4650 4520 4692 4544 4682 4544 4738 4289 4313 4712 4769 4956 4546 4656 4678 4679 5200 4641 5017 4865 4691 4593 4242 4833 4676 4816 4822 4358 4323 4592 4346 4991 4764 4881 4839 4880 4745 5034 4416 4625 4431 4786 4738 4526 4743 4562 5051 4371 5236 4371 4560 4640 4783 4560 4292 4684 4716 4911 4288 4338 4383 4682 4618 4622 5062 5233 4597 4870 4478 4560 4834 5139 4709 4394 4760 4668 4347 4513 4705 4722 4810 4766 4356 4974 4425 4634 4371 4881 4445 4599 4540 4387 4650 4774 4576 4830 4754 4806 4629 4609 4376 4656 4844 4258 4570 4811 4517 4889 4766 4204 4588 5038 4385 4758 4455 4617 4643 4718 4513 4399 5341 4822 4775 4696 4833 5004 4291 4916 4184 4439 4650 4735 4127 4801 4703 4712 4618 4684 4723 4491 4619 4324 4533 4074 4448 4885 4760 4666 4474 4475 4749 4194 4808 4881 4595 4344 4163 4451 4807 4680 4411 4815 4746 4653 4543 4951 4757 4767 4633 4598 4772 4698 4226 5006 4103 4725 4560 4850 4506 4435 4660 4302 4513 4762 4414 4993 4767 4383 4448 4736 4698 4820
4951 5067 4972 5086 4523 4830 5075 5214 4727 5099 4727 4564 4978 4858 4777 4765 4753 4886 4628 4699 4707 4735 5428 5341 5233 4859 4625 4892 4931 4919 4986 4887 4592 4315 5232 4657 4762 4729 4635 4683 5010 4791 4742 4900 5100 5474 4730 5039 5010 4670 4971 4792 4743 4457 4862 4411 4774 4992 4780 5181 4968 5015 4778 4644 5603 4786 5118 4804 4869 4771 4741 5102 5110 5225 4770 4503 4586 4974 4510 4710 4848 4855 4760 5233 5171 5170 4546 4981 4700 4849 4683 4686 4866 4800 5426 4670 5210 4335 4881 4867 4750 4825 4547 4932 4957 4974 4767 4714 4683 4827 5139 4823 4758 5416 4439 5185 4739 5000 5258 5231 5180 4733 4539 5155 4363 4708 4885 4733 4602 4854 4785 5020 4828 4856 4729 5227 4527 4824 4559 4655 4862 4683 4612 4925 4735 5029 4494 4830 4533 4800 4955 4578 4717 5061 4925 4954 5437 4409 4598 5403 4626 4946 4871 4958 4993 4795 4575 4598 5629 5083 4848 4824 4802 5242 4465 5041 4719 4648 4808 4840 4274 4981 4821 5050 5015 5032 4956 4805 4783 4816 4875 4444 4305 5053 5309 4864 4794 4729 4746 4464 4948 5036 4983 4727 4532 4634 4983 4836 4693 5209 4788 5211 4899 4824 5164 4772 5048 4671 5256 4927 4691 5170 4333 4957 4866 5063 4579 4954 4909 4636 4660 5033 4702 5199 5123 4552 4504 4613 4839 4904
4706 4969 4682 4686 4531 4477 4814 4845 4477 4958 4335 4559 4793 4796 4669 4597 4679 4664 4210 4747 4695 4842 5002 5273 5043 4525 4344 4806 4828 4452 4618 4975 4478 4427 5193 4243 4292 4663 4554 4749 4841 4618 4849 4814 4639 5148 4609 5144 4897 4610 4685 4516 4357 4501 4732 4299 4326 4669 4931 5169 4967 4851 4543 4749 4948 4526 5285 4690 4608 4610 4558 4811 4796 4657 4533 4216 4689 4735 4358 4713 4591 4910 4429 5077 4852 5202 4673 4773 4564 4876 4487 4536 4495 4507 5134 4736 4845 4426 4497 4982 4769 4666 4384 4940 4635 4738 4767 4265 4362 4719 4908 4577 4983 5183 4298 4781 4717 4659 5019 5139 4670 4449 4700 5105 4243 4519 4651 4909 4779 4821 4730 4936 4334 4898 4633 5077 4679 4658 4718 4378 4541 4733 4671 4597 4921 4953 4763 5039 4843 4623 4692 4553 4728 4769 4757 4688 5064 4621 4369 5110 4145 4581 4454 4517 4710 4551 4497 4478 5394 4903 4894 4822 4600 4988 4611 5025 4390 4533 4839 4706 3895 4911 4794 4553 4875 4649 4713 4982 4583 4662 4651 4556 4360 4824 5042 4829 4612 4820 4791 4378 5182 4950 5031 4818 4382 4692 4856 4630 4464 4931 4775 4612 4592 4978 4796 4750 4694 4388 4862 4879 4495 5100 4272 4723 4840 4540 4506 4438 5006 4354 4677 4947 4372 4684 4845 4334 4457 4635 4755 5061
4849 5107 5020 4957 4790 4431 4924 5267 4634 5263 4707 4870 4834 4889 4967 4832 4948 5009 4635 5045 4910 5051 5358 5118 5100 4696 4394 4953 4678 4887 4923 4913 4726 4523 5519 4690 4748 4799 4831 4701 5278 4844 4820 4850 4990 5351 4728 5228 4742 4806 4831 4843 4541 4583 4941 4396 4848 4994 5078 5104 5123 4975 4956 4882 5296 4758 5343 5013 4901 4524 4714 5084 4881 5262 4565 4815 4430 4907 4388 4832 4692 5269 4975 5268 5161 5514 4755 4707 4710 4988 4951 4555 4995 4965 5308 4874 5114 4469 4899 4956 5044 4654 4577 5163 5143 5155 4570 4393 4679 4734 5054 4880 5057 5289 4512 4966 4795 4787 5251 5226 4953 4961 5054 5158 4423 4676 4876 4843 4939 5114 5053 5119 4729 4615 4894 5233 4563 4835 4711 4614 4674 4861 4662 4981 4978 5315 4523 5002 4902 4659 4965 4762 4950 4950 5045 5046 5046 4343 4687 5049 4525 4772 4610 4641 4869 4866 4549 4664 5517 5047 5211 5210 5096 5279 4770 5120 4823 4720 5053 4653 4172 5044 4849 4963 5250 4789 5141 5172 4722 4983 4937 4717 4706 5027 5553 4932 4751 4653 4803 4311 5189 4874 5249 4905 4706 4542 4901 4849 4719 4925 5078 5115 4918 4868 5211 4543 5019 4654 5218 5116 4493 5265 4218 4975 5014 4993 5007 4818 5234 4643 5123 4810 4688 5256 4922 4656 4716 4822 4579 5019
5163 5156 4859 4901 4614 4524 4797 5243 4813 5532 4702 4788 5091 4813 4810 4906 4951 4952 4849 5196 4860 5112 5320 5336 5153 4482 4576 4764 4788 4695 5027 4750 4448 4658 5311 4601 4798 4977 4668 4869 5055 4949 4643 4790 5044 5375 4599 4966 4833 4947 4838 4860 4711 4618 4956 4440 4620 5042 5088 5285 4951 5075 5064 5148 5227 5062 5221 4898 4696 4867 4661 4964 4726 4778 4847 4571 4626 4861 4353 5265 4927 5331 5175 5130 4922 4927 4865 5048 4708 4886 4813 4609 4981 4781 5423 5061 5070 4528 4730 4835 4748 4799 4763 4632 4790 4921 4822 4461 4749 4753 5017 5048 5273 5101 4796 4941 4740 4736 5200 5420 5237 4595 4995 5072 4522 4430 4774 5023 5031 4863 5107 5308 4717 4724 4734 5191 4728 4697 4514 5058 4575 5080 5053 4816 4775 5141 4946 4930 4700 4756 4841 4596 4929 5063 4883 5197 5054 4494 4743 5175 4609 4899 4630 4541 4893 4782 4687 4742 5376 4975 5178 4941 4722 5153 4630 5198 4893 4418 4907 4918 4549 5344 4949 4981 4989 5004 5027 5082 4715 5013 4964 4482 4337 5000 5462 4626 4810 4884 4838 4428 4976 5044 5105 4805 4411 4632 5106 4866 4902 5012 5138 5071 4951 4996 5166 4744 4994 4408 5044 4874 4580 5186 4576 4889 4862 4815 4736 4956 5093 4644 4846 5253 4743 5079 5047 4585 4297 4902 5028 5163
5458 5854 5150 5493 4869 4868 5216 5422 5200 5769 5130 5184 5265 5400 4952 5079 5166 5310 5198 5347 5009 5350 5746 5832 5623 5004 4947 5539 5206 5067 5599 5338 4936 5090 5719 4983 5104 5156 4827 4958 5439 5364 5152 5178 5657 5628 5369 5442 5338 5248 5058 5280 5305 4903 5268 4939 5103 5516 5454 5848 5246 5144 5293 5318 5854 5244 5612 5191 5270 4946 5149 5358 5274 5380 5062 5001 5257 5061 4887 5207 5407 5586 5295 5752 5430 5865 5407 5412 4920 5126 5192 5052 5434 5061 5767 5366 5724 4912 5085 5360 5301 5188 4943 5394 5325 5411 5034 5048 5121 5271 5564 5320 5409 5834 5000 5301 5289 5051 5636 5894 5684 5323 5361 5514 4897 4969 5275 5707 5233 5318 5385 5361 4973 4933 5162 5620 4894 5191 5015 5044 5155 5337 5137 5496 5243 5694 5337 5682 5279 5117 5340 5412 5451 5437 5437 5408 5442 4901 4901 5646 4971 5030 5100 5141 5159 5406 5406 5041 6066 5183 5670 5205 5393 5593 5162 5640 5136 4881 5270 5153 4688 5349 5486 5302 5475 5107 5353 5124 5306 5309 5384 4995 4913 5531 5794 5226 4899 5224 5134 5164 5448 5731 5234 5386 4932 4822 5592 5267 5277 5347 5420 5364 5478 5619 5599 5178 4953 4975 5469 5511 4821 5798 4829 5050 5187 5617 4958 5151 5246 5363 5385 5225 5090 5162 5550 5097 4851 5481 5325 5613
4642 5116 4813 4890 4557 4656 4785 5085 4747 5334 4773 4538 4782 4957 4768 4755 4886 5286 4738 5020 4876 4984 5133 5342 5159 4631 4611 4772 4564 4949 4785 4941 4804 4601 5147 4654 4708 4735 4701 4985 5182 5105 4674 4728 4962 5281 4609 5065 4896 4685 4809 4687 5014 4524 4941 4344 4993 4951 4883 5046 5051 4825 4830 5118 5253 4962 5025 4765 4952 4453 4670 5123 5299 4925 4660 4453 4446 4825 4353 4985 4882 4917 4740 5131 5041 5013 4722 4862 4582 4901 4790 4758 4804 4717 5322 4696 5059 4430 4660 4941 4837 4870 4490 4931 5063 4951 4722 4712 4731 4877 5107 4874 5021 5421 4635 4978 4872 4790 4973 5097 5006 5044 4790 4737 4409 4646 4765 5076 4917 4970 4893 5090 4430 4628 4691 5023 4508 4812 4872 4591 4856 4761 4878 4975 4797 5162 4916 5074 4673 4872 4912 4847 4975 5014 4880 5049 5030 4435 4539 5050 4483 4496 4683 4566 4902 4808 4814 4605 5537 4967 4980 4883 4915 5493 4876 5094 4651 4681 5000 4813 4284 5067 5004 4984 4863 4824 4851 4793 4748 4982 5003 4432 4492 5080 5009 4836 4582 4854 4769 4510 5027 5180 4810 4979 4338 4529 4975 4809 4710 5005 4917 5063 4593 5177 5041 4743 4776 4482 5098 5056 4844 5276 4267 4726 4935 5299 4808 4840 5032 4693 4993 5043 4322 5145 5001 4659 4461 4790 4805 5018
4661 4885 4747 4941 4531 4369 4866 4677 4592 4995 4717 4919 5121 4633 4500 4735 4710 4803 4444 4606 4634 4668 5287 5097 5150 4605 4392 4596 4859 4625 4847 4689 4435 4335 5371 4529 4619 4605 4395 4560 5236 4648 4805 4925 4576 5087 4658 4974 4747 4613 4915 4584 4587 4358 4703 4376 4363 4829 4671 5081 5242 4704 4638 4616 5145 4623 5219 4804 4536 4593 4566 4638 4975 4734 4438 4420 4429 4615 4333 4877 4936 4917 4741 5011 4766 5038 4991 4625 4443 4573 4669 4906 4554 4609 5191 4614 4827 4492 4619 4699 4392 4502 4579 4801 4721 4655 4520 4553 4438 4819 4859 4722 4616 4888 4410 4836 4719 4827 4795 5309 4878 4629 4333 4912 4520 4471 4674 4966 4810 4723 4403 5074 4962 4845 4458 5067 4534 4370 4430 4507 4420 4817 4408 4753 4707 4699 4398 4897 4704 4536 4711 4407 4597 4977 4893 4831 5137 4319 4445 4829 4259 4830 4729 4578 4508 4784 4501 4264 5160 4817 4944 4626 4588 4929 4587 4966 4506 4659 4850 4619 4280 4814 4681 4899 4385 4756 4822 4737 4573 4503 4561 4696 4136 4835 5102 4844 4678 4733 4649 4202 4916 4943 4857 4689 4180 4550 4930 4580 4455 5009 4821 4884 4676 4885 4853 4582 4607 4484 4946 5059 4501 4975 4233 4695 4903 4731 4669 4731 4686 4521 4687 4613 4530 4923 4878 4360 4388 4727 4906 5041
5239 5350 5320 5310 5182 4985 5296 5610 5147 5511 5077 4875 5197 5410 5245 5120 5133 5110 5160 5253 5365 5310 5747 5607 5473 4867 4785 5089 5274 5000 5175 5069 4544 4744 5686 4973 5083 4790 4895 5254 5318 5343 5157 5153 5281 5521 5092 5143 5355 5284 5203 5037 4974 4840 5548 4780 5206 5239 5413 5567 5249 4843 4935 5224 5564 5222 5565 5269 5119 4931 5146 5438 5247 5207 5222 4989 4985 5142 4701 4801 5355 5268 5249 5431 5291 5811 5168 5238 4964 4978 5264 4992 5543 5017 5723 5222 5429 4873 5187 5243 5297 4934 4804 5453 5319 5298 5127 5018 5080 5350 5400 5139 5270 5600 4941 5369 5092 5265 5864 5487 5326 4810 5497 5526 4675 5110 5099 5356 5028 5183 5201 5412 4885 5069 4929 5610 4893 5084 4801 5168 5092 5051 4940 5330 5481 5557 5145 5466 5047 4880 5181 4837 5286 5358 5270 5242 5673 5024 4892 5259 4589 5049 4868 5121 5103 4858 5164 4957 5693 5389 5229 5213 5370 5680 4923 5547 4809 5058 5050 5255 4265 5408 5067 5204 5414 5155 5133 5206 5019 5450 5355 4791 4877 5684 5660 5049 5050 5106 5048 4961 5687 5429 5215 5290 4859 4902 5258 5393 5083 5358 5342 5350 5079 5240 5518 5214 5289 4968 5386 5364 5073 5514 4567 5281 5012 5173 5414 5029 5437 4629 5190 5008 4868 5482 5343 4913 4685 5288 5337 5102
4594 4842 4680 5026 4597 4482 4784 4902 4849 5240 4786 4594 4782 4920 4491 4688 4911 4842 4571 4807 4627 4940 5028 5171 4898 4577 4295 5036 4829 4418 4881 4814 4449 4587 5165 4521 4581 4346 4271 4720 4827 4884 4601 4797 4855 4673 4475 5006 4942 4640 4696 4458 4420 4343 4618 4319 4462 4806 5036 5096 4910 4479 4500 4910 5193 4575 5095 4765 4740 4516 4431 4868 5028 5112 4527 4535 4584 4485 4413 4594 4584 4769 4815 5044 5059 5100 4658 4829 4500 4583 4589 4639 4881 4640 5123 4574 5109 4506 4653 4570 4926 4461 4649 4902 4531 4766 4387 4589 4392 4787 4886 4566 4875 5053 4440 4804 4751 4725 5013 5205 4880 4797 4908 5192 4436 4649 4648 4962 4891 4714 4629 4867 4524 4552 4628 4919 4544 4432 4601 4710 4596 4699 4430 4760 4940 5041 4740 5104 4737 4549 4822 4464 4743 4777 4521 5093 4879 4411 4270 5118 4471 4514 4480 4708 4819 4599 4619 4464 5322 4676 5102 4819 4700 5054 4216 5132 4562 4359 4912 4691 4212 5124 4613 4872 5032 4770 4655 4667 4490 4800 4790 4358 4487 4846 5323 4704 4639 4744 4629 4220 4847 4804 4467 4872 4363 4160 4918 4846 4536 4653 4939 4709 4599 4913 5093 4527 4501 4520 4863 4802 4320 5163 4235 4579 4794 4860 4536 4563 4872 4535 4745 4403 4652 5041 4835 4370 4373 4566 4810 4896
4983 5177 4488 4588 4587 4459 4886 5015 4543 5117 4472 4606 4869 4950 4455 4744 4628 4677 4520 5030 4541 4516 5307 5083 4829 4609 4586 4871 4807 4678 4788 5012 4596 4584 5168 4648 4564 4817 4747 4307 4980 4853 4799 4920 4899 4938 4813 4861 4854 4538 4795 4590 4618 4723 4840 4693 4599 4870 4656 5193 4707 4585 4783 4641 5246 4734 5156 4622 4633 4443 4551 4670 4841 4782 4656 4470 4593 4754 4308 4812 4612 4773 4616 5042 4707 5103 4667 4910 4605 4963 4670 4701 4633 4658 5168 4573 4951 4367 4786 4657 4710 4645 4711 4724 4944 4591 4596 4389 4505 4775 4751 4834 4836 5199 4484 4891 4607 4577 4881 5266 4883 4701 4810 5106 4512 4456 4666 5037 4739 4682 5013 4938 4600 4719 4626 5178 4355 4643 4562 4715 4757 4861 4626 4494 4785 5197 4845 5049 4753 4549 5101 4735 4623 4915 4908 4853 5349 4422 4663 5123 4411 4670 4489 4811 4833 4797 4569 4338 5422 4932 5024 4909 4838 5040 4447 4988 4765 4465 4703 4741 4048 4720 4829 4885 4979 4512 4877 4556 4584 4764 4563 4412 4262 5043 5217 4862 4619 4842 4723 4395 5167 4765 4618 4555 4359 4426 4907 4797 4607 4915 4691 4688 4861 4730 5081 4646 4576 4479 4802 4893 4367 5092 4165 5001 4587 4883 4689 4625 4971 4795 4868 4874 4750 5015 4930 4487 4423 4867 4749 4822
4343 4537 4402 4542 4359 4034 4502 4814 4544 4631 4394 4256 4421 4399 4340 4360 4314 4526 4464 4331 4555 4527 4950 4854 4572 4033 4293 4358 4603 4509 4398 4449 4036 4111 4853 4235 4365 4249 4222 4493 4618 4556 4471 4434 4592 4918 4108 4601 4354 4146 4542 4563 4477 4254 4525 4291 4293 4554 4440 4771 4589 4437 4415 4354 4798 4544 4789 4526 4484 4369 4230 4631 4840 4379 4426 4105 4217 4393 4007 4524 4506 4605 4579 4832 4662 4692 4361 4417 4078 4543 4444 4287 4576 4359 4638 4445 4577 3916 4338 4592 4471 4338 4168 4500 4356 4688 4121 4437 4313 4285 4589 4372 4578 4966 3949 4735 4212 4314 4738 4738 4452 4296 4461 4389 4037 4181 4460 4632 4348 4592 4591 4663 3941 4381 4301 4785 4148 4229 4405 4364 4405 4295 4421 4608 4650 4855 4304 4672 4215 4417 4566 4289 4392 4699 4504 4657 4751 4081 4216 4719 3985 4535 4057 4263 4438 4502 4346 4231 4864 4677 4957 4252 4564 4830 4231 4821 4396 4257 4387 4506 3991 4604 4401 4411 4644 4213 4363 4515 4308 4222 4551 4150 4048 4494 4653 4469 4297 4586 4313 4164 4749 4481 4471 4424 4236 4137 4573 4458 4301 4789 4573 4472 4186 4449 4700 4594 4207 4214 4665 4626 4136 4803 3891 4290 4685 4455 4599 4311 4505 4011 4126 4550 4227 4587 4543 4326 4165 4467 4658 4732
5103 5333 4842 5092 4941 4807 5058 5282 4787 5498 4864 4765 4913 5048 4811 4958 5047 5182 4829 5221 4846 5074 5293 5810 5288 4778 4701 4773 4649 4975 4775 5182 4645 4742 5373 4860 4757 4971 4842 5090 5162 5276 4911 5235 5066 5427 5152 4968 5182 4955 4951 4792 4927 4543 5161 4658 4918 5098 4986 5528 4826 4717 4999 4819 5323 4884 5168 4889 4871 4873 4799 5067 5056 4934 4680 4609 5024 5090 4443 5101 4913 5186 4828 5390 4878 5563 5062 5047 4711 5000 4786 4675 5033 4831 5421 4853 5281 4578 4701 5179 5184 4978 4715 5030 5160 5072 4797 4711 4577 4971 5191 4910 5237 5399 4484 4923 4978 4957 5530 5332 5080 4576 5082 4943 4521 4605 4941 5159 4904 5197 4982 5239 5010 4622 4648 5295 4823 4955 4647 4767 5078 4972 4773 5204 5013 5230 4970 5118 4975 4858 5159 4546 5170 5218 5048 5300 5329 4690 4812 5393 4544 4921 4848 4925 5060 4899 4923 4777 5709 5208 5063 4860 4854 5388 4680 5186 4814 4638 4784 4878 4338 5388 4745 5186 5230 4859 5166 4746 4664 5127 5114 4848 4625 5161 5445 4928 4804 4865 5016 4324 5327 5392 5075 4935 4545 4759 4894 5106 4789 4958 5027 5164 4852 5240 5154 4744 5182 4752 5004 5061 4641 5596 4574 4954 4907 5199 5058 4981 5086 4910 4903 5086 4882 5347 5311 4799 4389 5182 5063 5204
5157 5551 5068 5275 5036 4659 5146 5481 4821 5411 5209 5138 5207 5305 4936 4847 4838 5152 4925 5144 4922 5348 5430 5731 5391 4898 4675 4971 5254 5065 5020 5125 4824 4906 5451 4835 5145 4961 4819 5114 5273 5414 5141 5098 5149 5620 5185 5241 5277 5169 5096 4883 4824 4934 5068 4768 4841 5225 5024 5393 5376 5217 4991 4839 5414 5003 5358 5095 5181 4965 5012 5349 5132 5185 4883 4692 4917 5004 4796 5006 5014 5248 4989 5390 5376 5510 5099 5192 5077 5068 5169 5033 5085 4972 5626 5154 5393 4529 5011 5231 5139 4773 4782 5220 5196 4937 4913 4943 4928 4879 5430 4826 5200 5410 4959 5048 5177 4910 5246 5454 5188 4921 5081 5201 4669 4754 5177 5143 4949 5158 5269 5277 4692 5151 5062 5296 4787 4886 4904 4906 4963 4904 5095 5232 5147 5487 4903 5406 4784 4910 5155 4757 5075 5263 5075 5344 5320 4901 4889 5490 4966 5019 4719 5012 5607 5008 4750 4981 5626 5254 5378 5209 5102 5668 4787 5380 4939 4637 5142 5292 4327 5419 5091 4928 5421 5170 5368 5061 4739 5129 5157 4822 4632 5145 5535 4959 4906 5194 4937 4865 5227 5167 5275 5031 4874 4793 5325 5043 5023 5651 5222 4974 5006 5156 5295 5134 5024 5014 5295 5356 4680 5511 4872 5160 5308 5157 4942 4961 4995 4951 4901 5294 4925 5100 5404 4914 4702 5120 5142 5305
4397 4678 4598 4616 4539 4240 4474 4509 4268 4749 4372 4169 4482 4646 4483 4359 4315 4615 4314 4420 4511 4533 4915 4968 4839 4439 4238 4705 4625 4388 4573 4550 4257 4210 4858 4307 4262 4308 4456 4494 4729 4599 4470 4645 4647 4969 4566 4510 4338 4462 4459 4417 4290 4215 4782 4163 4363 4484 4388 4965 4685 4422 4646 4531 4994 4590 4759 4536 4725 4043 4401 4630 4503 4780 4291 4405 4516 4710 4131 4739 4389 4439 4364 4710 4651 4862 4315 4626 4352 4427 4427 4443 4456 4468 4817 4457 4774 4174 4483 4543 4494 4323 4093 4576 4553 4314 4272 4207 4222 4161 4480 4533 4608 4762 4181 4618 4386 4535 4766 5016 4593 4349 4554 4872 4143 4495 4363 4630 4635 4268 4498 4862 4301 4640 4638 4870 4278 4339 4260 4207 4619 4671 4417 4491 4526 4926 4428 4584 4537 4584 4747 4410 4245 4486 4671 4838 4824 4374 4128 4782 4222 4502 4250 4623 4741 4656 4452 4274 4984 4821 4346 4715 4405 4687 4389 4648 4137 4250 4646 4487 3947 4787 4702 4704 4625 4577 4665 4414 4243 4499 4453 4112 4183 4726 4837 4612 4327 4508 4514 4121 4668 4811 4607 4336 4209 4427 4766 4591 4292 4744 4590 4511 4355 4649 4734 4520 4265 4373 4480 4809 4289 4781 4173 4638 4279 4677 4471 4594 4815 4387 4300 4478 4459 4541 4722 4386 4205 4626 4752 4578
4915 5336 5013 4887 4573 4851 4964 5385 4893 5335 4967 4712 5078 5060 4730 4833 4866 4866 4604 5071 5274 4878 5354 5332 5433 4659 4492 5093 5053 4661 4892 4851 4851 4562 5650 4796 4844 4705 4955 4902 5128 5190 4760 4988 4794 5054 5204 4893 4968 5021 4918 4902 5049 4584 5156 4672 4835 5124 5280 5418 4933 4896 5090 5124 5512 4975 5331 5145 4869 4897 5010 5095 4793 5199 4783 4596 4829 5075 4620 4952 4907 5147 5312 5330 5054 5411 5084 4822 4458 4749 4933 4987 5062 4779 5366 5035 5066 4492 4873 5030 5141 4812 4747 5136 5088 5119 4957 4584 4787 4903 5406 5084 5002 5278 4738 4900 4886 5205 5417 5510 5367 4734 4899 5376 4490 4693 4905 4985 4972 5034 5039 5225 4736 5110 4557 5176 4866 4892 4974 4976 4747 4766 4845 5075 5170 5279 4886 5207 4987 4687 5154 4939 4720 5163 5039 5105 5237 4711 4663 5208 4709 5017 4722 4520 4660 4995 4654 4665 5644 5276 5009 5065 5034 5620 4898 5496 4886 4621 5097 5030 4112 5037 4947 4977 5131 4961 5011 4995 4973 5231 5202 4545 4632 4962 5434 5020 4925 4946 4845 4506 5183 5283 4919 4958 4666 4603 5074 5083 4914 5414 5170 5111 4967 4779 5357 4836 4948 4792 5091 5246 4601 5358 4417 4754 4952 5176 4879 4851 5153 4928 4938 5041 4758 5016 5133 4476 4496 5062 5123 5220
4825 5232 4951 4876 4260 4324 4536 5166 4709 5243 4733 4634 4841 5063 4488 4437 4745 4865 4900 4730 4804 4911 5206 5361 5309 4470 4493 4647 4670 4581 4826 4751 4597 4334 4999 4470 4746 4673 4635 4611 5082 4973 4785 4676 4887 5080 4702 4871 5057 4753 4780 4721 4741 4457 4880 4350 4704 5080 4813 5176 4766 4499 4675 4952 5252 4675 5117 4930 4571 4715 4562 4738 4895 5016 4571 4137 4499 4719 4383 4785 4982 5027 4927 5103 4884 5085 4775 4774 4485 4844 4661 4601 4838 4604 5282 4971 4750 4472 4731 4745 4862 4512 4848 5124 4839 4860 4790 4904 4647 4758 5098 5019 4929 5044 4493 4852 4777 4792 5041 5121 5129 4601 4759 5000 4587 4443 4759 5016 4947 4962 4737 5073 4494 4735 4771 5225 4543 4826 4635 4602 4789 4634 4825 4806 4912 5031 4855 5093 4676 4569 5032 4819 4732 5170 4740 5138 5110 4364 4586 4924 4278 4534 4687 4739 4829 4642 4612 4333 5319 4877 4934 4896 4749 5079 4581 5165 4658 4667 5039 4613 4384 4960 5003 4987 4671 4678 5021 4785 4710 4905 4619 4697 4556 5134 5229 4982 4611 4633 4705 4428 5072 5122 5153 4919 4326 4418 4800 4927 4663 4995 4813 4887 4610 4947 5047 4944 4696 4587 5360 5036 4673 5520 4332 4806 4908 4989 4820 4829 5068 4729 4867 4954 4278 5056 4856 4346 4448 4705 5040 5022
4898 5336 4762 4991 4939 4579 4686 5289 4808 5221 4629 4627 4786 4831 4786 4935 5055 5053 4685 4854 4910 4887 5171 4931 5199 4621 4550 5024 4825 4895 4766 4771 4367 4752 5380 4844 4674 4870 4577 4736 5099 5026 4481 4773 4953 5271 4788 4978 4759 4834 4925 4931 4853 4628 4848 4507 4620 5128 4834 5302 4852 4850 4819 5209 5193 4961 5191 5062 5111 4810 4850 5046 4855 5104 4744 4461 4552 4453 4174 4905 4918 5048 4827 5290 4895 5103 4848 4796 4762 5152 4960 4776 4934 4830 5364 4606 4895 4411 4602 4825 4857 4632 4672 4919 4776 5181 4862 4675 4627 4836 5096 5027 5187 5359 4667 5018 4704 4862 5084 5284 5043 4482 5061 4940 4575 4659 4835 5154 4911 4987 4815 5118 4849 4736 4453 5013 4551 4697 4630 4468 4533 4857 4830 4888 4917 5287 4779 5304 4836 4716 4931 4500 4666 5143 4758 5037 5017 4414 4549 4949 4834 4740 4751 4473 4706 4991 4833 4673 5421 4858 5045 4718 4783 5084 4798 4989 4716 4800 4899 4659 4287 4954 4956 4950 4929 4960 4906 4940 4903 4918 4962 4520 4423 4984 5213 4822 4621 4568 4806 4397 5136 5017 4708 5150 4397 4730 5034 4654 4636 5100 4906 5037 4829 5217 5222 4937 4765 4587 4757 4810 4624 5445 4560 4831 5028 4940 4904 4890 4959 4547 4764 4655 4484 5155 4846 4636 4668 4823 4975 5050
4480 4775 4635 4824 4522 4102 4760 4635 4437 5179 4390 4228 4470 4725 4433 4297 4369 4513 4521 4897 4542 4466 4914 5030 4613 4394 4053 4362 4430 4674 4680 4593 4130 4456 4973 4287 4108 4351 4279 4713 4671 4783 4357 4361 4631 4623 4452 4768 4307 4433 4619 4602 4463 4131 4503 4113 4290 4653 4617 4904 4417 4413 4518 4297 4805 4639 4786 4268 4862 4118 4546 4574 4616 4701 4068 4407 4326 4335 4099 4619 4622 4470 4474 4865 4830 4727 4646 4534 4249 4609 4500 4548 4709 4273 5123 4671 4861 3847 4417 4763 4668 4239 4276 4801 4425 4447 4284 4222 4293 4434 4765 4451 4736 4934 4259 4764 4430 4575 4857 5085 4677 4314 4305 4507 4118 4427 4521 4572 4427 4287 4540 4848 4441 4515 4292 4855 4149 4289 4224 4449 4178 4468 4428 4762 4536 4652 4294 4915 4459 4358 4596 4374 4498 4552 4749 4762 4556 4212 4285 4724 4350 4120 4410 4377 4392 4662 4345 4367 5019 4604 4691 4579 4520 4924 4229 4820 4132 4290 4539 4630 3818 4728 4502 4454 5034 4466 4658 4551 4199 4556 4399 4262 4213 4498 4839 4732 4269 4375 4597 4212 4598 4746 4479 4853 4036 4413 4821 4586 4299 4927 4791 4596 4553 4643 4892 4354 4338 4261 4665 4758 4148 4939 4269 4391 4551 4535 4352 4362 4446 4509 4421 4534 4155 4859 4701 4185 4098 4436 4842 4736
5043 5463 5152 5245 4559 4643 4932 5365 5011 5411 4672 4715 5115 4795 5122 4983 4749 5066 4975 5040 5157 5166 5524 5426 5318 4820 4669 5086 5006 5034 5069 5190 4562 4745 5387 4921 4615 4800 4672 4911 5168 5207 4889 4898 5268 5301 4831 5167 4997 5040 5175 4957 4957 4453 4746 4737 4645 5147 4943 5297 4871 5151 4995 5000 5379 5177 5378 5110 5131 4579 4904 5140 5091 5149 4817 4521 4815 5091 4600 5064 4989 5137 5285 5385 5150 5314 4931 4954 4895 5154 4872 4928 4970 4980 5495 4670 5463 4432 5079 5047 5041 5035 4695 4920 4791 5045 4715 4813 4722 4697 5169 4907 5239 5510 4577 5242 4873 5079 5601 5682 5381 4782 5259 5159 4733 4985 5028 4980 5143 4824 5082 5259 4788 5035 4839 5418 4730 5271 4917 4873 4723 5072 4948 5266 5085 5127 4853 5116 4865 4768 5128 5003 4913 5090 5021 5519 5206 4641 4546 5322 4459 4952 4675 4833 4996 5076 4940 4749 5739 5187 5025 4930 4972 5355 4923 5354 4942 4601 5280 5282 4486 5252 5216 4972 5282 5030 4888 5149 4946 5040 5008 4677 5014 5251 5392 5059 4598 4748 5169 4607 5121 5312 4922 4974 4691 4741 5329 5105 4802 5347 5181 5273 4876 5269 5264 4935 4987 4802 5104 4916 4726 5337 4675 4770 4994 5301 4917 5029 5004 4770 4888 5367 4754 5256 5156 4625 4422 5028 5131 5306
4624 5187 5156 4814 4634 4505 4865 4971 4588 4991 4751 4478 4824 4914 4613 4587 4583 4958 4549 4799 4793 4791 5319 5331 5018 4584 4677 4911 4863 5005 4885 4908 4492 4673 4983 4399 4569 4513 4773 4558 4989 5015 4881 4922 4904 5233 4540 4996 5014 4490 4854 4631 4743 4467 4710 4224 4731 4921 4584 5160 4968 4514 4611 4497 5328 4869 5155 4708 4587 4490 4629 4963 4952 4829 4494 4342 4496 4669 4280 4892 4771 5020 4728 5106 4888 5310 4754 4953 4487 4707 4826 4674 4680 4510 5483 4803 4825 4315 4887 4756 5058 4471 4512 5180 4752 4770 4704 4768 4774 4604 4894 4761 4786 5179 4498 4961 4728 4651 4969 4844 4802 4828 4558 4972 4243 4704 4724 4839 4709 4653 4695 4962 4366 4971 4593 5062 4515 4803 4594 4708 4687 4617 4739 4919 4835 5010 4702 5102 4494 4635 4827 4353 4893 4970 4749 4827 5182 4405 4274 5110 4334 4687 4709 4745 4765 4517 4531 4628 5430 4831 4925 4810 4738 5081 4470 5208 4374 4483 4748 4964 4154 4767 4739 4869 4813 4668 4829 4645 4355 4808 4599 4593 4285 4944 5182 4700 4757 4607 4824 4490 5117 4976 5041 4749 4366 4587 4827 4870 4728 4942 4776 4826 4792 4876 4979 5002 4620 4441 5122 5050 4698 5295 4566 4807 4899 5009 4516 4599 5009 4454 4701 4951 4587 5052 4935 4500 4322 4673 4681 4892
4777 4852 4719 4727 4412 4137 4394 4884 4449 4728 4393 4384 4180 4656 4493 4217 4525 4825 4437 4626 4531 4579 4848 4959 4746 4387 4281 4583 4485 4451 4600 4439 3975 4026 4975 4097 4318 4357 4107 4164 4550 4818 4383 4430 4660 4869 4475 4653 4384 4413 4360 4339 4284 3970 4555 4123 4274 4672 4661 4957 4469 4101 4319 4393 5053 4769 4583 4455 4535 4342 4420 4546 4549 4580 4277 4312 4312 4745 4110 4509 4560 4602 4699 4674 4347 4712 4246 4623 4343 4564 4388 4352 4549 4640 4932 4344 4728 3987 4319 4669 4596 4270 4152 4475 4590 4538 4115 4442 4019 4281 4535 4352 4866 4696 3996 4765 4319 4438 4754 4872 4493 4431 4584 4358 4118 4498 4396 4710 4584 4623 4367 4776 4325 4391 4316 4910 4174 4301 4303 4615 4466 4586 4269 4638 4477 4692 4223 4679 4554 4175 4542 4299 4640 4412 4641 4940 4692 4137 4432 4867 4013 4593 4024 4348 4398 4287 4334 4418 5228 4466 4315 4613 4540 4803 4310 4745 4308 4355 4219 4699 4104 4689 4574 4620 4485 4513 4562 4433 4167 4634 4631 4226 4371 4875 4916 4501 4459 4523 4563 4037 4774 4967 4650 4464 4082 4053 4501 4663 4245 4719 4733 4216 4474 4857 4703 4162 4377 4134 4709 4782 4364 4961 4075 4436 4555 4605 4385 4427 4559 4221 4434 4529 4331 4513 4535 3950 4152 4714 4573 4676
5380 5362 5000 5143 5096 5167 5352 5506 4852 5512 5261 5057 4957 5389 5009 5315 5252 5233 5001 5226 5320 5073 5476 5586 5566 5010 5073 5240 5106 5254 5110 5279 4750 4749 5890 4697 4969 5071 4840 4986 5296 5472 5019 5342 5443 5589 5195 5168 5375 5092 5410 5159 5202 4731 5244 4847 5170 5238 5342 5547 5069 5096 4997 5141 5665 5169 5462 5249 5273 4873 5268 5416 5263 5648 4922 4688 5081 5071 4906 5346 5183 5276 5226 5677 5423 5501 5149 5136 4832 5271 4994 5128 5392 5431 5740 5152 5420 4743 4896 5162 4995 4825 5161 5291 5277 5274 4922 4932 4917 5320 5337 5095 5391 5709 4550 5385 4907 5049 5647 5492 5329 4922 5260 5361 4685 4830 5179 5021 5292 5204 5150 5505 5091 5109 5149 5587 4694 4937 4932 4907 5075 5272 4837 5231 5109 5481 5088 5225 5021 5114 5465 5028 5183 5518 5283 5462 5503 4771 4643 5514 4618 5217 5217 5089 5209 5193 4903 4769 5704 5537 5269 5284 5194 5555 4684 5408 4850 4966 5363 5111 4514 5801 4946 5533 5410 5232 5298 5130 5022 5267 5269 4791 4917 5409 5719 5116 5031 5027 5193 4810 5380 5675 5122 5056 4989 4784 5323 5313 4874 5545 5454 5279 5358 5332 5402 5172 5308 4686 5313 5339 4744 5629 4629 5002 5043 5238 5102 5202 5297 4942 4996 5389 5082 5557 5526 5066 4853 5147 5495 5481
5007 5151 4917 5112 4702 4647 4685 5047 4778 5210 4866 4477 4817 4811 4645 4641 4636 4797 4551 4856 4791 4942 5163 5441 4889 4585 4506 4757 4697 4822 4621 4830 4238 4543 5192 4608 4585 4696 4440 4736 4906 5097 4614 5070 4822 4961 4658 4776 5174 4696 4648 4825 5064 4311 4868 4495 4775 4939 4479 5399 4792 4667 4764 4704 5152 4807 4898 4659 4662 4366 4640 4840 4487 4675 4679 4410 4614 4693 4418 4992 4793 4945 4766 5087 4635 5171 4886 4700 4652 4559 4759 4698 4979 4734 5477 4862 4883 4371 4831 4933 4903 4862 4764 4882 4684 4555 4487 4471 4538 4839 5018 4794 4972 5381 4592 5084 4849 4826 5343 5333 5022 4482 4829 4708 4486 4433 4738 5064 4650 5003 4942 4871 4331 4736 4523 5162 4565 4513 4756 4651 4538 4924 4894 4902 4868 5061 4812 5137 4698 4504 4857 4501 4974 4934 4967 5035 5342 4463 4534 5104 4441 4788 4713 4807 4748 4959 4747 4640 5494 4763 4937 4646 4503 5276 4651 5098 4601 4600 4555 4779 4459 4926 4739 4908 4943 4855 4617 4650 4691 5009 4768 4601 4384 4981 4977 4860 4642 4889 4568 4666 5081 5101 4879 4631 4357 4383 4685 4876 4567 4980 5052 4922 4575 5016 4915 4686 4647 4567 4859 4797 4506 5041 4483 4657 4855 4886 4842 4722 4868 4738 4948 5036 4571 5117 4929 4552 4531 4874 4948 4851
4835 5209 4847 4928 4747 4460 4809 5213 4708 5431 4823 4773 5181 4901 4557 4695 4878 5017 4664 4911 4789 5088 5271 5328 5107 4571 4667 4925 4834 4684 5150 4742 4678 4396 5078 4577 4511 4754 4757 4906 5031 4911 4772 4761 5117 5069 4765 5047 4749 5011 4943 4683 4788 4663 4846 4551 4569 5308 4952 5443 5013 4811 4911 4948 4980 4849 5153 4914 4827 4624 4494 4865 4832 4937 4680 4549 4568 4831 4578 5249 4921 4919 5118 5088 5179 5061 4707 5025 4454 4809 4589 4811 4718 4780 5318 5020 5073 4376 4915 5007 4816 4746 4542 4864 4842 4864 4601 4448 4581 4720 4819 4716 4905 5333 4459 4972 4698 4988 5073 5434 5028 4753 4657 5103 4539 4785 4850 4910 4823 4887 5194 5166 4743 4633 4621 5236 4598 4844 4727 4606 4924 5058 4868 4818 5200 5264 4611 4926 4698 4841 5027 4632 4922 4927 5234 5328 5092 4655 4585 5023 4586 4886 4603 4649 4995 4785 4915 4579 5529 5103 4959 4963 4574 5119 4715 5154 4720 4575 4928 4736 4272 5126 5078 5137 4845 4857 4922 4684 4640 4887 4994 4515 4552 4779 5326 5005 4697 4840 4851 4236 4886 5116 4844 4853 4495 4567 5098 4830 4735 4954 5048 4978 5147 4939 5073 4782 4938 4641 5109 4907 4689 5324 4524 4779 4942 5141 4903 4916 4922 4786 4755 5084 4519 4968 5121 4637 4465 4969 5088 5083
4791 5233 5118 5204 4809 4728 4824 5242 5017 5304 4820 4969 4995 4857 4654 4800 4826 5095 4681 5037 4860 5080 5132 5551 5221 4736 4667 4927 5051 5036 5025 4998 4515 4809 5409 4946 4706 4845 4911 4970 5107 5108 4901 4879 5208 5311 4857 5086 5100 4844 5011 4887 4791 4680 5022 4652 4734 4772 4867 5426 5136 4939 5015 4996 5388 4931 5368 5004 5203 4820 5042 5111 5134 5155 4642 4669 4685 5109 4528 5170 5019 5091 5260 5077 4940 5165 4846 4949 4916 4679 4973 4777 5099 4844 5482 4843 5130 4695 4838 5038 4960 4953 4498 5141 5022 4903 4373 4882 4889 4727 5035 4809 5161 5537 4660 5131 5056 4952 5282 5349 4971 5021 4831 5070 4585 4653 5149 5228 5041 4889 4778 5151 4487 4954 4817 5404 4538 4877 4796 4834 4789 5079 4798 5237 5019 5454 4910 4965 4901 4779 5051 4649 4967 5084 5138 5119 5218 4804 4419 5547 4626 4988 4744 4863 5132 4759 4764 4777 5787 5343 5190 4827 5055 5502 4727 5210 4710 4682 4854 4937 4533 5274 5044 5044 5182 5086 5106 5020 4749 4974 4913 4758 4612 5083 5170 5058 4915 5004 4860 4655 5036 5248 4829 5013 4501 4764 5100 5002 4645 5312 5094 4995 4729 4975 4931 4921 4740 4653 5178 5111 4739 5225 4682 4880 4934 5262 4888 5031 5070 4813 4955 5208 4913 5100 5074 4607 4511 4982 4982 5413
5434 5845 5384 5590 5235 4804 5226 5510 5393 5812 5448 5204 5256 5520 5204 5088 5234 5748 5279 5358 5333 5416 5722 6025 5823 5193 5201 5330 5447 5474 5352 5216 4923 5006 6019 5046 5184 5317 5303 5113 5738 5740 5360 5512 5528 5565 5403 5532 5496 5296 5365 5358 5369 5192 5361 5161 5213 5439 5609 5760 5614 5332 5326 5272 5784 5431 5636 5501 5536 5187 5455 5444 5402 5549 5320 4857 5084 5396 4920 5318 5474 5623 5346 5828 5272 5727 5306 5433 5109 5330 5486 5277 5542 5373 6011 5438 5473 4752 5328 5546 5473 5171 5428 5499 5462 5456 5118 5212 5186 5362 5556 5586 5806 5914 5398 5479 5145 5420 5680 5639 5472 5218 5417 5469 5231 5052 5352 5381 5454 5286 5441 5621 5028 5384 5205 5755 4978 5072 5183 5127 5305 5460 5352 5722 5552 5884 5312 5508 5361 5240 5698 5115 5278 5626 5584 5500 5770 5122 5209 5718 5102 5161 5297 5289 5399 5248 4968 5118 6192 5534 5803 5649 5486 5880 5181 5999 5163 5095 5130 5373 4745 5598 5492 5620 5553 5503 5648 5335 5179 5622 5309 5254 4917 5678 5684 5497 5186 5437 5440 5127 5842 5636 5530 5418 4718 4988 5305 5234 4982 5745 5462 5579 5495 5534 5859 5243 5301 5203 5372 5741 5149 5716 4825 5379 5622 5550 5421 5268 5544 5154 5269 5687 5179 5609 5686 5254 4973 5593 5862 5719
4918 5284 5035 5152 4596 4593 4962 5007 4782 5356 4941 4681 5135 4754 4576 4676 4743 5124 5000 4824 4765 4776 5471 5511 5151 4682 4613 4681 4966 4824 4865 4878 4433 4401 5451 4573 5008 4742 4704 4582 4926 4987 4580 4927 5181 5424 5026 4851 4864 4920 4794 4859 4928 4419 4826 4761 4813 4852 4941 5203 5282 4790 4550 4633 5426 4782 4857 4753 4802 4712 4803 4838 4773 4876 4890 4592 4686 4751 4433 4857 5038 4824 4795 5126 4964 5488 5070 5026 4758 4982 4916 4744 4882 4771 5539 4992 4962 4485 5033 4861 5064 4807 4380 5115 4939 4872 4713 4853 4445 4856 5059 5054 4959 5263 4724 4985 4943 4926 5356 5440 4916 4750 4793 4947 4471 4720 4884 5144 4625 4873 5020 5074 4551 4682 4522 5050 4585 4641 4498 4748 4680 4936 4963 4976 4754 5142 4671 5317 4647 4846 4954 4931 4877 5063 5163 5067 5405 4786 4678 5125 4675 4833 4549 4813 5069 4621 4798 4553 5516 5044 4964 5187 5033 5260 4914 5248 4708 4652 4970 5069 4131 5092 4780 4970 5247 4989 5175 4855 4653 4874 5069 4530 4465 4987 5293 4832 4837 4812 4829 4714 5232 5107 5023 4892 4631 4642 4810 4922 4881 5155 4817 5067 4601 4704 5146 4617 4913 4747 5115 5261 4949 5111 4280 4982 4993 5083 4858 4805 4917 4515 4796 4961 4941 4901 5218 4598 4456 4988 4890 4961
4805 5107 4846 4996 4643 4529 4803 5015 4670 5177 4762 4468 4898 5149 4617 4811 4772 4897 4753 4932 4901 4790 5297 5556 5253 4820 4828 4944 5013 4711 4692 5129 4553 4537 5123 4619 4763 4732 4747 4728 4962 4978 4727 4870 5074 4970 4742 4711 5056 4757 4831 4596 4886 4813 4997 4407 4650 4915 4978 5323 4683 4783 4705 4940 5508 4776 5142 4755 4663 4694 4883 4876 4895 4969 4751 4531 4646 4657 4429 4990 4945 4721 4775 5089 4806 5215 4696 5150 4355 4671 4877 4823 4958 4855 5288 4822 5064 4190 4830 4924 4931 4828 4726 5102 4801 4944 4844 4645 4638 4929 4877 4820 5094 5170 4229 5009 4774 4989 5157 5132 5251 4705 4912 5148 4653 4514 4819 4787 4659 4994 4979 5173 4453 4911 4619 5127 4543 4879 4500 4648 4791 5003 4786 5016 4750 5241 4712 4996 4548 4874 5060 4606 4723 5057 4888 4916 5235 4538 4618 5099 4392 4754 4819 4797 5049 4807 4593 4698 5421 5079 5114 5078 4834 5112 4546 5075 4807 4796 5038 4702 4167 5048 5046 5047 4938 4762 4945 4831 4871 5043 4935 4335 4569 5243 5401 4735 4484 4801 4750 4622 5264 5131 4821 4812 4538 4575 4996 4824 4749 5002 4859 4916 4748 4953 5018 4838 4721 4667 4891 4898 4615 5334 4316 4683 4702 5028 4615 4626 4889 4666 4658 4853 4713 5293 5044 4564 4554 4759 5112 4857
4450 4851 4567 4755 4731 4182 4529 4795 4329 5017 4446 4438 4496 4513 4540 4322 4613 4572 4146 4601 4470 4652 4774 4917 4847 4189 4613 4417 4466 4378 4470 4617 4420 4158 5059 4613 4183 4613 4108 4453 4818 4765 4285 4558 4593 5003 4444 4696 4678 4341 4602 4574 4176 4081 4570 4129 4317 4689 4725 4763 4535 4632 4493 4711 4805 4354 4853 4643 4653 4365 4364 4630 4437 4569 4321 4099 4229 4415 4113 4630 4457 4776 4563 4954 4775 4623 4393 4495 4384 4568 4357 4367 4538 4366 5064 4420 4769 4144 4267 4803 4711 4412 4200 4621 4406 4587 4226 4591 4303 4465 4578 4546 4727 4891 4433 4625 4377 4498 4999 4847 4644 4356 4659 4693 4213 4221 4696 4596 4531 4732 4319 4825 4419 4374 4323 4703 4218 4309 4395 4086 4173 4474 4430 4686 4433 4882 4582 4769 4633 4173 4272 4217 4589 4967 4562 4748 4811 4150 4310 4675 4201 4156 4353 4389 4505 4533 4428 4201 5080 4522 4632 4427 4461 4823 4137 4716 4306 4213 4577 4330 3904 4572 4694 4365 4550 4464 4613 4493 4458 4545 4524 4338 4288 4699 4979 4540 4351 4494 4499 4100 4738 4772 4546 4824 4083 4289 4449 4429 4410 4546 4798 4353 4562 4628 4813 4419 4617 4030 4364 4716 4258 5050 4157 4168 4582 4691 4543 4532 4592 4159 4469 4709 4207 4777 4652 4268 4281 4479 4561 4821
4956 5072 4979 5015 4708 4528 5267 5293 4933 5395 4772 4913 4986 4968 4554 4895 5103 5006 4828 4824 5120 5022 5380 5344 5360 4544 4653 5109 5134 4838 5108 4842 4667 4806 5309 4572 4718 4852 4818 4719 4941 5112 4875 4891 5101 5154 4783 5001 4848 4780 5006 4817 4934 4589 4748 4508 4608 5253 5305 5405 4959 4685 4862 4969 5417 4925 5328 4879 4922 4862 4844 5202 4871 5287 4765 4817 4696 4782 4523 4984 5069 5139 5049 5335 4902 5353 5385 5037 4817 4914 4741 4826 4847 4869 5444 4800 5040 4742 4849 4903 4930 4804 4775 5114 5137 5061 4716 4775 4609 4793 5342 5064 5180 5224 4671 4938 4701 4816 5290 5452 5196 4703 4746 5084 4527 4696 4930 5053 4978 5056 5018 5060 4726 4917 4610 5422 4809 4772 4665 4828 4927 4895 4907 5044 5035 5253 4812 5289 4975 4838 5056 4800 4941 4994 5175 5320 5282 4623 4719 5207 4611 4784 4644 4842 5055 4870 4534 4797 5427 5023 5097 5176 4984 5156 4668 5307 4828 4750 4681 4914 4275 5265 4682 5212 5143 5002 5021 5062 4709 4877 4885 4721 4518 5054 5269 4896 4914 4911 5036 4367 5227 5212 5129 4934 4678 4629 5375 4912 4994 5198 5219 5136 5023 5063 5251 5006 4882 4555 5221 5268 4599 5560 4296 4828 4879 4996 4972 4888 5136 4625 4761 5033 4771 4952 5195 4450 4398 4813 4974 5010
4891 5146 4560 4755 4510 4427 4674 5269 4496 5175 4718 4598 4891 4717 4656 4781 4616 4901 4347 4599 4751 4993 5213 5113 5047 4470 4490 4690 4929 4769 4686 4911 4653 4506 5133 4498 4589 4465 4671 4672 4964 4828 4764 4630 4717 5218 4561 5051 4786 4590 4889 4720 4568 4405 4680 4431 4711 5232 4529 5353 4859 4672 4648 4652 5063 4698 5065 4997 4671 4560 4746 4781 4796 4950 4770 4582 4585 4843 4432 4861 4643 4934 4782 4982 4861 5340 4632 4836 4436 4756 4437 4859 4850 4607 5527 4635 4974 4232 4636 4854 4784 4334 4868 4799 4919 4548 4629 4572 4608 4681 5022 4621 4843 5123 4379 4995 4433 4808 5244 5325 5119 4694 4754 5078 4417 4773 4748 4766 4627 4942 4956 4879 4742 4937 4372 5366 4348 4532 4697 4486 4578 4728 4551 4782 4738 4885 4691 5049 4636 4845 4751 4575 4493 5049 4664 5150 5112 4300 4376 5016 4281 4701 4783 4526 4863 4649 4655 4511 5456 5006 4883 4805 4718 5433 4677 4839 4699 4103 4856 4751 4302 4840 4805 5083 4904 4620 4958 4530 4613 4600 4616 4397 4388 4925 5343 4744 4484 4645 4654 4273 4963 5030 4981 4915 4521 4429 4758 4717 4673 4889 4829 4857 4607 4839 4730 4648 4861 4354 4958 5062 4583 4776 4356 4672 4759 4804 4642 4751 4921 4572 4618 4743 4761 4846 4903 4522 4243 4808 4939 5260
5134 5160 5066 5178 4600 4376 4801 5199 4580 5198 4848 4456 4800 4797 4612 4525 4727 4703 4747 4892 4738 4855 5248 5206 4976 4439 4447 4981 4945 4783 5095 4764 4211 4551 5373 4626 4459 4693 4404 4609 4918 4864 4563 4557 4907 5131 4756 5104 4790 4521 4851 4695 4762 4283 4618 4118 4691 5103 4719 4962 4814 4780 4574 4680 5119 4702 5111 4785 4656 4495 4857 4968 4870 5021 4641 4403 4560 4860 4414 4738 5036 5096 4673 5088 4801 5033 4836 4610 4587 4693 4633 4491 4702 4429 5396 4468 5148 4520 4712 4821 5054 4667 4530 5158 4746 4767 4580 4580 4446 4787 5212 4713 4677 5226 4342 5032 4886 4758 4937 5155 4830 4730 4791 4949 4416 4579 4525 4916 4644 4447 4599 4826 4452 4842 4608 5472 4484 4630 4333 4738 4852 4913 4920 5115 4598 5087 4847 5013 4555 4601 4924 4680 4582 5022 4776 5075 4986 4297 4805 5200 4331 4433 4722 4816 4774 4683 4596 4456 5318 4831 4705 4670 4522 5157 4446 4900 4522 4760 4624 4608 4284 4842 4784 4995 5051 5011 4785 4787 4398 4941 4606 4442 4350 4928 5213 4776 4643 4710 4915 4434 5180 5056 4779 4778 4345 4472 5117 4843 4552 5097 4910 5091 4785 4910 5104 4830 4594 4643 5112 4921 4449 5420 4322 4645 4970 4968 4543 4583 4943 4591 4862 4711 4505 4919 4839 4271 4426 4459 4763 4820
4988 5291 5018 5037 4942 4705 5187 5200 4834 5190 4987 4707 5098 4940 4733 4812 4891 4863 4732 4697 4846 4890 5240 5422 5077 4918 4660 4757 4989 4576 4946 5015 4664 4561 5218 4643 4861 4771 4771 4770 5064 5168 4805 4980 4953 5325 4855 4909 5172 4895 4981 4927 4738 4496 5041 4595 4819 5145 5017 5227 4854 5011 4889 5012 5380 4886 5335 5064 4879 4803 4860 5152 4741 5169 4777 4290 4578 5020 4300 4879 4963 4897 4998 5188 5115 5314 5019 4917 4734 5090 5050 4653 4850 4671 5431 5111 5280 4508 4793 5125 4809 4640 4750 5062 5155 5005 4624 4722 4614 4875 5197 5241 4932 5360 4769 5203 5188 4840 5300 5312 4932 4750 4952 5159 4476 4697 4848 4928 4817 4775 4978 4880 4600 4867 4891 5459 4475 4947 4827 4579 4871 4959 4818 4884 4782 5203 4667 5171 4740 4686 5103 4720 4949 4931 5224 4986 5430 4900 4512 5059 4582 4817 4849 5013 5076 4941 4715 4679 5247 5189 5216 5087 5116 5304 4712 5373 4699 4694 5175 4889 4237 5044 4894 5090 5066 5078 5232 5023 4682 4830 4849 4464 4555 5117 5384 5144 4958 4926 4850 4610 5242 5152 5007 5037 4434 4661 4831 4901 4611 4914 5318 5095 5052 4961 5015 5066 4959 4593 5219 5146 4766 5058 4551 4922 4930 5118 5159 4928 5164 4809 4945 5295 4703 4970 5407 4520 4646 4815 5178 5115
4940 5174 4901 4891 4475 4648 4930 5079 5132 5500 4683 4788 4774 4997 4605 4945 4862 4877 4833 4899 4947 4932 5259 5535 5253 4604 4750 4981 4847 4885 4939 4808 4561 4521 5226 4582 4588 4566 4767 4892 5172 5028 4860 4794 5042 5239 4780 5016 4845 4747 4816 4750 4825 4498 5175 4738 4588 4682 5149 5199 4999 4552 4767 4938 5193 4893 5283 5092 5011 4827 4796 5145 4875 5067 4704 4509 4793 4764 4321 4671 4863 5093 5122 4935 4928 5180 4866 5049 4730 4844 4789 4693 5049 5037 5266 4964 4928 4458 4637 5015 4856 4792 4674 5074 4789 4961 4693 4902 4626 4845 5226 5019 5008 5326 4730 5038 4821 5156 5224 5335 5203 4633 4679 4974 4522 4610 4955 5031 4945 4856 4973 5138 4442 4695 4812 5435 4546 4706 4743 5089 4612 5044 4638 5133 4861 5144 4881 5168 4906 4718 5097 4621 4712 5035 5153 5091 5436 4761 4589 5188 4739 4748 4725 4487 4731 4515 4490 4563 5747 4968 4995 4951 4964 5327 4603 5410 4724 4847 4883 4990 4389 5241 5001 5019 5159 5209 4982 5074 4721 4941 4969 4641 4291 5145 5238 4987 4795 4587 4792 4624 5152 5288 4972 4972 4546 4540 4914 5094 4640 5235 5115 5341 4875 4920 5121 4818 4771 4557 5358 5049 4630 5156 4572 4774 4979 4927 4848 4951 5170 4661 4767 4959 4702 4962 4969 4493 4430 4808 4996 5254
4755 4772 4835 4868 4674 4341 4628 4752 4568 5040 4527 4636 4760 4722 4787 4297 4528 4660 4622 4742 4508 4680 5107 4892 4711 4459 4555 4748 4601 4391 4671 4804 4453 4541 4922 4511 4664 4408 4329 4442 4864 4792 4427 4711 4769 4897 4713 4739 4577 4792 4731 4652 4629 4273 4693 4141 4401 4835 4816 5149 4733 4749 4785 4598 4890 4562 5006 4715 4727 4552 4322 4913 4725 4873 4347 4234 4265 4695 4462 4557 4872 5141 4656 5107 4846 4842 4499 4576 4560 4620 4640 4366 4833 4629 5111 4396 5163 4422 4706 4652 4715 4672 4228 4733 4590 4677 4470 4656 4333 4452 4864 4806 4586 5208 4278 4828 4454 4632 5099 5061 4915 4384 4643 4709 4516 4528 4866 4855 4551 4645 4657 5017 4575 4793 4546 4842 4185 4493 4588 4298 4742 4534 4603 4842 4685 4836 4315 4890 4504 4642 4707 4431 4776 4795 4745 4884 4982 4248 4432 4812 4540 4470 4648 4666 4505 4660 4581 4508 5283 4902 4857 4597 4830 4769 4382 5060 4684 4712 4858 4737 3963 4814 4558 4716 4952 4557 4835 4547 4607 4710 4783 4396 4365 4898 5110 4906 4490 4589 4498 4117 4945 4850 4599 4791 4331 4336 4743 4618 4273 4723 5060 4853 4781 4910 5130 4685 4794 4639 4715 4842 4436 5041 4234 4483 4522 4922 4595 4613 4520 4584 4629 4998 4505 4840 5155 4323 4350 4575 4890 4749
5094 5170 4791 4912 4887 4589 4703 5367 4821 5166 4997 4889 4802 4835 4905 5037 4782 4890 4419 4988 5125 5247 5294 5286 5029 4274 4717 4902 4793 4678 4831 4940 4406 4511 5151 4496 4730 4558 4593 4547 5205 5145 5093 4743 4797 5258 4470 4785 4956 4715 4954 4574 4823 4602 5074 4665 4532 5027 4998 5483 5035 4746 4760 5130 5295 5184 5177 4953 4923 4521 4645 4819 4958 5084 4934 4506 4793 4960 4387 4902 4824 4843 4950 4876 4977 5304 4911 5224 4374 4872 4860 4814 4824 4916 5269 4890 5320 4703 4683 4638 5016 4853 4474 4921 4903 4741 4888 4890 4875 4753 5222 4768 5045 5314 4477 5263 4765 4800 5306 5256 5090 5017 5193 5104 4627 4596 4787 5161 4964 4541 4837 5160 4569 5050 4847 5102 4576 4815 4847 4827 4832 4928 4883 4888 4982 5077 4848 5026 4668 4886 5102 4487 4911 5159 4983 5208 5242 4637 4458 5063 4569 4585 4307 4612 5074 4802 4839 4519 5331 4981 4879 4730 4831 5218 4788 4951 4562 4657 4965 4794 4334 5089 4761 4831 5138 4779 4541 4897 4528 4805 5022 4448 4496 5043 5575 4916 4734 4960 4745 4522 5253 5236 4925 4857 4698 4557 4995 4664 4968 5102 5261 4850 4849 5009 4960 4941 5031 4409 4992 5127 4587 4988 4398 4780 4870 5070 4753 4799 5165 4371 4989 5073 4794 5171 5158 4628 4367 4963 5262 5207
5017 5414 5091 5201 4788 4637 5108 5423 4888 5313 5212 4732 4996 5175 4828 4795 5060 5080 4770 4808 5254 5311 5651 5347 5489 4674 4849 5190 5139 5124 5092 4964 4625 5039 5550 4556 4810 4791 4833 5016 5257 5148 4839 5031 5069 5242 4802 5189 5022 4802 4907 4874 4791 4862 4999 4729 4785 5253 4991 5387 5202 4838 4563 4852 5459 5180 5532 5095 4966 4747 5155 5328 4991 5363 4804 4536 4931 5098 4765 5218 4949 5408 5207 5233 4924 5445 5286 4850 4658 4773 5063 5168 5037 4903 5565 5086 5113 4518 5019 5045 5086 4799 4914 5374 5125 4950 4715 4982 4833 5201 5152 4844 5146 5389 4695 5077 4954 5176 5132 5413 5154 5060 5124 5364 4437 4879 5011 5085 5119 4830 5268 5182 4759 5122 4991 5290 4693 4845 4962 4794 4992 5188 4851 5035 5295 5354 4886 5377 5055 4753 5186 5035 4922 5140 5098 5245 5317 4609 4769 5304 4493 5204 4701 5050 5168 4862 4698 4870 5512 5298 5045 5057 5045 5398 4963 5281 4853 4729 4928 5232 4384 5312 5101 5235 5428 4928 4988 5340 4927 4962 4830 4509 4427 5105 5361 5170 5190 4910 4910 4581 5230 5367 4921 5109 4541 4686 5128 5124 4740 5461 5181 5244 4996 5269 5379 5091 4916 4805 5239 5335 4712 5335 4675 4843 5088 4987 5066 4798 5344 4898 4874 4946 4782 5248 5277 4588 4521 5250 5277 5188
4952 5463 5160 5423 4911 4924 5099 5272 4926 5504 5057 4949 5271 5168 4952 5228 5141 5141 4976 5200 5013 5164 5554 5609 5251 5105 4899 5045 5127 5029 4899 5069 4819 4770 5530 4937 4778 4747 4939 5205 5326 5384 4972 4980 5308 5663 5002 5116 4960 5051 5285 5000 5048 4905 4982 4588 5087 5507 4955 5430 5274 5272 5014 5251 5641 4835 5360 5438 5134 4806 5288 5106 5166 5120 5078 4572 4702 5178 4600 5261 5203 5322 5149 5545 5137 5218 5258 5026 5001 5223 5089 5020 5132 5122 5736 5116 5526 4867 5124 5056 5237 4888 4946 5130 5176 5244 4881 5068 4889 5191 5277 5187 5280 5477 4812 5256 5108 4950 5539 5522 5575 5090 5210 5162 4831 4964 4907 5059 5185 5326 5081 5385 4893 5068 4750 5388 4538 4767 4815 4748 5022 5122 5044 5511 5233 5313 4964 5265 5123 4894 4984 4774 5090 5098 5265 5226 5504 4844 4801 5193 4722 5346 4920 5115 5402 5034 4852 4738 5676 5194 5245 5158 4919 5638 4824 5530 4932 4863 5312 5138 4497 5385 5177 5289 5333 5291 5187 4837 4924 5149 5286 4722 4652 5153 5519 5369 5081 5109 5108 4641 5327 5342 5223 5103 4724 5125 5182 5293 4961 5279 5229 5210 4879 5307 5141 4870 5160 4747 5242 5182 4970 5357 4301 5045 5000 5261 5180 4946 5231 4897 5274 5328 4917 5202 5587 4866 4672 5381 5316 5326
4857 5024 4738 5173 4721 4520 5130 5158 4846 5133 4716 4798 5000 4608 4662 4810 4765 5030 4728 4768 4802 4902 5408 5393 5116 4507 4662 4999 4862 5031 4873 4712 4615 4670 5368 4467 4780 4666 4685 4745 5309 4925 4865 5093 4992 5314 4619 5078 5003 4740 4899 4904 4742 4584 4775 4659 4507 4839 4989 5329 4910 4988 4581 4818 5375 4891 5106 5131 4765 4775 4843 5068 4929 4919 4777 4550 4692 5045 4579 5047 4985 5059 4909 5158 4855 5275 4797 4856 4498 4779 4764 4658 5034 4765 5307 4801 4990 4225 4746 5118 4984 4661 4875 5048 4946 4791 4792 4707 4486 5036 4982 4847 5193 5260 4661 4984 4681 4819 5456 5394 5042 4751 5025 5199 4424 4761 4882 5108 4816 5093 5068 5081 4610 4955 4638 5049 4469 4668 4808 4784 4725 4763 4966 4869 5076 5094 4850 5250 4816 4663 5077 4782 4929 5344 5201 5119 5179 4617 4519 5350 4466 4549 4630 4868 4891 4550 4567 4728 5304 5219 4966 5109 4855 5200 4949 4994 4589 4654 5042 4681 4155 5148 4816 4884 5016 4969 4934 5179 4590 5006 4924 4650 4838 5079 5305 4797 4899 4880 4740 4399 5056 5069 5001 5148 4643 4711 5026 4772 4917 5176 5052 4755 4718 4985 5151 4882 4879 4605 5246 5031 4559 5174 4372 4893 5021 5090 4978 4841 5297 4670 4664 5028 4748 5247 4975 4507 4481 4754 4958 5269
4885 5375 5012 5053 4666 4747 4972 5027 5013 5333 4745 4660 4755 5051 4629 4804 4673 5121 4857 4835 4941 4676 5221 5379 5378 4616 4584 4745 5029 4935 4845 4854 4581 4582 5344 4768 4720 4687 4907 4713 5178 5104 4926 4805 5174 5205 4826 5133 5281 4675 4775 4841 4679 4580 5083 4612 4553 4996 4965 5327 4987 4947 4737 5006 5410 4855 5400 5022 4965 4677 4828 5179 4821 5060 4764 4624 4635 5008 4419 4795 4792 4932 4959 5150 5040 5642 4795 5158 4727 4797 4947 4561 4827 4983 5309 5052 5091 4548 4756 4716 5151 4882 4470 5167 5051 4982 4662 4884 4648 4645 4893 4852 5325 5668 4753 4988 4826 4823 5235 5386 5111 4882 4691 5147 4510 4594 4858 4788 4741 5088 5103 5238 4209 4835 4885 4983 4744 4902 4796 4950 4602 4782 5007 4942 4989 5301 4906 5133 4589 4817 5070 4791 5101 5023 5070 5244 5100 4736 4321 5324 4540 4539 4597 4669 4933 4704 4685 4994 5363 5103 5116 5073 5214 5104 4895 5392 4628 4738 5034 5043 4221 5215 5064 4847 5249 4958 5112 5097 4661 4968 4854 4627 4623 5239 5170 4965 4681 4953 4840 4650 5180 5141 5031 4655 4624 4542 5167 4901 4687 5228 4989 5012 4950 5224 5228 4775 4530 4632 5113 5168 4697 5353 4302 4930 4725 5379 4883 4720 5017 4685 4713 5173 4562 5242 5056 4763 4406 4832 5037 4973
4853 5187 4903 5153 4729 4294 4885 5142 4749 5087 4749 4691 4780 5028 4651 4585 4899 4937 4552 4960 4763 4942 5270 5567 5296 4700 4478 4831 4869 4890 4841 5086 4748 4521 5273 4803 4961 4907 4775 4682 5179 5167 4880 4919 4850 5133 4558 4906 4926 4755 4856 4654 4913 4669 4989 4402 4467 4880 5000 5286 5106 4902 4978 4883 5439 4541 5213 4687 4780 4691 4674 4734 4767 4892 4868 4632 4667 4884 4507 4959 4927 4970 4634 5361 5008 5441 4507 4836 4464 4759 4961 4605 4518 4587 5178 4583 5182 4403 4622 4783 4814 4645 4502 5133 4886 4656 4479 4370 4668 4758 5211 4840 5079 5233 4707 5062 4706 4883 5070 5333 4762 4755 5097 4871 4299 4427 4882 5098 5011 4811 4824 5058 4641 4862 4891 5214 4430 4817 4816 4529 4997 4864 4738 5001 5221 5341 4841 5084 4837 4908 5130 4846 4908 5057 4753 4925 5224 4508 4766 5168 4480 4838 4844 4799 5142 5124 4658 4476 5486 5241 4947 4787 4825 5430 4454 5209 4710 4972 4950 4747 4171 5085 4998 4747 5070 4687 4837 4602 4792 4907 4838 4802 4384 5000 5322 4939 4768 4861 4827 4454 5148 4917 4794 4712 4353 4462 5052 4675 4559 5180 4886 5077 4831 4996 5048 4632 4742 4700 4995 5168 4734 5382 4397 4952 4914 4952 5000 4666 4946 4932 4776 4980 4460 5372 4933 4655 4580 4814 4924 4899
4948 5254 4763 4892 4546 4597 4777 5183 4711 5360 4981 4718 4806 4899 4622 4603 4715 5024 4547 4948 4755 4960 4949 5368 5094 4528 4453 4800 4925 4836 4836 4937 4663 4525 5124 4458 4523 4750 4512 4874 5050 4780 4822 5072 4838 4971 4602 5051 4880 4528 4921 4764 4496 4816 5232 4527 4488 4902 4849 5015 4897 4753 4849 5052 5285 5037 5225 4833 4733 4706 4544 4889 4955 4850 4582 4451 4411 4698 4424 5116 4811 5000 4950 5055 4616 5063 4659 4853 4509 4879 4852 4858 4806 4783 5250 4921 4794 4345 4572 4864 4880 4532 4884 4936 4683 4859 4647 4762 4852 4816 4886 4797 5072 5253 4706 4757 4731 5020 5104 5235 4905 4605 4889 4983 4306 4617 4831 5098 4858 4844 5005 5083 4774 4814 4561 5387 4505 4677 4883 4583 4944 4961 4736 5074 4822 5130 5005 5119 4925 4831 4937 4581 4685 4914 4999 5218 4977 4266 4533 5260 4341 4803 4490 4689 4675 4739 4717 4620 5411 4934 4910 4848 4745 5309 4769 5035 4500 4568 4883 4748 4405 5131 5064 4976 4708 4757 4885 4821 4589 4712 4797 4507 4496 4995 5135 4946 4660 4756 4744 4321 4854 4980 4942 4999 4311 4593 4828 4836 4767 5103 5029 4840 4695 4897 5148 4794 4752 4596 4978 5146 4891 5211 4397 4779 4649 4984 4870 4934 5073 4793 4623 4913 4622 4868 4971 4714 4520 4699 5106 5110
4824 4964 4635 4957 4393 4358 4928 4960 4366 5136 4513 4484 4615 4737 4594 4646 4860 4849 4303 4792 4713 5034 5101 5255 4972 5039 4209 4750 4490 4803 4927 4773 4496 4396 5305 4341 4442 4798 4557 4730 4735 5276 4646 4680 4836 5208 4536 4815 4747 4778 4723 4605 4473 4560 4836 4377 4558 4861 4686 5182 4675 4871 4744 4835 5267 4937 4759 4873 4678 4300 4785 4941 4747 4797 4941 4427 4369 4666 4237 5004 4866 4853 4744 5131 4939 5076 4800 4824 4671 4899 4770 4599 4550 4699 5305 4571 4823 4483 4686 4750 4670 4382 4258 4616 4644 4959 4487 4243 4442 4734 5010 4615 5010 5061 4613 5024 4808 4625 5009 4978 4963 4538 4559 4600 4384 4442 4535 4723 4721 4981 4790 4800 4340 4635 4454 5245 4420 4633 4469 4653 4593 4713 4707 4733 4659 5146 4744 4815 4800 4641 4782 4455 4912 4905 4828 4832 5115 4275 4555 4932 4144 4755 4504 4633 4881 4751 4854 4508 5459 4697 4894 4728 4670 5181 4365 5052 4609 4511 4717 4645 4283 4911 4822 4981 4863 4986 4759 4537 4519 4776 4790 4344 4314 4699 5137 4562 4682 4845 5061 4468 4904 5204 5072 4879 4200 4556 4920 4720 4417 5026 4935 4868 4580 4868 4920 4581 4689 4697 4824 4813 4227 4978 4253 4785 5060 5220 4841 4695 5023 4629 4774 4936 4364 4919 4936 4456 4114 4759 5063 4969
4621 4922 4612 4803 4429 4125 4704 4889 4344 4957 4574 4434 4776 4714 4384 4645 4630 4650 4518 4710 4701 4520 4808 5157 5417 4235 4126 4760 4471 4664 4558 4486 4490 4313 4843 4429 4217 4362 4462 4436 4600 4758 4710 4802 4669 4875 4469 4915 4583 4595 4531 4463 4491 4385 4857 4196 4503 4612 4435 4962 4854 4680 4444 4623 5229 4799 4768 4715 4320 4467 4562 4704 4571 4825 4296 4303 4540 4438 4240 4649 4620 4927 4568 5004 4613 5028 4854 4582 4571 4589 4765 4600 4694 4550 5225 4490 4567 4528 4446 4515 4633 4513 4424 4848 4964 4738 4664 4380 4338 4530 4798 4535 4802 5077 4531 4633 4513 4799 5098 5010 4995 4211 4527 4792 3958 4254 4637 4560 4680 4560 4627 4760 4365 4620 4241 4917 4210 4475 4535 4494 4679 4806 4686 4685 4671 4873 4663 4845 4407 4589 4857 4475 4474 4923 4544 4665 5033 4216 4468 4975 4226 4331 4400 4549 4655 4718 4501 4404 5032 4915 4768 4798 4358 4955 4445 5085 4533 4316 4444 4727 4181 4540 4775 4652 4798 4510 4652 4522 4530 4720 4629 4354 4078 4815 5010 4460 4645 4543 4770 4346 4806 4987 4774 4879 4323 4253 4873 4695 4445 4800 4942 4641 4292 4275 4941 4596 4473 4277 4855 4990 4341 5066 4122 4620 4709 4817 4376 4409 5095 4507 4530 4707 4203 4797 5016 4247 4128 4619 4884 4607
4759 5156 4779 4965 4499 4403 4716 5125 4645 5063 4771 4668 4676 4902 4665 4821 4641 4844 4528 4791 4570 5067 5114 5517 4989 4505 4719 4885 4889 4809 4778 4906 4549 4571 5039 4457 4519 4647 4569 4713 4906 5174 4758 4713 4928 5131 4764 4951 4592 4663 5093 4887 4826 4515 4837 4439 4647 4706 4804 5078 4848 4585 4594 4629 5369 4844 4913 4837 4597 4758 4654 4907 4976 4758 4786 4342 4353 4541 4589 4869 4867 4814 5136 5288 5083 5187 4820 4746 4630 4756 4752 4461 4808 4651 5162 4435 4984 4309 4712 4887 4857 4459 4370 4886 4715 4781 4429 4695 4584 4837 4907 4770 4890 5099 4422 5125 4493 4697 4990 4971 4800 4901 4630 4817 4202 4506 4830 5022 4668 4872 4783 5010 4358 4629 4532 5353 4272 4932 4536 4603 4726 4652 4750 5077 4912 5293 4887 4796 4512 4864 4961 4758 4720 5101 4714 5001 4913 4510 4305 5093 4425 4950 4760 4586 4947 4882 4527 4377 5258 4898 4798 4627 4754 5292 4457 5398 4582 4632 4834 4503 4368 4823 4804 4978 4648 4887 4588 4580 4666 4715 4803 4484 4435 5075 5241 5033 4301 4809 4933 4448 4782 5148 4963 4683 4519 4333 4766 4919 4853 5424 4731 4925 4731 4769 5049 4973 4713 4637 4970 4858 4629 5342 4458 4807 4771 5015 4501 4884 4873 4573 4490 4902 4539 5108 5098 4592 4592 4790 5122 5019
4776 4925 4805 4890 4588 4613 4665 5046 4714 5075 4654 4389 5014 4817 4714 4728 4458 4803 4867 4579 4549 4672 4993 5045 5154 4601 4772 4776 4907 4879 4884 4717 4473 4612 4833 4496 4530 4582 4554 4740 4951 4956 4642 4636 5195 5038 4534 4964 4948 4533 4787 4657 4851 4437 4688 4212 4574 4914 4533 4785 5058 4742 4683 4551 5339 4656 5128 4811 4588 4410 4766 4908 4869 5058 4618 4330 4332 4512 4246 4928 4754 4895 4678 5039 4844 4968 4493 4518 4629 4887 4787 4851 4589 4568 5265 4588 4851 4431 4669 4814 4575 4559 4598 4749 4871 4865 4433 4783 4662 4928 5050 4834 4744 5248 4585 5030 4426 4677 5122 5130 4929 4450 4692 5099 4333 4634 4877 4476 4932 4634 5189 5125 4516 4894 4488 5105 4338 4557 4561 4377 4615 4944 4853 4910 4651 5175 4694 4809 4516 4721 4873 4634 4632 4959 4665 4885 5173 4419 4547 5030 4225 4659 4814 4648 4699 4769 4763 4748 5507 4904 4802 4656 4951 5312 4531 5047 4524 4262 4639 4930 4166 4864 4875 4821 4894 4899 4861 4551 4741 4718 4829 4369 4221 5228 5180 4755 4694 4803 4770 4534 4862 4839 4848 4986 4191 4677 4970 4939 4604 5007 4823 4986 4760 4756 5045 4814 4497 4471 4529 4926 4913 4962 4238 4787 4519 4708 4813 4728 4870 4620 4508 4893 4558 4663 5041 4482 4295 4724 4686 4981
4871 5080 4938 4855 4795 4733 4716 5457 4638 5206 4921 4775 4893 5005 4894 4738 5005 5105 4570 5029 4950 5278 5324 5543 5131 4367 4674 5019 4906 4566 4940 4885 4916 4514 5393 4640 4839 4778 5053 4925 5442 5171 4805 5102 5045 5250 4620 5022 5117 4789 4942 4667 5041 4883 5128 4344 4720 5132 4958 5323 5077 5151 4887 5061 5214 4786 5287 5182 4900 4829 4842 5012 4950 4905 4862 4630 4665 4953 4688 5245 4946 4984 5040 5166 5138 5328 5173 5027 4697 4979 4847 4951 4943 4980 5228 5205 5168 4747 5107 4907 5043 4884 4446 5300 5301 5009 4757 4692 4500 4822 5089 5023 5198 5360 4903 5302 4574 4690 5216 5273 5054 4846 4922 5049 4626 4710 4753 5125 4992 4947 4798 5128 4575 4876 4897 5316 4411 4849 4827 4672 4585 4803 4640 4925 4925 5257 4498 4871 4859 4852 4950 4721 5048 4991 5163 5082 5092 4472 4840 5256 4589 4906 4707 4764 5179 5024 4759 4725 5423 5247 5017 5039 4842 5132 4776 5334 4756 4878 5049 4667 4174 5134 5034 4973 4944 4853 5018 5313 4672 4699 4973 4555 4538 5075 5553 5134 4869 4919 4904 4287 5326 5270 5241 4979 4563 4601 5167 4832 4640 5286 5066 5187 4951 5084 5241 4814 5009 4694 5218 5094 4663 5227 4401 4787 4915 5187 5010 4896 4994 4659 4844 5315 4589 5351 4943 4777 4764 4856 5317 5009
4949 5320 4975 5221 4920 4638 4784 5345 4780 5373 4942 4702 4820 4885 4750 4921 4931 5297 4692 4908 4815 5203 5302 5607 5206 4814 4728 5134 5015 5037 5022 5040 4721 4775 5296 4852 4733 4925 4771 4751 5064 5054 5027 5044 5075 5290 4759 5099 5027 4809 4894 4915 4769 4761 4983 4589 4748 5014 4843 5455 5202 4763 4970 4905 5725 4903 5080 4973 4903 4615 4970 5033 5086 5092 4853 4780 4615 4903 4427 5177 5036 5077 5142 5002 5092 5487 4693 5046 4877 4977 4830 4761 4841 4861 5542 4704 4986 4689 4857 5032 5008 4963 4705 5139 5146 5169 4522 4896 4802 4809 4985 4978 5249 5366 4576 5094 4823 4874 5235 5346 4919 4629 4922 5147 4667 4522 5090 4983 4988 5032 5142 5137 4611 4945 4808 5393 4726 4863 4690 4804 4788 4874 4915 5092 4932 5586 4864 5066 4852 4673 5057 4828 5045 5204 5010 5220 5476 4368 4815 5215 4347 5046 4877 4865 5286 4955 4902 4767 5822 5169 5077 5062 4988 5405 4588 5268 4794 4587 4889 5076 4272 5086 4933 5127 5165 4877 5083 4738 4816 5087 5189 4597 4698 5368 5353 4984 4897 4863 5023 4530 5320 5058 4976 4808 4460 4671 4955 5165 4771 5341 5108 5195 4731 4981 5268 4851 4902 4771 4923 5179 4854 5457 4369 4972 4804 5178 5016 5142 5275 4801 5013 5220 4907 5164 5127 4517 4448 5001 5242 5295
5078 5508 5353 5382 5268 4884 4976 5291 4787 5574 5198 5023 5241 5136 5217 5167 5083 5353 4841 5351 5162 5193 5693 5715 5294 4890 5068 5365 5139 5233 5169 5368 4789 4819 5876 4853 4899 4946 4937 4912 5453 5159 5001 5271 5188 5558 4818 5451 5433 5077 5398 5039 5153 4811 5107 4617 5005 5486 5391 5723 5314 5320 5209 5029 5748 5219 5542 5283 5225 5112 5000 5256 5216 5304 4920 4841 4980 5285 4768 5211 5116 5496 5357 5432 5265 5550 5282 5106 5013 5348 5224 5045 5278 5125 5560 5110 5532 4763 5251 5225 5309 4900 4923 5304 5259 5153 5051 4981 5120 5145 5422 5267 5346 5515 4818 5256 4940 5171 5484 5677 5383 5309 5261 5307 4761 5176 5259 5336 5013 5340 4943 5394 4992 5296 4998 5556 4998 5089 4902 4732 5002 5143 5169 5382 5122 5381 4858 5426 5082 5052 5146 4798 5369 5451 5152 5652 5489 4624 4852 5358 4901 5054 5003 5165 5305 5071 5115 5111 5720 5336 5418 5221 5217 5708 5031 5411 4905 5086 5148 5216 4300 5318 5051 5239 5226 5213 5356 5159 5075 5375 5325 4890 4740 5427 5786 5393 4932 4978 5232 4693 5335 5499 5458 5256 4806 4860 5094 5076 5077 5341 5273 5248 5111 5225 5733 5231 5109 5045 5226 5419 4953 5566 4904 5363 5200 5267 5472 5040 5206 5039 5262 5220 5007 5741 5442 4865 4659 5088 5536 5455
5051 5335 4956 5091 4883 4799 5178 5259 4964 5405 5335 4729 4816 5250 4757 5091 4799 5162 4984 5083 5081 5400 5373 5536 5515 4763 4633 5188 4996 5073 4946 5020 4823 4606 5342 4797 4993 4818 4862 4829 5297 5207 4868 5117 5292 5346 4655 5144 5141 4973 5136 4812 4676 4719 5019 4822 4953 5241 5016 5438 5040 4684 4902 5186 5513 4911 5487 5102 4993 4765 4955 5227 5128 5146 4975 4857 4861 4791 4618 5029 5336 5019 4913 5307 5085 5543 4652 4945 4821 4979 5111 5188 5064 5055 5642 5072 5204 4492 4986 5440 4960 5021 4933 5202 5140 5195 4753 4773 4828 5008 5419 5042 5273 5296 4813 5053 4690 5108 5282 5393 5367 4871 5258 5208 4748 4907 5257 5140 4923 5244 5084 5010 4595 5128 4643 5496 4671 5119 5023 4714 5024 5023 4741 5055 5236 5359 4951 5166 4949 4883 5051 5033 5118 5107 5162 4871 5341 4569 4690 5299 4470 5120 4718 5124 4909 5007 5058 4926 5810 5210 5142 4957 5184 5422 5094 5245 4836 4761 5008 5091 4315 5126 5080 5218 5005 5005 5106 4829 4964 4818 5268 4521 4665 5623 5546 5229 4836 5070 4843 4665 5331 5205 5082 5206 4628 4499 5118 5205 5054 5282 5059 5159 4951 5213 5299 4933 4940 4640 5025 5186 5060 5415 4347 4710 4829 5021 4896 4963 5371 4722 4641 4951 4773 5246 5187 4969 4733 5217 5196 5301
4853 5241 4737 4606 4636 4335 4692 5060 4609 5352 4617 4634 4545 4822 4589 4680 4623 5032 4604 4839 4874 4792 5210 5125 5172 4355 4544 4864 4537 4839 5022 4717 4579 4392 5123 4874 4467 4836 4602 4538 4816 4587 4629 4997 4929 5154 4711 4930 4654 4665 4624 4899 4713 4475 4925 4536 4453 4858 4836 5117 4784 4549 4794 4531 5219 4876 5045 4599 4898 4458 4433 4562 4750 4903 4739 4579 4478 4480 4313 5009 4689 4735 4862 5239 4757 5311 4583 4769 4527 4656 4789 4644 4713 4673 5179 4607 4855 4466 4737 4662 4864 4511 4588 4755 4665 4916 4453 4416 4403 4461 4964 4665 5077 5150 4470 5045 4463 4693 4988 5142 5039 4603 4874 4923 4203 4721 4775 4867 4681 4894 4665 4921 4645 4420 4720 4967 4724 4486 4702 4425 4644 4630 4868 5012 4943 5096 4982 4990 4486 4990 5059 4398 4834 4974 4870 5250 5088 4288 4272 4992 4429 4586 4447 4647 4856 4813 4804 4553 5398 4966 4865 4757 4987 5180 4565 4977 4469 4177 4660 4768 4246 4990 5110 4855 4893 4448 4900 4675 4588 4634 4881 4489 4277 4884 5198 4810 4587 4840 4728 4137 5081 5207 4677 4738 4386 4188 4929 4756 4831 5116 4988 4652 4655 4997 5125 4653 4779 4464 4747 5222 4775 5328 4498 5009 4809 5017 4762 4771 4857 4729 4362 4802 4698 5054 4872 4659 4342 4798 4900 4740
4728 4822 4612 4692 4321 4313 4833 4849 4368 5085 4516 4452 4511 4892 4279 4655 4520 4689 4507 4453 4715 4542 5249 5138 5072 4402 4449 4576 4679 4672 4765 4790 4234 4402 5165 4436 4299 4517 4376 4572 4746 4443 4479 4661 4846 5093 4409 4809 4762 4636 4800 4479 4498 4476 4668 4430 4482 4727 4761 4910 4665 4687 4537 4613 5134 4837 5203 4682 4745 4646 4855 4901 4793 4850 4364 4067 4293 4611 4480 4735 4535 4735 4505 5052 4592 4872 4955 4781 4474 4679 4526 4535 4488 4410 5481 4682 4686 4317 4712 4754 4813 4363 4626 4650 4452 4766 4599 4515 4460 4744 4878 4721 4764 4933 4333 4614 4586 4677 4975 5012 4762 4446 4588 5026 4141 4349 4666 4550 4738 4573 4749 4736 4492 4530 4362 4864 4512 4622 4378 4513 4706 4627 4530 4739 4833 4993 4699 4824 4808 4508 4882 4473 4577 4688 4903 4840 5000 4510 4045 4830 4377 4600 4609 4509 4581 4455 4413 4282 5229 5109 4752 4768 4685 4867 4628 4571 4405 4183 4958 4527 3841 4909 4835 4858 4973 4618 4953 4569 4388 4688 4641 4315 4202 4806 4961 4739 4267 4615 4662 4231 4974 4967 4949 4570 4294 4683 4871 4758 4436 4779 4619 4760 4579 4864 4474 4665 4507 4248 4999 4599 4511 5075 4197 4669 4481 4735 4749 4669 4905 4553 4589 4730 4500 4886 4538 4376 4165 4353 4873 4897
5063 5400 5322 5325 5095 4761 5171 5540 4814 5611 5192 4942 4980 5012 4919 5187 4935 5249 4969 5112 5083 5172 5725 5521 5388 4609 4864 5414 4964 5013 5158 5184 4883 4622 5652 4838 4806 5035 4873 4952 5227 5229 4859 5109 5196 5560 4938 5401 5064 5090 5100 5066 5089 4495 4893 4797 4982 5254 5111 5491 5194 5026 4929 5191 5730 5234 5432 5425 5088 5011 4917 5365 5061 5160 4905 4635 4832 5168 4855 5071 4990 5029 5455 5540 5126 5518 5309 5073 4992 5158 4983 4815 5162 5033 5837 5073 5346 4759 5065 5262 5196 5167 4869 5179 5098 5325 5009 4860 4821 5011 5332 5229 5532 5664 4691 5168 4933 5296 5537 5751 5257 5131 5008 5344 4734 5181 5074 5298 5121 5171 5093 5466 5082 5096 4798 5347 4733 5087 5158 4929 5099 5062 5090 5227 5131 5415 4809 5170 4992 4870 5063 4982 5188 4961 5333 5451 5622 4760 4924 5208 4852 5048 4918 5073 5057 5037 4859 4938 5881 5497 5296 5048 5092 5471 4906 5490 4938 4782 5482 5103 4444 5281 5049 5305 5287 5116 5290 4906 5113 5032 5070 4861 4906 5262 5424 5259 4914 4984 5003 4622 5306 5571 5248 5309 4692 4796 5004 5195 4887 5324 5433 5242 5082 5112 5608 5090 5140 4812 5318 5435 4837 5598 4495 5028 5012 5327 5143 5019 5301 4663 5017 5230 4892 5199 5356 4912 4673 5151 5480 5426
4919 5146 4964 5264 4759 4703 5032 5316 4518 5412 4842 4768 5064 4712 4694 5050 4848 5144 4894 4820 5232 5159 5645 5393 5272 4863 4879 4742 5004 5184 5056 4997 4581 4747 5667 4520 4691 4875 4775 4920 5087 5136 5077 4967 5097 5116 4822 5220 5177 4708 4781 4875 4962 4487 4645 4553 4878 5097 4831 5339 5069 4950 4738 4860 5500 4886 5444 5199 4785 4774 4867 5043 4958 5125 4643 4515 4696 4900 4501 5182 5062 4941 5014 5371 4769 5211 5145 5024 4616 4899 5006 4843 4958 4847 5361 5125 4915 4495 4941 5118 5164 4847 4851 5155 5138 5160 4723 4863 4782 4976 5287 5057 5219 5263 4558 5241 4816 5024 5363 5331 5090 4839 5247 5184 4648 4648 4822 4995 5125 5078 5038 5072 4793 4885 4713 5492 4724 4882 4771 4653 4697 5003 4748 5180 4891 5594 4885 5266 5167 4699 4984 4738 4888 5085 4983 5095 5487 4545 4676 5373 4441 4892 4743 4699 5042 4855 4870 4673 5559 5282 5212 5153 4981 5351 4658 5112 4719 4708 4925 4942 4366 5193 4915 5280 4920 4833 5080 5043 4555 4866 4839 4531 4772 5188 5393 4772 5036 4846 5117 4492 5341 5275 5262 4922 4579 4719 4866 5029 4805 5116 5279 5233 4803 5198 5183 4871 4922 4516 5018 5333 4732 5436 4223 4727 5081 5181 5055 4773 5107 4670 4925 5123 4828 5311 5099 4607 4533 5009 5125 5121
5197 5278 5109 5095 4835 4634 5024 5388 5144 5426 5005 4944 4973 5131 4781 4873 5082 5215 4653 4944 4996 5145 5337 5371 5199 4524 4672 5180 5140 4933 5179 4898 4621 4756 5569 4587 4656 4963 4905 4816 5258 5366 4903 5061 5334 5319 4910 5041 4979 4753 5185 4879 4947 4741 4967 4567 4862 5334 5033 5576 5119 5045 4932 5241 5415 5351 5672 4884 5028 4976 4983 5244 5097 5166 4785 4661 4730 4863 4592 4989 5048 4906 5071 5382 5188 5333 5171 5081 4718 4872 5128 5078 4897 4806 5633 5084 5099 4535 4825 5439 4956 4859 4840 5208 5091 5137 4852 4716 4875 4922 5203 5276 5451 5604 4989 5179 4871 4957 5392 5620 5372 4800 4882 5200 4736 4597 5130 5039 4734 5178 5085 5262 4653 4750 4487 5180 4562 4952 4844 4956 4874 5125 4960 5140 5028 5353 4711 5357 4907 4716 5258 4944 5020 5105 5356 5418 5074 4618 4874 5043 4773 4816 5075 4809 5141 5091 4730 4953 5471 5146 5078 5183 4932 5305 4989 5605 5003 4862 5093 4940 4506 4974 5007 5124 5209 5020 5227 5126 4883 5104 4895 4691 4719 5066 5233 5020 4886 4962 5024 4889 5180 5190 4934 5232 4392 4630 5238 5220 4813 5387 5291 5149 5134 5277 5353 4977 4959 4831 5355 5172 4685 5523 4771 4859 5126 5123 5060 4885 5415 4873 4622 5358 4761 5163 4912 4615 4605 5027 5131 5289
4685 5066 4742 4687 4345 4509 4721 4852 4431 4914 4576 4575 4860 4776 4733 4659 4719 4798 4372 4775 4966 4968 5340 5020 5031 4529 4354 4785 4692 4630 4674 4940 4459 4425 5278 4311 4615 4533 4781 4737 4845 5025 4796 4666 4723 5102 4552 4944 4634 4528 4837 4598 4606 4434 4696 4306 4578 5055 4720 5087 4797 4864 4726 4758 5038 4893 4958 4881 4656 4564 4657 4733 4678 4603 4834 4455 4598 4906 4288 4569 4518 4954 4812 5131 4727 5075 4766 4660 4339 4684 4776 4565 4755 4602 5166 4647 4949 4438 4799 4852 4645 4542 4424 4698 4859 4767 4759 4366 4513 4638 4805 4679 4813 5013 4499 4810 4720 4722 5119 5309 4933 4623 4679 4784 4477 4492 4680 4587 4733 4793 4953 4723 4599 4666 4539 4942 4453 4726 4757 4506 4590 4698 4587 4659 4646 4934 4758 4854 4823 4458 4794 4591 4618 4827 4663 4841 5151 4259 4369 5036 4279 4508 4572 4507 4565 4600 4508 4633 5073 4922 4958 4668 4652 5326 4743 5074 4821 4528 4967 4649 4293 4827 4670 4851 4759 4786 4747 4673 4626 4781 4713 4385 4350 4835 5216 4716 4395 4737 4721 4342 4643 4920 4918 4996 4237 4760 4823 4661 4368 4905 4967 4625 4619 4831 4929 4296 4881 4415 4770 5085 4342 4694 4390 4695 4980 5084 4813 4636 4834 4515 4703 4958 4363 4873 4834 4547 4134 4763 5145 5036
4839 5004 4770 4928 4668 4351 4982 5102 4648 4961 4701 4639 4706 4857 4456 4625 4586 4669 4619 4905 4934 4758 5305 5112 4984 4215 4551 4758 4744 4509 4571 4706 4318 4428 5129 4624 4555 4469 4436 4642 5031 4913 4776 4665 4625 4885 4755 4719 4676 4577 4787 4707 4649 4496 5171 4194 4496 4562 5149 4952 4736 4693 4633 4732 5250 4623 5099 4626 4820 4370 4621 4799 4981 5138 4659 4196 4233 4770 4388 4885 4909 4841 4874 5230 4952 4912 4888 4721 4394 4810 4907 4474 4791 4697 5243 4711 4863 4380 4616 4672 4772 4659 4685 4977 4865 4777 4476 4647 4353 4539 4941 4892 5065 5086 4592 5099 4352 4690 4957 5098 4914 4807 4875 5037 4380 4479 4551 4536 4891 5001 4915 5020 4459 4733 4735 5201 4507 4603 4641 4694 4750 4782 4649 4931 4697 5115 4775 4716 4526 4890 5127 4644 4635 4871 5099 4908 4962 4534 4723 5144 4230 4725 4311 4591 4768 4629 4504 4422 5251 5076 4676 4825 4857 5189 4670 4935 4624 4182 4724 4793 4152 5149 4805 4758 4821 4764 4763 5026 4546 4674 4708 4320 4418 4853 5310 4845 4692 4707 5033 4321 5090 5068 4800 4600 4343 4377 5023 4659 4657 5126 5158 4756 4790 5008 4933 4813 4800 4318 5010 4579 4475 4889 4305 4832 4673 5121 4827 4814 5012 4594 4687 4880 4508 4939 4881 4353 4353 4930 5002 4878
4823 5376 4954 5126 4679 4675 4616 5116 4841 5315 4761 4698 5277 5003 4771 5132 4923 4935 4803 5074 4853 4861 5332 5225 5157 4618 4649 4843 4914 4927 4715 5187 4542 4733 5427 4794 4847 4850 4807 4705 5066 5008 4849 5124 4872 5188 4878 5033 5168 5030 4934 4864 4922 4400 5056 4864 4679 5017 4844 5484 5113 4757 4762 4845 5323 4993 4965 5065 4895 4852 4804 4889 4790 5215 4911 4641 4570 4780 4323 4783 4897 5071 5047 5028 5140 5401 4916 5155 4812 4866 5012 4975 5056 5020 5300 5132 5294 4403 4850 4943 4941 4604 4848 4932 5042 4816 4695 4733 4918 5163 4999 4926 5146 5345 4540 5070 5021 4858 5260 5345 4923 4793 5090 5232 4655 4674 4889 4926 4966 4883 5034 5145 4824 4699 4877 5192 4797 4571 4534 4729 4582 4786 4445 4969 5120 5215 4843 5321 4846 4907 5100 4920 4906 5461 5023 5265 5309 4806 4526 5091 4663 4846 4760 4483 5141 5004 4825 4584 5590 4995 5127 4850 5032 5304 4812 5191 4712 4732 5135 4844 4372 4981 5006 5148 5288 4945 5073 4878 4801 5046 5094 4384 4397 5108 5317 5157 4791 4865 4853 4811 5241 5210 4721 4925 4429 4514 4948 5027 4838 5363 5067 5117 4716 5143 4983 4660 4728 4607 4897 4907 4638 5245 4453 4961 4738 4951 4962 4924 5101 4755 4861 4913 4778 5091 5099 4765 4518 5105 5357 5168
