5226 5395 4794 5115 5262 5188 5099 5663 5226 4787 5234 5080 5243 5540 5191 5078 4846 4864 5195 5240 4999 5433 5554 5414 5059 5208 5321 5294 5334 5166 5164 5316 5248 5141 5424 4978 5148 5102 5345 5579 5298 5062 5554 4818 5127 5347 4949 5374 5276 5034 5155 4993 4856 5459 5435 4834 4807 5000 5785 5073 4988 5402 5101 5211 5081 5673 5464 5173 5254 5188 4844 5021 4717 4854 4696 5412 5145 5083 5332 4923 5262 5295 4992 5357 5131 5396 5481 5254 5067 5432 5318 5133 5073 5538 4781 5326 5337 5236 5137 4852 5148 5422 5274 5024 5385 5433 5226 5619 5434 5383 5145 5446 5441 5459 5193 5333 5360 4688 4923 5556 5193 5490 5251 4875 5291 5141 5299 5226 4787 4337 4680 4947 5304 5467 4810 5123 5175 5541 5121 4956 5184 5631 4837 5373 5580 5235 5087 5473 4968 5360 5685 5071 5156 5442 5217 4947 5149 5029 5206 5421 4772 5337 5104 4993 5562 5570 5173 5380 4536 5452 5149 5387 4947 5320 5247 5271 5425 5125 4942 5050 5231 5229 4852 5542 4745 5430 5573 4971 5138 4934 5237 5307 5596 5185 5297 5671 4882 5038 4922 5279 4996 4825 5251 5074 4989 5388 4762 4959 5202 4872 5287 5280 5392 4965 5163 5033 5320 5434 5200 5286 5298 5373 5210 4892 5016 5367 5284 4734 4972 5067 5333 5075 5212 5225 5326 5097 4986 5090 5261 4985 5334 5021 4712 4786 4714 4746 4858 5056 5743 5044 4914 4812 5363 4877 5130 4960 5268 5281 5103 5034 5456 5446 5786 5297 5487 5191 5329 5096 4977 4869 5232 4863 5053 5903 4900 5187 4873 4990 5133 5113 5062 5393 5108 5212 5427 4851 5265 4906 5248 5362 5178 4775 5055 5138 5347 5028 5195 4707 5027 5045
5433 5824 5080 5544 5832 5444 5345 5819 5236 5032 5539 5744 5510 5757 5429 5247 5057 4987 5584 5279 5185 5366 5650 5685 5478 5280 5762 5227 5448 5283 5406 5445 5797 5517 5446 5231 5337 5565 5794 5878 5584 5248 5611 5028 5330 5832 5334 5650 5291 5269 5361 5414 5222 5360 5834 5036 5402 5280 5784 5575 5169 5739 5526 5355 5060 5697 5971 5744 5547 5302 5299 5072 5156 5326 4933 5576 5247 5407 5725 4964 5324 5418 5236 5232 5399 5102 5817 5680 5077 5847 5744 5168 5055 5472 4998 5505 5738 5348 5153 5295 5393 5471 5346 5118 5438 5559 5478 5666 5630 5686 5310 5619 5713 5755 5203 5237 5510 5095 5290 5830 5448 5404 5497 5140 5478 5431 5492 5567 4853 4665 5100 5304 5675 5683 5082 5354 5595 6061 5332 5238 5408 5664 5155 5596 5627 5239 5070 5888 5327 5934 5555 5180 5714 5712 5576 5361 5468 5094 5589 5883 5219 5616 5224 5270 5896 5629 5487 5849 4734 5654 5662 5341 5349 5480 5767 5521 5417 5218 5356 5636 5142 5501 5521 5643 4989 5540 5812 5232 5691 5375 5701 5625 5663 5419 5939 6072 5271 5359 5554 5445 5425 5103 5279 5119 5729 5677 4976 5174 5374 4829 5418 5426 5396 5120 5593 5245 5271 5495 5449 5535 5524 5932 5203 5201 5330 5228 5696 5509 5336 5411 5732 5563 5463 5173 5706 5273 5524 5505 5535 5128 5847 5106 5038 4935 5352 5238 5189 5320 5770 5195 4883 5217 5624 4950 5278 5162 5170 5214 5377 5218 5622 5664 5812 5481 5569 5719 5439 5289 5254 5326 5358 5196 5381 6124 5051 5434 5205 5554 4971 5412 5289 5401 5436 5620 5632 5160 5686 5304 5397 5613 5540 5010 5599 5562 5629 5494 5230 5299 5291 5560
5076 5036 4906 4937 5445 5188 5304 5399 4902 4998 5311 5151 5139 5330 5122 5079 4842 4954 5057 5108 4899 5563 5486 5179 5353 4764 5506 5005 5350 5027 5267 5178 5461 5284 5030 5018 5216 5024 5180 5450 5220 4781 5356 4580 4878 5362 4614 5265 5389 4878 5039 5020 4915 5342 5196 4772 5123 4888 5425 5076 4829 5160 4903 4766 5019 5410 5389 5054 5239 4767 4820 4678 4530 4935 4517 5247 5253 5091 5118 4757 5072 5301 4817 5115 5187 5008 5367 4896 4957 5485 5408 5041 4990 5433 4801 4803 5271 5236 4851 4799 5018 5233 5150 4855 5028 5242 5121 5580 5466 5649 4724 5100 5160 5354 5054 5248 5273 4998 4928 5559 4724 5245 5069 4964 5129 5308 5268 5283 4949 4142 5034 5009 5253 5010 4783 5242 4992 5680 5008 5001 5109 5337 4858 5513 5386 5259 4925 5347 5261 5509 5195 5227 5508 5248 5104 5055 5418 5029 5037 5530 5041 5257 4848 5144 5144 5334 4984 5255 4648 5118 5229 5030 4583 5369 5235 4932 5262 4822 4939 5251 4961 5301 5115 5134 4596 5071 5137 5159 5508 4986 5184 5417 5716 5134 5546 5584 4817 5201 5028 4919 4794 4810 5183 4733 5510 5364 4436 4907 5023 4641 5080 5163 5144 4834 4913 5058 4886 4915 5313 5099 5587 5309 5061 5045 5054 5108 4968 4828 4998 5301 5518 5162 5393 5151 5618 4963 5009 5068 5121 5275 5161 5217 4763 4806 4683 4586 5096 5206 5276 4786 4557 4970 5266 4468 4840 4651 5134 4682 5354 4916 5422 5382 5772 5334 5215 5291 4942 5038 5017 5081 5070 4689 4939 5626 5117 5322 5028 4994 4930 4790 4726 5081 5205 4807 5451 4879 5139 4827 5259 5223 5005 4726 5051 5194 5138 5054 5218 4932 5060 5310
5708 5845 5190 5278 5696 5591 5081 5783 5713 5097 5511 5749 5672 5578 5498 5579 4974 5128 5505 5659 5400 5554 6026 5868 5285 5196 5471 5520 5643 5560 5331 5448 5816 5731 5541 5192 5359 5441 5474 5511 5661 5087 5678 4987 5369 5827 5511 5914 5518 5504 5309 5295 5339 5321 5673 5006 5353 5202 5641 5491 5209 5832 5538 5276 5110 5953 6000 5501 5673 5177 5281 5002 5097 5281 4864 5677 5400 5383 5704 4848 5297 5767 5301 5472 5331 5265 5791 5824 5211 5702 5780 5275 5121 5812 5367 5584 5670 5505 5500 5387 5215 5918 5633 5340 5483 5640 5685 5766 5860 5831 5314 5561 5733 5533 5549 5766 5792 5003 5683 5892 5195 5585 5722 5335 5441 5248 5504 5516 5033 4678 5092 5564 5816 5695 5345 5464 5403 5884 5569 5343 5245 6046 5278 5539 5562 5352 5577 6114 5427 5816 5656 5620 5754 5550 5495 5340 5653 5348 5644 6103 5324 5593 5545 5549 5657 5841 5602 5866 4999 5589 5401 5757 5224 5711 5479 5506 5570 5086 5487 5670 5308 5468 5317 5738 4760 5887 5845 5341 5818 5560 5501 5711 5745 5314 6073 6117 5146 5708 5426 5684 4968 5223 5337 5403 5684 6025 5012 5139 5637 5150 5601 5901 5578 5087 5573 5791 5285 5658 5507 5714 5484 5927 5233 5346 5446 5634 5684 5735 5094 5546 5768 5749 5671 5353 5545 5052 5493 5503 5609 5428 5466 5161 5168 4774 4971 5191 5300 5296 5694 5054 5058 5452 5925 5244 5165 5203 5569 5376 5998 5216 5379 5618 5708 5643 5443 5758 5422 5459 5225 5343 5462 4981 4995 6118 5085 5441 5188 5039 5389 5493 5360 5384 5324 5769 5678 5545 5517 5336 5651 5833 5498 5073 5470 5436 5712 5373 5639 5343 5122 5535
5321 5580 5179 5236 5462 5449 5195 5759 5354 5199 5279 5359 5574 5819 5280 5380 5204 5146 5379 5504 5388 5451 5591 5560 5583 5063 5727 5497 5592 5406 5503 5067 5757 5472 5314 5317 5429 5490 5671 5683 5468 5226 5674 5032 5198 5435 5192 5896 5523 5210 5294 5042 5110 5354 5740 5019 5305 5424 5545 5445 5156 5853 5277 5156 5063 5790 6001 5543 5252 5300 5342 4914 5016 5085 5054 5585 5410 5086 5437 5117 5197 5193 5156 5411 5208 5070 5744 5619 5168 5787 5924 5336 5264 5418 4827 5089 5542 5406 5230 5301 4846 5584 5399 5275 5473 5403 5642 5545 5531 5810 5204 5396 5460 5558 5293 5536 5609 4984 5379 5849 5110 5450 5619 5306 5367 5415 5246 5520 4980 4736 5159 5329 5709 5700 5241 5474 5151 5582 5219 5322 5385 5973 5059 5659 5555 5223 5169 5823 5266 5787 5536 5527 5524 5656 5465 5307 5606 5073 5443 6014 5504 5388 5396 5233 5532 5559 5329 5612 4886 5658 5354 5544 4951 5438 5565 5387 5677 5254 5181 5662 5532 5458 5176 5505 4746 5431 5467 5164 5632 5425 5534 5713 5559 5202 5889 5958 5172 5526 5409 5672 5234 5153 5495 5018 5589 5841 4709 5017 5398 5237 5332 5743 5597 4945 5350 5047 5108 5457 5382 5606 5621 5797 5298 5381 5586 5505 5460 5343 5213 5649 5775 5315 5442 5159 5836 5182 5419 5356 5319 5283 5595 5289 4995 5107 5012 5180 5187 5271 5383 5086 4937 5258 5626 4862 5341 5067 5356 5321 5588 5094 5407 5549 5774 5443 5536 5639 5256 5523 5086 5331 5086 4942 5294 5707 5079 5410 5376 5363 5006 5283 5025 5375 5441 5559 5915 5205 5630 5259 5471 5519 5474 5243 5388 5471 5570 5140 5716 5244 5365 5601
5673 5656 5285 5405 5865 5292 5519 5783 5601 5213 5578 5626 5240 5876 5592 5329 5001 4849 5629 5372 5341 5675 6151 5686 5677 5403 5715 5337 5687 5628 5381 5443 5668 5599 5364 5289 5377 5772 5760 5653 5597 5219 5501 4947 5474 5880 5431 5707 5529 5581 5387 5219 5337 5522 5668 4889 5326 5203 6259 5482 5120 5504 5454 5099 5259 5919 5999 5366 5843 5339 5299 4997 4959 5366 5120 5579 5396 5204 5709 4692 5523 5428 5390 5317 5563 5310 6018 5779 5052 5259 5801 5315 5219 5210 5143 5614 5731 5551 5228 5631 5389 5623 5690 5389 5682 5592 5594 5704 5699 5773 5466 5626 5878 5551 5583 5684 5642 5027 5709 5651 5503 5809 5632 5256 5627 5635 5686 5673 4975 4762 5367 5299 5558 5627 5324 5403 5638 5891 5197 5622 5234 5841 5299 5822 5744 5334 5232 5734 5389 5879 5274 5648 5700 5373 5330 5569 5722 5234 5554 5856 5253 5511 5354 5397 5796 5926 5516 5537 5112 5846 5592 5641 5289 5572 5672 5243 5444 5379 5142 5460 5414 5551 5325 5692 4889 5653 5571 5568 5623 5433 5580 5768 5912 5559 6024 5914 5262 5441 5484 5589 5259 5385 5401 5422 5595 5646 4974 5337 5341 5151 5353 5708 6012 5133 5469 5601 5562 5530 5772 5572 5785 5786 5438 5492 5312 5498 5611 5259 5462 5722 5796 5594 5361 5483 5696 5324 5435 5501 5706 5574 5500 5440 4931 4963 5003 5171 5290 5200 5617 5345 4971 5505 5662 4950 5173 5107 5491 5235 5802 5137 5715 5689 6108 5607 5666 5569 5803 5597 5275 5581 5635 5003 5456 5918 5169 5437 5282 5329 5350 5336 5251 5599 5289 5657 5665 5296 5666 5560 5427 5536 5110 5170 5261 5629 5607 5429 5401 5370 5371 5571
5335 5292 4958 5350 5534 5330 5107 5848 5137 5197 5340 5382 5179 5592 5207 5242 5044 4926 5158 5205 5032 5206 5875 5404 5140 4917 5325 5169 5612 5400 5182 5412 5649 5434 5255 5230 5140 5039 5543 5325 5315 5028 5573 4960 5203 5555 5217 5446 5439 5366 5314 5161 5399 5433 5587 4720 5123 5068 5640 5349 4913 5498 5166 4966 4973 5648 5857 5260 5441 5137 5038 4995 5019 4961 4819 5218 5266 5220 5408 4681 5187 5275 5317 5195 5239 4976 5535 5605 5040 5598 5471 5127 5037 5407 4946 5443 5532 5230 5099 5125 5102 5626 5375 5252 5254 5386 5495 5557 5668 5614 5139 5043 5506 5525 5654 5179 5425 5011 5433 5654 4978 5470 5764 5281 5171 5320 5484 5461 4836 4243 5155 5134 5269 5402 4972 5404 5448 5850 5167 5356 5394 5592 4924 5571 5584 5122 5148 5502 5278 5584 5297 5300 5409 5374 5351 5138 5483 5118 5206 5728 4945 5417 5231 5499 5232 5656 5265 5471 4884 5460 5323 5439 5304 5354 5329 5204 5569 5143 5048 5205 5376 5541 5227 5515 5017 5198 5667 5232 5385 5359 5543 5229 5832 5374 5618 5842 4870 5586 5320 5410 5210 5134 5219 5123 5384 5573 5235 4960 5293 4985 5315 5319 5481 4862 5448 5288 5185 5507 5493 5266 5371 5806 5360 5392 5330 5304 5436 5315 5187 5733 5565 5330 5376 5146 5541 5276 5167 5561 5554 5299 5283 5180 4983 4731 4978 5063 5442 4921 5682 4787 4758 5299 5707 4898 5075 4983 5491 5015 5425 5201 5596 5610 5146 5587 5467 5457 5316 5489 5008 5114 5354 5024 4783 6084 5178 5490 5163 5512 5020 5260 5326 5253 5161 5452 5679 5220 5266 5044 5285 5238 5316 4903 5241 5443 5330 5167 5416 5289 5050 5453
5961 5968 5287 5365 5815 5654 5575 6077 5473 5144 5675 5730 5383 5919 5676 5509 5320 5285 5792 5593 5196 5581 6053 5739 5323 5495 6009 5498 5863 5418 5533 5634 5753 5797 5792 5438 5435 5374 5784 5808 5650 5334 5931 5264 5561 5605 5476 5867 5782 5480 5788 5419 5339 5630 5816 5061 5560 5498 5972 5676 5137 5973 5510 5487 5406 6019 5865 5819 5561 5665 5451 5139 5132 5360 5156 5801 5386 5562 5536 5245 5468 5476 5395 5679 5430 5768 6078 5838 5676 5968 6132 5461 5604 5890 5412 5497 5971 5527 5340 5206 5235 6183 5882 5506 5696 5403 5923 6103 5665 5755 5470 5764 5998 5788 5771 5827 5957 5202 5901 6077 5277 5943 5902 5241 5718 5805 5725 5485 5550 4736 5172 5256 5569 5847 5553 5468 5698 5996 5528 5552 5657 5867 5335 5978 5887 5381 5568 5897 5806 5904 5721 5813 5766 5839 5615 5383 5754 5549 5261 6164 5423 5641 5436 5569 5733 5728 5349 5928 4987 5989 5791 5875 5169 5422 5846 5662 5678 5853 5539 5692 5610 5713 5318 5591 5031 5505 6130 5445 6062 5275 5999 5782 6007 5289 5970 6080 5260 5661 5693 5830 5551 5568 5715 5411 5809 5911 5208 5556 5511 5083 5683 5658 5665 5185 5408 5676 5630 5711 5763 5754 5746 6098 5519 5722 5487 5625 5796 5447 5505 5739 6288 5623 5641 5586 5902 5306 5310 5341 5746 5683 5711 5498 5367 5299 5223 5251 5352 5522 5840 5241 5148 5344 5857 5156 5499 5151 5745 5539 5739 5592 6021 5876 5948 5758 5755 5771 5714 5709 5214 5577 5416 5286 5557 6356 5452 5677 5252 5420 5547 5465 5458 5495 5756 5608 5841 6003 5803 5475 6000 5761 5568 5309 5597 5634 5499 5503 5512 5554 5409 5565
5331 5210 4960 4987 5214 5154 5087 5403 4782 4861 5183 5323 5100 5452 4825 5020 4629 5084 5112 4946 5120 5018 5418 5270 5005 4956 5109 5010 5169 5027 5242 5157 5030 5171 5505 4998 4737 4968 4997 5295 5042 4676 5413 4713 5166 5239 4874 5250 5303 5349 5104 4964 4873 5199 5454 4537 4950 4900 5448 4937 4873 5285 4641 4906 4831 5302 5554 5310 4954 4919 4824 4587 4563 4931 4735 5152 5019 4834 5031 4861 4946 5273 4974 5104 5039 4992 5327 5018 4964 5415 5395 4975 4969 5466 4968 5020 5337 4925 4923 4795 4992 5463 5236 4754 5129 5248 5307 5578 5463 5284 4924 5178 5320 5421 4848 5090 5089 4902 4956 5358 4881 5060 5270 4723 5055 5092 5150 5274 4485 4228 4760 5112 5126 5221 4944 5278 5333 5486 4949 5206 5142 5197 4860 5392 5345 4889 4766 5301 5285 5551 5143 5075 5138 5116 5220 4761 5098 4613 5164 5694 4765 5100 4872 5009 5526 5388 5056 5403 4557 5426 5360 5166 4804 5032 5135 5380 4990 5009 5206 5046 5237 5026 4786 5311 4857 5326 5258 5151 5473 4996 5186 5147 5468 4865 5246 5614 5129 4961 5311 5176 5019 5045 5187 4800 5249 5398 4710 4962 5186 4581 5057 5182 5012 4639 4969 5105 4986 5265 5172 5273 5161 5416 5422 5136 4816 5437 5257 5052 4945 5216 5574 5079 5259 4968 5412 4886 4917 5264 5193 4936 5233 5060 4754 4666 4898 4776 4986 4889 5280 5015 4811 4794 5238 4428 5001 4744 4932 4995 5336 5043 5362 5308 5514 4896 5378 4967 5169 5355 4732 5181 4973 4636 4967 5371 4741 5404 4808 5058 4973 4799 4787 5191 5094 5059 5194 5277 4921 4803 5230 5171 4915 4903 5093 5166 5026 4845 4870 4771 5026 5481
5421 5355 5230 5342 5588 5308 5496 5687 5186 5152 5555 5305 5364 5661 5496 5218 4974 5181 5278 5455 5036 5599 5580 5649 5276 5374 5889 5135 5573 5179 5298 5393 5777 5345 5322 5203 5567 5338 5544 5658 5439 5221 5793 4857 5311 5696 4996 5577 5266 5369 5029 5193 5132 5470 5539 4851 5296 5251 5668 5706 4922 5528 5249 5238 5224 5707 5792 5617 5546 5150 5243 4879 5124 5101 4726 5756 5411 5189 5291 5025 5331 5369 4965 5494 5328 5261 5718 5490 5241 5555 5595 5062 5180 5643 5005 5062 5484 5211 4997 5203 5190 5731 5417 5308 5285 5612 5402 5801 5600 5675 5178 5449 5578 5783 5342 5513 5846 5107 5466 5792 5193 5561 5492 5226 5418 5428 5503 5724 4800 4442 5103 5255 5766 5572 5252 5296 5265 6094 5347 5276 5485 5569 5333 5816 5540 5318 5194 5808 5384 5659 5576 5551 5395 5577 5577 5442 5375 5255 5227 5675 5398 5337 5473 5276 5401 5719 5231 5675 4672 5305 5481 5609 5155 5460 5548 5416 5534 5320 5426 5424 5528 5289 5174 5449 4783 5285 5634 5228 5570 5300 5394 5608 5821 5271 5954 5679 4933 5727 5316 5452 5292 5205 5557 5040 5845 5448 5006 5126 5106 5246 5462 5471 5756 5001 5132 5340 5269 5380 5545 5530 5623 5779 5318 5360 5336 5307 5482 5273 5324 5310 6015 5485 5546 5119 5872 5131 5092 5548 5370 5500 5294 5294 4992 5102 4915 5172 5252 5090 5610 4853 4898 5033 5716 4947 5282 5088 5322 5107 5409 5345 5814 5747 5757 5607 5406 5704 5162 5467 5226 5515 5344 4977 5250 6116 5244 5367 5124 5218 5096 5155 5068 5283 5376 5217 5456 5213 5302 5124 5412 5533 5557 4995 5400 5613 5404 5530 5252 5121 5204 5563
5168 4824 4526 4886 4984 4590 4594 4851 4656 4667 4741 4998 4873 5166 4909 4743 4506 4364 4915 4513 4688 4763 5065 4965 4718 4775 5174 4682 5103 4798 4855 4767 5051 4875 4736 4601 4871 4737 4958 4983 4865 4744 4977 4424 4842 5163 4798 5069 4663 4906 4773 4838 4562 5236 4988 4465 4603 4750 5267 4979 4459 4797 4704 4518 4688 5186 5349 4918 5080 4610 4592 4594 4371 4632 4560 4880 4705 4707 4982 4145 4865 4589 4581 4916 4718 4517 5235 4851 4510 5015 5023 4620 4622 4843 4579 4722 4756 4839 4478 4526 4639 4906 4941 4655 4840 4907 4948 5235 4871 5033 4760 4890 5089 4909 4796 4727 4897 4689 5105 4871 4495 4865 5180 4726 4909 4942 4978 4876 4394 3992 4614 4838 4911 4967 4638 4802 4821 5365 4671 4847 4938 4977 4928 4995 5251 4447 4653 5223 4955 5235 4961 5046 5052 4634 4668 4786 4916 4557 5054 5211 4633 4876 4862 4814 5226 5178 4888 4994 4421 5044 4977 4921 4654 4935 5000 4853 4962 4902 4726 5041 4950 4858 4532 5335 4466 5004 5189 4843 5021 4807 4813 4994 5600 4774 5166 5349 4548 4975 4908 4731 4626 4740 4894 4873 4798 5017 4359 4805 4818 4611 5106 5049 5103 4630 4831 4809 4742 4842 5139 4881 4773 5125 4844 4673 4889 4768 4856 4608 4738 4888 4869 4859 4760 4700 5096 4517 4588 4796 4903 4913 4888 4609 4614 4477 4531 4707 4757 4684 5139 4412 4507 4878 5161 4533 4690 4623 4826 4699 4980 4596 4787 5226 5288 4851 4970 4656 4805 4750 4446 4913 4805 4486 4842 5317 4719 4913 4672 4847 4570 4929 4546 4565 4545 5177 5137 4666 4902 4776 5097 4812 4645 4608 4672 4784 4942 4832 4747 4852 4529 4981
5377 5215 5104 5041 5238 5043 4978 5546 5242 4720 5347 5292 5205 5248 4952 5050 4696 4859 5171 5155 4972 5214 5540 5497 5357 5108 5359 5033 5528 5239 5373 5310 5308 5571 5120 4864 5036 4934 5085 5083 5334 4969 5347 4589 5198 5368 4985 5603 5312 5138 5064 5024 4979 5263 5310 4638 5007 5106 5536 5111 4691 5487 4876 5089 5073 5244 5638 5008 5225 4708 4957 4992 4512 4877 4657 5211 5041 4998 5255 4802 5182 5411 5119 5139 5178 4891 5359 5289 4906 5480 5430 5229 5117 5345 4991 5318 5152 5108 5038 5168 5121 5732 5559 4796 5315 5385 5491 5655 5317 5573 5354 5323 5418 5298 5149 5397 5349 4823 5205 5381 4966 5020 5302 5026 5295 5332 5262 5433 4934 4470 4810 5143 5374 5448 4959 5030 5237 5917 5069 5034 5217 5357 5028 5434 5374 4957 4836 5459 5456 5534 5126 5339 5211 5063 5256 5055 5124 4901 4997 5633 4916 5310 5271 5036 5431 5579 5323 5328 4634 5465 5251 5242 5080 5001 5368 5227 5323 4992 5030 5312 5129 5260 4780 5418 4924 5235 5543 5081 5389 4973 5308 5385 5575 5039 5429 5672 4895 5267 4995 5242 5215 4784 5161 5039 5292 5354 4980 5019 5402 4887 5164 5496 5340 4791 5411 5058 4784 5138 5360 5300 5324 5325 5345 4960 5297 5263 5096 5019 5112 5339 5601 5114 5156 4896 5360 5057 5278 5254 5264 5212 5113 4882 4985 4682 4917 4847 5075 4892 5584 4641 4657 5036 5562 4534 4916 4739 5362 5163 5418 4944 5318 5693 5356 5405 5314 5026 5109 5119 4844 5155 4892 4654 5129 5750 4889 5365 4841 5031 5015 4975 5114 5090 5254 5475 5310 5193 5194 4899 5305 5197 5189 4841 5012 5203 5174 5069 5165 5076 4863 5388
5271 5325 4609 5207 5513 5342 4933 5655 5302 4841 5375 5419 5182 5714 5254 5101 4607 4886 5358 5178 5066 5531 5421 5457 5307 4866 5284 5084 5226 5131 5460 5320 5496 5254 5231 4974 5108 5062 5262 5301 5066 4758 5293 4917 5053 5344 5109 5407 5147 5190 5355 4964 4813 5390 5430 4564 5098 5008 5459 5306 4873 5293 5190 5066 4984 5560 5523 5416 5182 5029 5032 4804 4891 4903 4668 5010 5290 5224 5149 4787 5333 5236 4999 5334 5096 4980 5570 5324 4930 5385 5515 5013 4898 5450 5023 5257 5468 5394 5186 5049 5045 5106 5182 5093 5188 5368 5383 5433 5521 5520 5069 5252 5483 5257 5192 5334 5511 4988 5314 5633 4847 5524 5368 5046 5464 5576 5420 5318 4887 4361 4951 5090 5404 5448 5087 5030 5357 5742 5122 5122 5344 5171 4942 5487 5460 5006 5327 5335 5279 5426 5169 5341 5392 5431 5161 5224 5480 4864 5022 5618 5025 5352 4878 5205 5498 5366 5109 5511 4852 5294 5506 5500 4871 5367 5394 5221 5458 4772 5040 5089 5049 5434 4585 5339 4801 5293 5537 4991 5545 5144 5249 5315 5514 5271 5501 5643 4969 5147 5090 5086 4887 4956 5258 5023 5321 5404 4899 5079 5210 4924 5419 5197 5426 4792 5084 5094 4975 5492 5275 5227 5241 5617 5258 5435 4847 5462 5111 5236 5101 5264 5514 5293 5116 5169 5413 5103 5075 4953 5199 5224 5183 5168 4769 4798 4812 4890 5227 5328 5367 4693 4742 4930 5510 4836 4985 5044 5282 5081 5242 5077 5354 5455 5387 5377 5381 5456 5220 5141 5117 4989 5059 4790 5145 5731 5138 5245 5054 5210 5121 5065 4971 5357 5253 5229 5219 5065 5481 4867 5494 5469 5327 4912 5181 5297 5214 5057 5459 5228 4934 5333
5274 5535 4782 5115 5440 5457 5008 5482 5241 5060 5435 5157 5450 5488 5001 5464 5042 5089 5358 5535 5175 5494 5576 5269 5291 4918 5351 5058 5413 5235 5368 5289 5533 5273 5377 5055 5245 5367 5417 5360 5391 5033 5469 4909 5177 5375 5392 5480 5465 5185 5199 5137 5124 5544 5716 4802 4853 5210 5602 5226 4961 5419 5191 5133 5000 5535 5714 5493 5356 4992 5025 4840 5023 4965 4562 5313 5142 5089 5342 5083 5104 5874 5025 5328 5032 5036 5514 5440 4930 5535 5558 5045 4872 5349 5210 5291 5475 5424 5117 5328 5122 5388 5417 5294 5253 5397 5485 5151 5504 5525 5255 5225 5427 5568 5009 5423 5697 4993 5378 5324 5220 5195 5453 5028 5262 5496 5495 5335 4785 4461 5016 5265 5377 5702 5184 5452 5400 5712 5123 5216 4970 5426 5166 5669 5549 5351 5042 5649 5150 5679 5425 5419 5491 5482 5122 4988 5308 5202 5354 5792 5141 5271 5114 5259 5433 5430 5375 5756 5141 5381 5553 5377 4941 5252 5285 5497 5099 4993 5178 5287 5225 5384 5016 5377 4715 5416 5652 4856 5651 5156 5442 5246 5724 5177 5803 5483 5116 5562 5301 5240 5277 4943 5213 4797 5603 5761 4952 5041 5339 4921 5280 5559 5464 4901 5362 5214 4882 5551 5180 5648 5396 5679 5164 5368 5067 5518 5561 5367 4970 4999 5521 5356 5209 5122 5461 4781 5034 5511 5428 5202 5197 5176 5025 4747 5032 4777 5194 5294 5465 4938 4748 5066 5620 4970 5179 5060 5246 5176 5534 5054 5416 5406 5400 5279 5353 5241 5099 5077 5096 5257 4967 4883 4935 5761 4937 5353 4989 5293 4977 5072 5116 5280 5351 5338 5275 5246 5559 5098 5215 5536 5531 5060 5475 5145 5500 5335 5204 5263 4982 5529
5458 5796 5252 5641 5531 5462 5334 5754 5384 4925 5518 5773 5623 5806 5659 5522 5143 5389 5745 5643 5275 5695 5998 5655 5407 5409 5795 5490 5494 5682 5279 5600 5468 5606 5522 5429 5258 5525 5736 5652 5674 5487 5858 5032 5306 5569 5319 5715 5750 5497 5540 5324 5298 5632 5552 4941 5193 5227 5687 5525 4937 5783 5236 5497 5352 5860 6047 5482 5538 5316 5239 5028 5203 5310 4994 5581 5407 5117 5462 5315 5265 5499 5231 5486 5352 5027 5970 5731 5160 5788 5879 5507 5250 5894 5380 5592 5716 5497 5320 5555 5382 5899 5790 5114 5664 5612 5742 5952 5717 5593 5318 5561 5734 5485 5388 5497 6062 4986 5858 5765 5437 5560 5447 4939 5764 5612 5588 5744 5146 4622 5160 5286 5635 5685 5336 5445 5680 6062 5222 5396 5483 5887 5185 5770 5915 5517 5518 6051 5712 5902 5525 5822 5528 5269 5821 5256 5415 5305 5536 5910 5436 5589 5437 5323 5560 5822 5208 6087 5002 5868 5799 5581 5222 5514 5736 5526 5536 5363 5842 5663 5592 5485 5440 5747 5002 5596 6043 5440 5968 5185 5643 5635 6032 5396 5878 5887 5163 5780 5598 5803 5266 5298 5444 5186 5752 5787 4843 5353 5456 5213 5443 5694 5562 5222 5454 5423 5433 5610 5702 5457 5851 5883 5693 5307 5340 5670 5774 5522 5278 5320 5901 5587 5427 5192 5752 5360 5311 5444 5349 5413 5598 5285 5225 5206 5183 5288 5443 5405 5524 5053 5041 5291 5869 4995 5468 5034 5661 5490 5826 5467 5704 5796 5755 5679 5581 5557 5260 5487 5118 5734 5230 4901 5167 6123 5276 5683 5286 5289 5245 5520 5129 5650 5593 5535 5519 5715 5648 5240 5444 5519 5556 5028 5591 5658 5746 5401 5709 5248 5214 5843
5428 5526 4909 5227 5518 5362 5078 5515 5149 4656 5210 5263 5178 5285 5265 5294 4738 4827 5346 5307 5120 5265 5607 5456 5233 5099 5238 5083 5407 5259 5026 5177 5591 5343 5491 4984 5155 5278 5389 5413 5269 5111 5348 4959 5142 5359 5109 5408 5416 5306 5425 4889 4978 5476 5294 4797 5149 4787 5434 5592 4645 5526 5060 5012 4949 5457 5695 5370 5120 4984 5055 4891 4701 4808 4571 5545 5220 5037 5290 4787 5202 5387 5023 5353 5149 5151 5545 5447 4829 5664 5399 5175 5112 5396 4979 5350 5523 4985 4790 4907 5224 5467 5555 4898 5355 5213 5305 5415 5673 5289 5350 5153 5551 5467 5169 5294 5612 4661 5447 5504 5196 5498 5254 5064 5542 5398 5406 5496 4654 4304 4903 5076 5127 5192 5183 5254 5337 5827 5066 5192 5172 5307 4715 5456 5249 5074 4924 5407 5115 5554 5197 5273 5271 5143 5326 4860 5356 4892 4947 5720 4951 5168 5073 5125 5375 5517 5023 5499 4859 5339 5447 5123 5172 5068 5318 5185 5215 4977 5108 5417 5373 5301 4909 5693 4757 5250 5414 5180 5370 5034 5408 5219 5556 4877 5479 5769 5270 5433 5127 5280 4978 5077 5091 4977 5266 5454 4667 5191 5067 4812 4921 5507 5620 4916 5178 5230 5101 5495 5111 5270 5572 5538 5063 5153 4969 5728 5434 5247 5037 5431 5619 5431 5435 5173 5411 5137 5128 5243 5260 5330 5128 5378 4757 5131 4953 4837 5179 5239 5469 4977 4829 5091 5473 4665 5070 5062 5389 5284 5622 5130 5596 5577 5720 5201 5314 5491 5262 5467 4872 5067 5251 4739 4934 5579 4979 5456 5147 5093 5042 5235 5119 5348 5182 5204 5258 5222 5303 5213 5263 5074 5256 4771 5147 5157 5588 5209 5188 5024 4842 5330
5644 5855 5059 5640 5480 5419 5436 5837 5716 5186 5690 5501 5526 5918 5105 5620 4915 5165 5702 5404 5278 5689 5955 5838 5263 5297 5712 5522 5503 5378 5390 5656 5813 5532 5611 5285 5340 5309 5581 5613 5618 5213 5654 4848 5383 5441 5449 5721 5602 5616 5606 5332 5319 5899 5881 5290 5076 5432 5893 5601 5102 5592 5599 5429 5343 5956 6100 5812 5390 5379 5401 5153 5069 5183 5140 5552 5488 5465 5490 4892 5675 5651 5454 5584 5433 5400 5739 5619 5497 5494 5755 5656 5113 5895 5247 5852 5686 5621 5304 5148 5404 5710 5634 5398 5784 5791 5481 5932 5940 5745 5523 5578 6092 5811 5379 5591 5768 5164 5610 5766 5335 5686 5534 5453 5463 5724 5737 5593 5180 4669 5201 5512 5678 5753 5678 5354 5611 6021 5387 5480 5689 5754 5113 5788 5488 5383 5350 5749 5607 5757 5527 5437 5713 5756 5533 5428 5259 5020 5341 5957 5216 5237 5567 5518 5560 5845 5623 5951 4984 5618 5724 5498 5280 5505 5700 5504 5597 5270 5430 5672 5522 5813 5379 5795 5159 5648 5715 5454 5746 5516 5624 5655 5890 5458 5656 6152 5276 5646 5888 5453 5182 5356 5489 5028 5713 5998 4991 5400 5514 5091 5432 5613 5797 5173 5591 5759 5328 5716 5496 5700 5699 5871 5365 5372 5329 5986 5645 5193 5334 5290 5935 5548 5664 5597 5876 4919 5418 5464 5785 5497 5734 5480 5154 5152 5154 5227 5290 5452 5587 4903 5062 5436 5691 5056 5127 5225 5592 5373 5762 5540 5779 5687 6122 5818 5661 5693 5541 5529 5127 5528 5342 5102 4980 5946 5261 5607 5151 5452 5283 5463 5302 5502 5571 5532 5908 5208 5825 5472 5494 5697 5432 5260 5453 5696 5769 5600 5786 5385 5105 5582
5336 5230 4790 5057 5353 5013 5094 5365 4956 4905 5259 5092 5293 5480 5013 5395 4691 4780 5112 5340 4889 5164 5187 5405 5270 4980 5454 5310 5449 5185 5294 5105 5405 5371 5428 5220 5127 5085 5302 5282 5272 4952 5169 4958 5260 5306 5152 5634 5506 5208 5192 5277 4869 5200 5566 4793 4936 4922 5386 5203 4553 5148 5220 5008 4995 5345 5501 5553 5152 4734 5071 4875 4880 5116 4554 5020 5055 4595 4975 4759 5173 5117 5066 5252 5351 4918 5279 5127 5067 5378 5414 5152 4920 5208 4676 5014 5418 5175 5109 4850 4933 5332 5070 4908 5084 5210 5020 5235 5434 5367 5240 5293 5448 5011 4929 5063 5390 4755 5284 5380 4966 5066 5322 5170 5214 5163 5528 5380 4565 4388 4816 5145 5306 5413 5050 5349 5195 5500 5114 5203 5172 5544 5299 5506 5358 5342 4995 5685 5253 5712 5228 5273 5424 5084 5234 4914 5097 5030 5109 5558 5061 5122 4873 5132 5317 5347 5260 5515 4503 5165 5023 5189 4759 5281 5396 5243 5103 4869 5051 5266 4988 5190 4700 5416 4792 5088 5385 4783 5515 5043 5129 5360 5608 4887 5599 5515 4983 5263 5238 5028 4977 5157 5422 4954 5128 5121 4879 4987 5004 4949 5107 5211 5184 4786 5103 5107 4930 5394 5148 5556 5455 5559 5072 5202 4909 5183 5374 5255 5102 5118 5533 5245 5085 5015 5317 4757 5221 5329 5172 5034 5428 5150 4888 4906 4916 5113 4956 4833 5243 4558 4822 4732 5496 4877 5191 4930 5277 4912 5151 5154 5008 5281 5456 5061 5516 5242 4878 5072 4664 5262 4984 4705 5043 5622 5016 5477 5078 5077 4891 5268 4906 5306 4921 5089 5365 4854 5453 4976 5451 5513 5316 4857 5291 5457 5377 5183 5096 4992 4860 5135
5236 5338 4913 4739 5344 5010 5006 5471 4873 5020 4969 5131 5004 5426 5057 4986 4857 4969 5093 5067 4721 5330 5458 5114 5265 4784 5172 5044 5609 4896 5116 5080 5282 5260 5144 5075 4846 5295 5160 5166 5257 4913 5192 4552 4890 5295 4894 5185 5395 4780 5092 4787 5004 5054 5403 4738 4850 4967 5543 5137 4629 5128 4831 4752 4691 5310 5534 5150 5071 4873 4841 4661 4779 4861 4685 5220 4881 5166 5288 4672 5088 5049 5038 5088 4790 4960 5550 5130 4695 5434 5559 5011 5053 5406 4682 4893 5245 5172 5203 5012 5046 5391 5281 4801 4964 4874 5180 5371 5306 5397 5165 5101 5413 5313 5082 5071 5299 4883 5244 5299 4966 5178 5166 4955 5370 5229 5284 5045 4701 4457 4981 4852 5307 5213 5041 4930 5043 5282 4664 5038 5012 5226 4774 5380 5430 5161 5110 5481 5306 5502 5108 5310 5340 5054 5003 5015 5275 4891 5265 5382 4905 4968 4996 4854 5417 5440 5114 5356 4626 5161 5421 5274 4723 5208 5114 5102 5079 5005 4847 5026 5083 5302 5001 5020 4592 5110 5108 5085 5262 4897 5172 5163 5492 4977 5362 5644 4888 5386 5128 5167 4983 5060 5220 4776 5462 5512 4817 4814 5041 4607 5031 5249 5253 4743 4948 5043 5072 5258 5105 5262 5342 5282 4861 5012 4993 4958 5164 5077 5181 5136 5490 5115 5198 4820 5183 4903 4843 4924 5002 5011 5158 5065 4829 4650 5011 4759 5029 4970 5293 4713 4623 4826 5209 4599 4927 4781 5296 5007 5108 4981 5282 4987 5536 5318 5372 5120 5186 5137 4964 5236 5007 4815 4924 5369 5031 5131 4909 5069 4877 5018 4840 4914 4979 5099 5337 5250 5428 4830 4935 5002 5223 4665 5134 5193 5190 5012 5182 4926 5118 5205
5180 5649 4825 4984 5351 5185 5258 5714 4882 4703 5169 5246 5319 5425 5069 5427 4506 5053 5216 5123 4829 5243 5394 5458 5178 4674 5357 5055 5349 5111 5224 5007 5390 5263 5176 4910 5026 5128 5323 5462 5186 4921 5315 4550 5090 5036 4894 5341 5008 5096 5178 5002 4909 5564 5277 4796 4858 4970 5544 4967 4672 5196 4788 4942 4806 5370 5520 5135 5116 5147 5109 4847 4646 4997 4604 5381 5172 5362 5327 5057 5391 5127 4987 5292 5110 5145 5480 5016 4751 5474 5332 5019 4936 5155 4878 5269 5361 4967 4886 4835 5047 5407 5353 4940 5303 5183 5197 5510 5404 5344 4991 5125 5422 5421 5189 5238 5579 4833 5148 5644 4946 5482 5166 5018 5056 5061 5229 5310 4643 4330 5041 5085 5344 5143 5218 4927 5140 5598 5003 5038 5081 5303 4998 5384 5351 5160 5168 5478 4982 5406 5222 5313 5189 5079 5230 5004 5162 4879 5146 5543 4914 5169 5141 5201 5380 5552 5114 5346 4537 5224 5471 5159 4931 5019 5111 5322 5328 4926 5023 5277 5248 5214 4835 5289 4743 5380 5285 5484 5154 4998 5257 5436 5561 5129 5484 5619 5047 5459 5114 5245 5125 4923 5101 4902 5249 5405 4668 4780 5061 4947 5072 5186 5255 4761 5107 5109 5030 5264 5204 5046 5087 5749 4927 5064 5002 5171 5279 5052 5119 5160 5576 5316 5211 5325 5467 5058 5154 5170 5209 5260 5302 4970 4718 4636 4925 5097 5231 5041 5277 5031 4815 4848 5195 4708 4988 4685 4938 5248 5406 4620 5377 5335 5219 5183 5381 5255 4953 5216 5004 5155 4871 4834 5141 5786 4977 5059 5069 4918 4966 4802 4727 5087 5019 4860 5490 5104 5354 4804 5118 5286 5127 4926 5079 5188 5130 5081 5220 5047 4978 5517
5095 5162 4721 5058 5180 4954 4967 5423 4604 4791 5103 5057 5001 5321 4899 5189 4613 4651 4967 4814 4888 4944 5437 5209 4853 4828 5276 4854 5121 4748 4941 5090 5129 4956 4940 4952 4875 4993 5039 5245 5370 4656 5165 4563 4911 5135 4848 4946 5031 5014 5042 4880 4806 5207 5413 4362 4663 5055 5480 5414 4440 5189 4798 4886 4719 5104 5531 5221 4944 4704 4612 4640 4763 4629 4270 4941 4830 4852 4859 4514 5032 5186 4889 5003 4904 4728 5105 5187 4711 5280 5255 4885 4844 5081 4741 4822 5051 5180 4859 4786 4908 5132 5131 4959 4942 4931 5068 5178 5185 5208 5196 5158 5318 5096 4908 5162 5340 4840 5244 5261 4505 5249 4956 4639 5013 5387 5114 5298 4430 4223 4929 4773 5207 5108 5052 4949 4927 5512 4692 5084 5088 4982 4795 5225 5219 4884 4878 5214 5070 5185 4962 5138 4919 4959 5213 4937 5104 4733 4964 5329 4938 4840 5073 4887 5415 5245 4849 5311 4631 4847 5217 4939 4723 4952 5129 4927 4925 4926 4897 4937 5038 5328 4696 5129 4445 5087 5296 4934 5296 4668 5301 5100 5656 4743 5421 5383 4876 5378 5201 5073 4917 4865 5093 4714 5374 5277 4760 4828 4796 4773 5172 5175 5207 4361 4911 4970 4870 5128 5279 5108 5085 5072 4864 5187 4772 5259 5078 4720 4935 5028 5400 4978 5035 4815 5395 4631 4738 5059 5253 5114 4931 4686 4638 4889 4525 4659 4945 4932 4915 4600 4530 4538 5165 4590 5137 4752 4793 4902 5145 4981 5003 5241 5224 5160 5142 5007 5214 4944 4909 4871 4660 4537 4606 5488 4702 5315 4684 4951 4814 4822 4905 4742 4978 5194 4849 4944 5149 4556 4919 4964 5021 4844 5213 5266 5267 4925 5104 4726 4807 5096
5070 5124 4465 4663 5063 5237 4742 5310 4836 4536 5012 5061 5003 5164 4583 4727 4422 4321 4987 4895 4476 4803 4967 5053 4764 4727 5052 4630 4981 4831 5001 4906 4807 4881 5074 4543 4621 4935 4901 4911 5083 4673 5067 4551 4576 5030 4500 5060 5030 4767 4759 4608 4640 4933 4989 4497 4593 4726 4929 4934 4607 5123 4663 4656 4444 5172 5245 5080 4961 4603 4716 4374 4545 4859 4319 5063 4687 4992 4865 4377 4903 4949 4759 5009 5056 4768 5082 4986 4668 5179 4991 4565 4486 4943 4653 5072 5012 4768 4233 4433 4657 5071 4938 4834 4689 4802 4952 5174 5273 5104 4474 5008 5086 5001 5151 4986 5099 4678 4838 5025 4634 5198 5062 4873 4954 4982 4971 5026 4517 4115 4623 4795 4882 5266 4767 5057 4714 5403 4999 4755 5010 4957 4687 5125 5273 4680 4743 5052 4885 5287 4923 5034 5048 4750 4977 4468 4868 4569 4631 5486 4518 4973 4586 4729 5089 4952 4776 4925 4480 5147 5112 4959 4746 4816 5060 4974 4998 4869 4543 5078 5015 4812 4732 4983 4508 5176 5269 4815 5113 4802 4948 4800 5259 4606 5123 5583 4687 4720 4822 4848 4725 4876 4846 4717 5019 5094 4673 4609 4641 4378 5004 4716 5137 4506 4736 4815 4819 4813 4844 4931 5004 5338 4889 4975 4961 5070 5110 4690 4633 4969 5451 4926 4904 4857 4946 4759 4717 4819 4727 4913 5168 4934 4625 4715 4807 4791 5013 4794 5188 4472 4462 4824 5077 4616 4666 4651 4813 4750 5060 4957 4948 5142 4996 5005 4953 5206 4777 4719 4548 4916 4806 4456 4763 5241 5019 4897 4665 4843 4574 4823 4672 4966 4933 4772 5278 4972 4893 4562 5053 5041 4833 4671 5010 5076 4974 4823 4818 4522 4622 5021
5049 4899 4481 4945 5014 4781 4755 4891 4870 4440 4849 4833 4951 5267 4928 4804 4398 4421 5144 4745 4665 4971 5128 4967 4955 4635 5205 4757 4936 4727 4935 4759 5162 4994 5065 4735 4932 4647 4881 5014 4820 4653 5141 4248 4562 4916 4722 4888 4896 4849 4926 4785 4920 4999 4921 4195 4584 4747 5223 4973 4590 5183 5061 4704 4653 5191 5545 4812 4973 4612 4626 4614 4337 4536 4612 5055 4939 4753 5019 4573 4921 4874 4859 4756 4985 4524 5257 4737 4802 4928 5112 4734 4721 4736 4924 4668 5016 4880 4789 4670 4731 4915 5015 4822 4986 4783 4921 5416 4887 4981 4507 5080 5112 4943 4672 5048 4957 4528 4931 4830 4728 4853 4907 4636 5063 4859 5012 4911 4522 4170 4672 4900 4887 5167 4533 4950 4802 5134 4700 5010 4936 5213 4537 5208 5161 4733 4883 5019 4993 5328 4730 4953 5363 4861 4777 4888 4995 4510 4815 5281 4652 4828 4904 4787 5157 5125 4717 5014 4670 5429 5037 4943 4676 4856 4901 5075 4738 4673 4558 4777 4789 4744 4416 5162 4424 4771 5044 4634 5001 4684 4950 5318 5255 4773 5045 5332 4617 4846 4825 4804 4784 4558 4757 4849 5008 5113 4338 4699 4936 4743 5041 5034 5262 4514 5084 4801 4816 4911 4993 4984 4884 5224 4886 4920 4879 5147 5080 4629 4726 4755 4971 4853 4793 5044 5186 4349 4841 4946 4936 4892 5052 4691 4285 4369 4627 4729 4902 4803 5048 4500 4725 4938 5147 4350 4486 4350 4877 4850 5126 4614 5088 5095 5222 4906 4874 4730 4877 4775 4765 4843 4734 4641 4788 5674 4638 4878 4536 4712 4683 4537 4630 4917 5054 4990 4958 4870 4944 4566 4852 4980 4965 4510 4701 5062 4965 4650 4972 4723 4720 4957
5097 5228 4818 4997 5010 4933 5006 5313 5072 4657 4978 4971 5019 5291 4668 5197 4804 4836 4862 5185 4766 5009 5528 5556 5132 4934 5272 4959 5248 4790 4808 5097 4888 5250 5112 5070 4643 4894 5316 5134 5315 4706 5146 4443 4790 5043 4821 5055 5313 4973 5162 4910 4644 4793 5196 4639 4594 4874 5278 4984 4689 5183 4880 4684 4822 5237 5453 5146 4992 4906 4672 4667 4869 4807 4449 5065 4842 4843 5005 4545 5034 5130 5040 5001 5065 4743 5341 5111 4580 5355 5256 5236 4850 5363 4636 4814 5473 4963 5007 4804 4845 5647 5226 4717 5081 5093 5169 5454 5082 5115 4747 5396 5461 5326 4791 5156 5142 4616 5265 5578 4933 5043 4993 4943 5159 5102 4876 5297 4450 4353 4800 4755 5204 5211 5048 5116 5218 5186 4835 4914 4931 5236 4646 5398 5026 4830 4620 5498 5192 5351 4995 5162 5191 4981 5151 4940 4988 5112 4594 5594 4973 4755 4909 5018 5264 5080 4906 5194 4582 5242 5142 5086 4633 5089 4993 5091 4953 4794 4749 4949 5020 5300 4889 5183 4517 4898 5395 5239 5295 5204 5163 5092 5411 4909 5290 5172 4701 5292 5189 5357 5262 4804 4975 4749 5212 5327 4689 4823 4813 4586 4941 5207 5366 5003 5051 4859 5276 5089 5302 5067 5140 5285 5175 4751 5052 5186 5234 5037 4786 4707 5522 4859 5196 4855 5310 4774 4983 5006 5196 4900 5156 4873 4652 4435 4885 4834 4864 4802 5429 4947 4296 4511 5239 4779 4833 4492 4925 4627 5120 5062 5217 5249 5486 5003 5245 5054 4923 5188 4718 5048 4859 4595 4720 5455 4975 5124 4736 4920 4596 4812 4829 4984 5060 4955 5202 5034 5000 4660 5051 4880 5161 4555 4983 5182 5198 4948 4890 4804 5025 5049
5081 5138 4810 4850 4950 4802 4935 5332 4915 4729 5066 4982 4989 5290 4871 5012 4516 4579 4858 5221 4616 5060 5367 4992 4904 4864 5036 4768 5191 4904 4788 5087 5258 4929 4984 4815 4900 5042 4896 5140 5243 4685 5011 4587 4890 5184 4663 5303 5038 5036 4983 4711 4882 5138 5529 4559 4963 5016 5236 4947 4636 5034 4669 4805 4825 5121 5506 5198 5046 4804 4870 4434 4487 4819 4445 5073 5195 4553 4988 4607 4765 5173 4829 4798 4854 5000 5607 5044 4669 5126 5304 4749 4743 5108 4812 4860 5353 4976 4727 4952 4971 5335 5230 4912 5104 5105 4821 4996 5109 5071 4902 4858 5424 5297 4536 4875 5259 4636 5068 5213 4945 5036 5036 4573 5010 5027 5137 5238 4424 4347 4641 4922 5082 4969 4963 4937 5088 5231 4612 4910 4783 5017 4699 5258 5242 4902 4788 5356 4781 5342 4937 5002 5108 4902 4748 4699 5282 4829 4913 5292 4711 4626 4800 4814 5015 5375 4764 5182 4736 4817 4955 5103 4854 4997 5007 4762 4975 4794 5008 5074 4915 4991 4741 5088 4450 4989 4982 4838 5075 4889 4818 5114 5336 4910 5318 5250 4668 5361 4928 5169 4912 4732 5190 4454 5033 5234 4592 4680 4909 4598 4928 5159 5187 4431 4764 4945 4638 5076 5014 5327 4979 5415 5158 4772 4705 5240 4815 4886 4900 5192 5304 5116 5008 4834 5068 4824 5051 5360 5209 5002 5169 4828 4418 4627 4635 4599 4782 4815 5002 4768 4344 4496 5313 4496 4880 4746 4912 5093 5072 4756 5323 5483 5093 5099 5441 5071 4929 4918 4617 4734 4833 4495 4741 5276 4940 5051 4749 4742 4953 4805 4770 4924 4972 5101 5086 4932 5262 4830 5089 4925 4802 4588 4933 5102 5221 5005 4868 4806 4567 5198
5178 5073 5050 4942 5329 5142 4879 5359 4947 4925 5413 5228 5138 5548 5049 5211 4673 5044 5123 5126 5050 5131 5386 5203 5235 5023 5213 5152 5478 5110 5195 5177 5558 5219 4977 4938 5074 5124 5291 5247 5275 4963 5110 4781 4980 5324 4729 5331 5305 5292 5083 5060 5004 5317 5327 4584 4992 5025 5296 5175 4594 5290 4837 5031 4673 5564 5493 5084 5256 5073 4745 4722 4863 4830 4828 5319 5145 5097 5131 4743 5226 5029 4794 5317 5201 4871 5375 5275 4708 5387 5400 4960 5145 5321 4845 5105 5303 5067 4823 5210 4699 5427 5216 4863 5156 5288 5135 5408 5534 5529 5208 5223 5513 4981 5354 5031 5551 4821 5108 5602 4914 5187 5330 5203 5365 5324 5441 5181 4792 4335 4918 5332 5133 5275 5052 5025 5293 5661 4969 5133 5001 5472 4968 5555 5415 5144 5053 5555 5188 5696 5114 5294 5389 5082 5224 4872 5265 4996 5221 5737 4856 5305 5178 5105 5356 5741 5024 5344 4827 5215 5296 5282 5026 5229 5360 5073 5360 5083 5096 5131 5355 5312 4787 5208 4748 5302 5175 4976 5328 5151 5288 5364 5523 5201 5313 5652 5062 5290 5248 5101 4934 4894 5083 4869 5372 5468 4946 4695 5164 4910 4866 5470 5235 4550 4997 5354 5038 5413 5230 5470 5242 5448 4931 5306 4972 5052 5079 4970 5101 5435 5334 5074 5252 5260 5297 5175 4954 4919 5278 5229 5091 5079 4959 4851 4829 4763 5013 4746 5316 4961 4912 5100 5216 4698 4775 4920 5209 5354 5045 5208 5330 5578 5118 5384 5515 5122 5236 5122 4801 5085 5097 4759 4837 5458 4613 5492 5112 5018 4990 4808 4939 5176 5116 5451 5419 5091 5279 4758 5293 5139 5050 5000 5266 5195 5377 5231 5004 5132 4879 5264
5304 5544 4984 5006 5225 5574 5110 5854 5127 4964 5294 5406 5099 5677 5268 5558 4779 4896 5330 5494 5168 5517 5700 5596 5331 5097 5776 5134 5329 5275 5507 5275 5412 5301 5260 5187 5157 5235 5643 5505 5509 5352 5441 4824 5196 5477 5384 5683 5510 5070 5366 5120 4856 5327 5750 4837 5120 5195 5820 5009 4987 5289 5187 5162 5043 5645 5274 5425 5241 5137 5313 5094 4789 5041 4518 5571 5243 5038 5521 4879 5294 5360 5166 5292 5341 5382 5625 5458 4907 5566 5475 5024 5431 5327 4934 5511 5687 5160 5045 5119 5003 5807 5245 5332 5255 5332 5322 5484 5576 5561 5186 5296 5669 5438 5247 5387 5533 4874 5471 5894 4802 5533 5488 5061 5463 5389 5206 5575 4878 4522 5141 5039 5461 5656 4967 5499 5319 5588 5181 4996 5377 5416 5152 5670 5406 5229 5262 5743 5297 5815 5408 5389 5368 5303 5338 5320 5454 5097 5228 5740 5129 5148 5266 5192 5205 5662 5382 5246 4894 5434 5334 5727 5136 5151 5385 5371 5427 5091 5238 5614 5199 5471 5203 5195 4794 5184 5439 5330 5469 5418 5371 5388 5613 5360 5737 5786 4953 5544 5487 5518 5520 5047 5053 4962 5587 5695 5117 5001 5416 4813 5226 5416 5457 5170 5318 5240 5149 5285 5452 5479 5374 5689 5274 5413 5292 5253 5351 5426 5051 5357 5948 5357 5429 5174 5614 4976 5053 5233 5177 5409 5492 5212 4971 4911 5007 5071 5296 5280 5557 4832 5020 4877 5482 5000 5159 4848 5221 5181 5482 5051 5520 5417 5461 5144 5443 5341 5079 5434 4942 5073 5196 4919 5212 5606 5016 5340 5321 5073 4958 5276 4882 5093 5267 5525 5384 5374 5459 5208 5479 5422 5181 5063 5210 5302 5168 5323 5381 5426 5419 5539
5614 5482 4931 5363 5664 5252 5340 5767 5508 5027 5258 5414 5502 5773 5422 5322 5012 4978 5371 5569 5052 5478 5622 5578 5292 5308 5525 5494 5413 5480 5527 5216 5547 5587 5517 5147 5214 5359 5622 5833 5359 4925 5673 5024 5283 5456 5162 5640 5301 5245 5256 5506 5194 5649 5535 4827 5065 5095 5677 5524 4882 5523 5251 5321 5024 5643 5645 5140 5422 4924 5066 5016 5046 5124 4801 5603 5588 5210 5359 4872 5306 5381 5260 5545 5388 5077 5658 5505 5042 5606 5551 5193 5317 5408 4909 5331 5605 5428 4968 5043 5002 5503 5222 5066 5288 5496 5224 5699 5478 5532 5108 5561 5380 5496 5239 5430 5624 4928 5469 5733 5117 5460 5541 4921 5620 5564 5421 5462 4892 4431 5032 5354 5561 5636 5056 5173 5524 5693 5344 5162 5239 5692 5106 5731 5613 5310 5175 5731 5340 5653 5194 5518 5651 5360 5475 5294 5336 5165 5528 5800 5210 5471 5193 5309 5377 5816 5426 5615 4858 5524 5317 5413 5188 5308 5454 5175 5739 5247 5320 5424 5401 5450 5179 5566 4826 5512 5662 5516 5609 5196 5482 5304 5675 5168 5996 5785 5192 5710 5368 5492 5002 4941 5311 5142 5668 5744 4768 5165 5242 4932 5449 5327 5611 5155 5436 5598 5291 5289 5476 5440 5555 5562 5385 5357 5156 5468 5329 5344 5316 5222 5678 5415 5339 5205 5691 4967 5203 5406 5352 5294 5549 5238 5177 5004 5151 5194 5423 5072 5572 4858 4827 5119 5408 4924 5031 4941 5286 5175 5591 5232 5587 5537 5591 5523 5294 5516 5150 5533 5189 5327 5313 4949 5106 5932 5124 5572 5184 5082 5010 5431 5125 5409 5298 5448 5910 5207 5497 5287 5431 5522 4975 4941 5298 5246 5604 5087 5236 5349 4991 5425
5537 5830 4966 5434 5738 5472 5126 5847 5292 5412 5573 5625 5526 5772 5496 5321 5005 5515 5609 5333 5137 5374 5938 5606 5169 5354 5506 5279 5524 5115 5385 5518 5466 5441 5559 5122 5369 5375 5583 5639 5416 5303 5656 5146 5377 5478 5171 5605 5546 5369 5333 5189 5290 5634 5707 5067 5351 5031 5474 5458 5200 5402 5382 5133 5098 5624 6052 5512 5620 5310 5157 4832 5107 5034 4934 5667 5516 5227 5593 5109 5190 5617 5059 5526 5227 5171 5670 5621 5177 5558 5866 5339 5314 5449 5313 5332 5729 5470 5187 5063 5133 5567 5559 5145 5423 5535 5647 5801 5628 5679 4993 5465 5639 5771 5307 5586 5570 4991 5597 5744 5111 5456 5472 5030 5317 5534 5631 5685 5157 4737 5106 5465 5673 5623 5398 5339 5464 5918 5212 5368 5382 5677 4960 5768 5714 5488 5091 5705 5437 5650 5484 5406 5671 5358 5376 5212 5800 5144 5182 5884 5161 5396 5101 5307 5749 5597 5380 5504 5212 5508 5774 5594 5225 5274 5498 5161 5371 5368 5491 5636 5282 5651 5048 5438 5000 5740 5992 5461 5848 5168 5306 5244 5796 5338 5838 6004 5047 5685 5588 5426 5334 5190 5581 4985 5676 5727 4995 5351 5129 4849 5510 5384 5836 5163 5517 5661 5110 5380 5286 5636 5471 6015 5420 5437 5276 5634 5362 5178 5062 5597 6037 5564 5499 5191 5826 5021 5354 5622 5601 5326 5695 5107 5106 5171 4975 4877 5444 5524 5310 5227 4952 5229 5764 4973 5410 5205 5465 5397 5776 4947 5917 5746 5833 5452 5530 5606 5308 5323 5276 5230 5326 5077 5066 6038 5494 5496 5220 5167 5239 5367 5347 5104 5458 5519 5603 5342 5603 5035 5602 5551 5497 5160 5453 5337 5365 5174 5604 5330 5024 5736
5411 5209 4833 4970 5504 5237 5157 5536 4989 4983 5330 5222 5039 5339 5372 5035 4779 4644 5176 5040 5033 5233 5565 5325 5176 4870 5239 5120 5361 5126 5126 5267 5435 5272 5054 5042 5004 5079 5212 5372 5167 5004 5392 4811 5156 5590 5088 5413 5210 4983 5183 5252 4974 5245 5311 4685 4906 4867 5443 5090 4836 5289 5012 4939 4989 5354 5502 5151 5283 5056 4979 4427 4755 4651 4668 5120 5213 5097 5131 4798 5072 5040 5005 5243 5220 5071 5318 5230 5180 5520 5390 5032 4962 5163 4884 5129 5459 5170 4819 4819 4932 5054 5304 4823 5079 5223 5246 5249 5429 5440 4963 5116 5639 5303 5087 5087 5263 4829 5425 5423 4984 5411 5510 4857 5004 5351 5183 5563 4730 4397 5063 5126 5360 5294 4829 5043 5190 5591 5086 5114 5178 5194 4873 5545 5350 4972 5118 5197 5089 5705 5096 5270 5404 5356 5124 5210 5339 4911 5084 5556 4996 5370 5194 5094 5260 5259 5227 5318 4647 5165 5238 5266 4858 5201 5420 4962 5165 4895 4973 5177 5162 5385 4956 5300 4502 5101 5547 5209 5379 5255 5273 5202 5634 5140 5432 5628 5003 5251 5230 5123 4896 5033 5171 4709 5143 5218 5030 4976 5301 4771 5271 5163 5559 4782 4923 5065 5168 5301 5355 5254 5173 5479 5170 5120 5051 5353 5229 5152 5081 5426 5544 5093 5282 5044 5539 4916 5130 5177 5166 5118 5278 5091 4659 4575 4873 4988 4943 4973 5425 4783 4574 5089 5465 4855 4766 4971 5126 4947 5169 5105 5437 5276 5368 5119 5575 5212 4999 5268 4904 5010 5016 4675 4822 5502 4988 5365 5071 5196 4929 5173 4997 5097 5116 5349 5382 4970 5384 4856 5092 5225 5148 4671 5051 5441 5282 5255 5138 5278 5142 5245
5661 5567 4976 5280 5669 5306 5192 5718 5329 5183 5396 5510 5402 5605 5205 5436 4849 5051 5530 5349 5169 5536 5566 5535 5144 5069 5475 5491 5401 5528 5457 5215 5806 5255 5375 5085 5330 5249 5443 5468 5384 4704 5433 4754 5254 5526 5155 5599 5455 5403 5163 4891 5583 5638 5579 4994 5066 5163 5576 5609 4959 5721 5047 5119 4924 5663 6112 5505 5120 4988 5137 4919 4796 5046 4929 5296 5401 5233 5229 5167 5385 5309 5127 5455 5465 5163 5669 5476 5208 5536 5512 5311 5133 5394 5159 5278 5440 5340 5188 5136 5000 5603 5463 5125 5533 5370 5356 5734 5680 5815 5092 5405 5475 5407 5381 5142 5918 4997 5305 5526 5366 5252 5251 5235 5444 5372 5344 5291 4735 4447 4888 5535 5686 5490 5323 5273 5607 5736 5271 5232 5609 5659 5287 5408 5522 5378 5461 5609 5154 5538 5281 5223 5641 5425 5315 5185 5469 5320 5294 5760 5307 5359 5246 5376 5671 5719 5327 5812 4938 5537 5509 5501 5166 5405 5448 5085 5528 5192 5179 5379 5344 5284 4995 5504 4615 5606 5393 5102 5471 5396 5545 5718 5722 5125 5708 5603 4981 5400 5487 5611 5076 5120 5656 5162 5633 5632 4875 4991 5378 4961 5120 5624 5532 4884 5242 5396 4967 5490 5481 5497 5513 5860 5076 5456 5331 5452 5676 5325 5430 5357 5730 5533 5259 5444 5491 5161 5392 5247 5372 5184 5373 5189 4777 5210 4844 5265 5298 5128 5486 4984 5039 4989 5279 4905 5276 4871 5392 5163 5497 5238 5305 5369 5744 5581 5462 5379 5263 5225 5022 5338 4920 4853 5205 6085 5151 5617 5055 5043 5129 5301 4712 5573 5457 5322 5593 5408 5445 5073 5350 5543 5563 5038 5168 5325 5547 5112 5522 5228 5025 5529
5066 5010 4871 4939 5259 5199 4687 5379 4976 4739 5120 5115 5020 5120 5297 4862 4578 4749 5097 4877 4671 5017 5298 5259 5119 4939 5366 4929 4951 4823 5233 5166 5213 5154 4989 4886 4866 4904 5230 5089 5078 4789 5010 4681 4895 5487 4698 5179 5173 5026 4817 4998 4925 4979 5184 4599 5149 4579 5288 5033 4629 4996 5148 4705 4655 5107 5318 4793 4990 4596 4823 4638 4499 4620 4670 5201 4960 4723 5065 4523 5078 5075 4621 5028 5103 4615 5102 5015 4571 5075 5114 4778 4860 4927 4669 4831 5043 4860 4797 4811 4695 5138 5019 4578 5067 5113 4974 5613 5211 5366 4704 5066 5278 5025 5026 4970 5179 4884 5045 5289 4800 4909 5026 4727 4953 5205 5108 5186 4826 4251 4651 4853 5190 5035 4527 5016 5051 5417 4840 4743 4849 5451 4661 5302 5185 5017 4579 5344 4984 5481 4995 4796 5153 4842 4843 4773 5107 4761 4935 5604 4581 5306 4805 4809 5207 5140 4900 5176 4510 5287 5157 5169 4908 5097 5117 4834 5233 5105 4930 5139 5050 5076 4571 5350 4628 4927 5270 5055 5069 4854 5138 5161 5305 4903 5554 5432 4830 5051 5119 4963 4840 4745 5167 4836 5234 5270 4528 4825 5040 4463 4660 5070 5206 4508 5247 5025 4686 4959 4990 5029 5483 5164 5130 4956 5080 4833 4997 4832 4729 5087 5343 5008 4803 4837 5290 4836 4710 4770 4913 4837 4948 4910 5033 4664 4617 4484 4887 4864 5319 4854 4543 4885 5067 4665 4722 4617 5072 4749 5143 4696 5088 5333 5480 5058 4977 5159 4903 5063 4721 5030 4832 4372 4880 5481 4893 5042 4766 4717 4726 4997 4826 5022 5242 4998 5388 4780 4972 4737 5228 5178 4665 4651 4884 5057 4899 4970 5135 5063 4620 5038
5422 5216 4977 5311 5368 5326 5139 5682 4987 5107 5144 5183 5130 5614 5114 5132 4998 5051 5376 5256 5006 5173 5487 5293 5300 5147 5505 5248 5450 5312 5287 5106 5266 5358 5247 5037 5080 5093 5481 5371 5471 5341 5450 4771 5209 5501 5050 5339 5376 5314 5252 5301 5131 5290 5454 4929 4872 5057 5409 5246 4874 5229 5418 5051 5050 5619 5498 5375 5353 5095 4937 4816 4869 4981 4833 5442 5080 5428 5358 5014 5163 5338 4927 5226 5163 5127 5591 5463 5145 5607 5574 5081 5143 5367 4803 5301 5461 5388 4931 5130 4835 5286 5249 4952 5248 5293 5393 5617 5628 5564 5055 5328 5324 5425 5207 5192 5406 5000 5367 5514 5112 5410 5585 5008 5206 5044 5329 5309 4820 4428 5153 5116 5035 5474 5066 5312 5344 5618 5357 5212 5412 5556 4996 5526 5587 5214 4999 5762 5319 5559 5342 5479 5522 5518 5180 4977 5463 5243 5418 5631 5100 5256 5101 5020 5345 5601 4996 5576 4807 5347 5296 5455 4905 5288 5210 5154 5049 5040 5206 5298 5351 5138 5136 5348 4774 5324 5794 5039 5600 5390 5283 5465 5851 5374 5601 5874 5045 5610 5379 5473 5151 5091 5334 5104 5459 5710 4885 4886 5317 4833 5187 5475 5301 5065 5182 5116 5134 5410 5301 5274 5270 5255 5091 5236 5273 5290 5217 5066 5001 5264 5506 4973 5232 5186 5475 4917 5188 5294 5292 5294 5309 5045 5067 4681 5086 4770 5154 5298 5593 4876 4681 5010 5519 4718 5080 5043 5216 5280 5322 5036 5555 5551 5596 5273 5747 5165 5121 5366 4988 5275 5018 5012 4941 5886 5153 5136 5119 5108 5013 5175 4983 5263 5285 5492 5471 5144 5318 4967 5405 5128 5281 4968 5188 5011 5327 5195 5360 5024 5067 5312
5415 5620 5031 5141 5559 5436 5201 5493 5264 4778 5517 5306 5381 5592 5343 5461 4739 4900 5599 5282 4986 5501 5587 5647 5332 5073 5565 5383 5766 5265 5330 5392 5611 5359 5414 5137 5410 5252 5476 5506 5592 5378 5513 4975 5475 5532 5130 5474 5729 5322 5344 5205 5246 5514 5550 4893 5295 4979 5752 5489 5189 5352 5379 5238 5245 5676 5750 5422 5293 5461 5108 4977 4945 4961 4807 5467 5394 5624 5421 4973 5408 5325 5248 5413 5384 5165 5638 5532 5196 5709 5784 5401 5043 5423 4996 5426 5781 5293 5100 5090 4914 5615 5388 5217 5368 5240 5575 5680 5733 5646 5162 5461 5697 5636 5517 5415 5858 4926 5424 5900 5013 5560 5716 5176 5434 5616 5520 5348 4941 4580 5056 5077 5290 5636 5199 5410 5218 5645 5315 5292 5504 5478 4921 5568 5698 5333 5428 5788 5523 5833 5597 5605 5561 5475 5605 5196 5458 5185 5317 5744 4966 5346 5365 5370 5516 5616 5066 5536 4915 5549 5300 5289 5221 5367 5511 5599 5525 5153 5531 5262 5279 5332 5062 5471 4720 5595 5401 5070 5532 5228 5365 5476 5776 5458 5458 5757 5395 5505 5400 5598 5079 5276 5321 4992 5749 5785 5194 5243 5432 4987 5152 5358 5378 5170 5464 5434 5369 5558 5358 5508 5439 5838 5015 5488 5294 5548 5529 5069 5016 5605 5856 5420 5178 5440 5586 5361 5381 5141 5426 5369 5391 5170 5379 4985 5148 5148 5338 5164 5524 5088 4790 5172 5359 5025 5056 5190 5436 5317 5447 5410 5471 5457 5595 5536 5453 5490 5280 5184 4896 5391 5068 4754 5088 5553 5160 5534 5103 5352 5102 5269 4992 5515 5472 5394 5585 5345 5494 5405 5663 5622 5381 4888 5399 5462 5422 5627 5365 5204 5151 5523
5306 5244 4794 4883 5033 5049 4710 5279 5047 4535 5066 5310 5034 5220 5028 5250 4418 4635 5274 5053 4929 5184 4968 5266 5013 4682 5279 4820 5295 5051 5175 5128 5086 5302 5155 5055 5001 5104 5103 5159 5281 4749 5518 4632 5090 5467 4705 5431 5390 4983 4950 4722 4844 5169 5277 4557 5153 4997 5283 5092 4634 5238 4866 5135 4985 5363 5594 5087 5012 4759 5006 4318 4599 4877 4527 5131 5111 5189 5099 4809 5148 5003 4892 5151 5217 5032 5353 5385 4839 5217 5442 4880 5100 5321 4831 4861 5198 5106 4818 5046 4741 5434 5447 4596 4924 4993 5204 5483 5314 5429 5202 5231 5203 5294 4998 5228 5398 4618 5242 5338 4845 5235 5351 4848 5092 5100 5187 4993 4661 4363 4517 5049 5033 5447 5145 4904 5226 5303 4641 4850 4905 5233 5130 5354 5347 5035 4908 5683 5209 5457 5086 5238 5437 4900 5144 4858 5225 5046 5262 5449 4904 5079 4897 5075 5316 5294 4883 5405 4637 5172 4887 5295 5027 5125 5142 5317 5056 4935 5227 5006 4780 4900 4800 5309 4277 5178 5265 5022 5574 5014 5241 5203 5564 4815 5289 5227 5142 5290 5101 5080 4717 4903 5309 4938 5510 5512 4765 4735 5042 4825 5089 5260 5462 4729 5207 5126 5164 5252 5232 5216 5187 5384 5131 5023 4932 5214 5239 5014 4977 5295 5549 5036 4999 5155 5212 5225 4990 5143 5064 5105 5091 4839 4740 4820 4813 4847 5246 5069 5196 4764 4663 4824 5209 4552 4903 4712 4998 4961 5453 4737 5397 5210 5056 5071 5204 5130 4843 5103 4884 5046 4912 4646 5067 5331 5090 5234 4941 4739 5065 4954 4925 4990 5037 5232 5257 5184 5284 4823 5332 5372 5192 4728 4921 5045 4964 5099 4898 4959 4835 5194
5385 5610 4651 5110 5029 5214 5095 5550 4967 4820 5026 5228 5421 5561 4950 5235 4900 4949 5341 4898 4891 5311 5675 5383 5177 4845 5472 5047 5474 5273 5515 5365 5479 5198 5407 4969 5152 5028 5296 5371 5285 5083 5445 4823 4964 5266 4855 5545 5279 5242 5344 4813 4928 5348 5375 4880 4819 5120 5572 5018 4804 5376 5067 4965 4935 5525 5543 5357 5203 5199 4998 4940 4712 4954 4713 5266 4972 5240 5151 5035 5236 5305 5210 5325 5066 5068 5586 5274 4920 5525 5632 5109 5159 5241 4804 5291 5457 4865 4924 4972 5029 5653 5046 4865 5543 5016 5402 5801 5535 5450 5161 5283 5511 5403 5467 5036 5263 4835 5332 5747 5176 5409 5410 5016 5178 5098 5142 5327 4878 4450 4827 5197 5355 5290 5146 5315 5185 5640 4934 5250 5329 5314 5090 5642 5470 5032 4987 5504 5239 5711 5308 5112 5530 5325 5271 4935 5225 5009 5080 5646 5052 5215 5283 5291 5437 5528 4953 5095 4744 5624 5326 5384 5050 5270 5347 5178 5409 5229 4898 5359 5079 5186 4979 5676 5026 5390 5543 4993 5601 5155 5324 5306 5497 5206 5413 5631 4913 5316 5262 5258 5239 5039 4989 5291 5104 5505 4912 5035 5293 4853 5041 5481 5069 4781 5233 5135 5090 5477 5305 5335 4996 5619 5103 5317 5204 5251 5576 5219 4946 5416 5612 5272 5245 5323 5410 4956 4934 5140 5187 5082 5139 5150 4913 4842 4907 4893 5244 4990 5560 4735 4805 5070 5350 4699 5071 4718 5223 5107 5421 4922 5371 5479 5674 5290 5417 5181 5100 5205 4974 5216 5069 4933 5278 5737 5284 5362 4930 5384 4983 5179 4908 5112 5477 5111 5739 5129 5348 5109 5431 5279 5130 4993 5103 5242 5143 5161 5509 5224 5232 5409
4960 5160 4567 4803 5083 4929 4767 5195 4691 4311 5142 5172 5038 5096 4670 4688 4682 4712 4861 4763 4619 4978 5236 5026 4733 4614 5275 4393 4978 4745 5113 4961 5172 5079 4889 4528 4739 4631 5115 5149 4787 4367 5057 4416 4822 4903 4537 4949 4872 4832 4893 4539 4680 4994 5143 4709 4736 4646 5330 4887 4369 4950 4711 4871 4527 5074 5367 4829 4866 4689 4390 4660 4421 4579 4482 4977 4807 4658 4918 4565 5124 5025 4417 4858 4771 4729 5073 4821 4281 5001 5112 4684 4518 4850 4640 5003 4968 4754 4811 4653 5053 5066 5254 4611 4970 5062 5149 5222 4956 5373 4604 4893 5116 4857 4786 5051 5130 4666 4822 5289 4912 5050 4928 4765 5015 4934 4978 4872 4647 3999 4593 4888 5093 4730 4854 5020 4887 5312 4857 4806 4740 5183 4551 5053 5023 4715 4613 5124 4705 5074 4971 4836 4966 5019 4921 4649 4874 4559 4908 5182 4631 5070 4783 4725 5317 4942 4864 5219 4613 5261 5298 4771 4739 4760 5030 4683 5015 4871 4736 4904 5051 4645 4553 5037 4440 4862 4987 5020 5049 4798 5129 5208 5169 4837 5186 5327 4624 4960 4856 4746 4710 4663 5242 4680 4951 4913 4487 4613 4898 4424 4951 5030 4865 4396 4787 4670 4602 5067 5074 4883 4851 5549 4704 4729 4708 5028 5053 4929 4594 4843 5083 4899 4832 4692 5135 4882 4814 4852 4920 5055 4796 4676 4646 4776 4426 4640 4823 4724 5188 4795 4226 4882 5183 4457 4806 4789 4768 4711 5120 4421 5182 5078 5298 4980 4974 5233 4854 4921 4797 4896 4655 4597 4839 5468 4815 5135 4335 4884 4851 4522 4564 4991 4970 4778 4921 4780 5003 4649 4969 4888 4646 4659 4977 4855 4798 5044 4832 4579 4624 5317
5418 5596 5225 5436 5597 5260 5613 5927 5065 5343 5790 5750 5826 5886 5535 5628 4990 5431 5501 5361 5273 5552 6010 5958 5431 5416 5711 5253 5521 5495 5522 5457 6103 5343 5585 5226 5542 5684 5636 5743 5906 5328 5852 5019 5472 5838 5474 5695 5657 5337 5372 5139 5191 5706 6012 5286 5349 5339 5790 5605 5255 5813 5389 5255 5551 5844 6120 5826 5796 5468 5226 5051 5078 5341 4979 5551 5603 5257 5578 4977 5390 5685 5395 5490 5483 5395 5583 5640 5142 5782 5825 5016 5223 5745 5047 5582 5904 5394 5286 5337 5268 5823 5752 5373 5526 5512 5624 5839 5952 5565 5525 5604 5786 5867 5743 5594 5636 5072 5533 6054 5272 5626 5657 5478 5430 5477 5530 5658 5083 4801 5271 5351 5875 5658 5557 5646 5701 5934 5264 5566 5420 5674 5094 5913 6180 5622 5243 5836 5670 5876 5819 5413 5472 5593 5402 5431 5653 5366 5483 5990 5235 5546 5480 5440 5626 5616 5487 5637 5199 5605 5490 5790 5601 5660 5511 5454 5728 5449 5390 5541 5556 5652 5212 5651 5159 5491 5617 5450 5575 5466 5635 5663 6082 5484 5750 6048 5253 5596 5698 5705 5675 5428 5336 5211 5424 5910 5438 5365 5295 5205 5616 5872 5675 5545 5405 5561 5513 5789 5634 5882 5811 5886 5403 5494 5340 5622 5674 5497 5092 5768 5974 5702 5672 5427 5767 5461 5531 5469 5674 5617 5432 5174 5132 5072 5289 5132 5484 5452 5589 5206 5037 5371 5669 4967 5367 5067 5732 5425 5633 5626 5830 5725 5680 5719 5785 5827 5549 5438 5399 5163 5279 5044 5261 5736 5415 5932 5329 5292 5286 5419 5406 5519 5556 5715 5799 5287 5526 5494 5755 5475 5109 5402 5709 5975 5486 5568 5510 5504 5533 5694
5501 5390 4758 5178 5561 5223 5034 5676 5101 4889 5499 5178 5217 5578 5193 5510 4684 5058 5451 5223 5215 5319 5552 5677 5124 5117 5583 5075 5224 5296 5303 5397 5534 5306 5195 4971 5125 5053 5225 5449 5349 4846 5345 5046 5250 5354 5020 5299 5143 5156 5234 5182 5125 5520 5408 4754 4884 4973 5467 5176 4718 5201 5009 5177 4932 5548 5543 5391 5395 5198 4776 4904 5007 4879 4910 5367 5220 5143 5089 4833 5203 5057 4878 5025 5046 5000 5293 5212 5122 5374 5188 5145 5175 5283 4949 5310 5301 5076 4876 5041 4916 5630 5274 5024 5105 5220 5119 5491 5331 5278 4922 5189 5420 5359 5182 5378 5650 4845 5514 5649 4845 5524 5163 4800 5249 5390 5298 5324 4843 4400 4905 5051 5560 5409 5146 5334 5342 5793 5185 4965 5093 5393 4978 5430 5722 5099 5283 5488 5381 5436 5232 5307 5427 5281 5147 5359 5316 4906 5171 5793 4721 5322 5231 5366 5271 5359 5326 5658 4744 5495 5385 5490 4859 5204 5426 5392 5191 4986 5297 5212 5013 5370 4863 5613 4731 5421 5544 5074 5354 5190 5368 5528 5465 5125 5714 5592 4951 5245 5091 5247 5066 4908 5367 4853 5399 5287 4881 4931 5019 4763 5305 5330 5364 4901 4966 5183 5033 5413 5194 5209 5500 5780 5155 5260 5102 5578 5261 5178 4744 5018 5656 5421 5145 5080 5340 5027 5263 5143 5286 5564 5389 5048 5019 5032 4819 4927 5134 5099 5309 4837 4885 5241 5430 4919 5096 5154 5300 5376 5387 5086 5669 5603 5192 5246 5526 5292 5045 5528 5005 5019 5041 4758 5014 6086 5041 5415 4943 5107 4959 5258 5020 5061 5317 5276 5296 5305 5349 4969 5470 5492 5153 4919 5240 5221 5616 5330 5391 5091 4953 5421
5658 6078 5567 5583 6087 5811 5793 6354 5892 5551 6013 5948 6070 6333 5820 5799 5648 5477 5997 5919 5463 6021 6477 6536 5867 6010 6051 5740 6093 5762 6138 5806 6378 6104 5919 5675 5706 5634 6120 6008 5771 6052 6180 5267 6023 6062 5750 6112 6064 5634 5685 5707 5745 6068 6266 5561 5744 5677 6261 6044 5400 6169 5901 5581 5745 6025 6309 5817 6190 5485 5960 5354 5506 5649 5242 6068 5780 5804 5819 5298 5894 5922 5597 5859 5875 5802 6137 5875 5501 6267 6295 5763 5875 6112 5377 5527 6176 5903 5649 5693 5554 6497 5986 5476 5915 6033 6177 6524 6125 6212 5803 6074 6038 5879 5609 6061 6242 5430 5850 6297 5694 5825 5959 5726 6078 6144 6001 5846 5485 4886 5436 5500 5931 6054 5653 5950 5960 6402 5944 5994 5909 6328 5505 6362 6262 5887 5862 6143 5841 6545 5762 5851 5931 6119 5764 5745 5948 5592 6093 6332 5638 5987 5859 5852 6067 6195 5604 6218 5140 6145 5903 6097 5618 6038 6099 6000 5970 5766 5705 5902 5664 6237 5528 5994 5529 5800 6209 5720 5886 5986 6291 6198 6347 5944 6225 6094 5683 6095 6048 5984 5906 5586 5890 5721 6273 6326 5611 5770 6079 5494 5866 5982 6055 5856 5899 5933 5988 5746 5871 6145 6135 6253 5836 5845 5938 5994 6070 5966 5928 5890 6361 6124 5886 5745 6370 5728 5804 5981 5909 5770 5914 5601 5618 5360 5843 5542 5861 5613 6373 5359 5365 5648 5812 5437 5833 5505 6056 5689 6087 5943 6146 6298 6282 5909 5925 6074 5867 5842 5568 6106 5773 5670 5667 6416 5683 6157 5711 5614 5582 5911 5831 5888 5976 6083 6447 5863 6118 5682 6099 5880 5781 5317 5715 5946 5869 5901 5925 5882 5658 6085
5364 5512 4960 5301 5541 5227 5110 5829 5459 4911 5328 5342 5600 5612 5425 5261 4960 5225 5502 5041 5239 5237 5682 5923 5236 5166 5381 5129 5335 5509 5413 5272 5730 5342 5499 4927 5344 5228 5463 5519 5215 5289 5676 4832 5306 5665 5153 5449 5270 5314 5213 5108 5192 5775 5531 4961 5331 5079 5392 5617 4968 5632 5087 5171 5001 5835 5961 5358 5298 4953 4938 4749 4732 4864 4582 5500 5090 5137 5569 4897 5486 5544 5200 5630 5388 5014 5547 5372 4982 5611 5560 5243 5144 5385 5155 5543 5489 5502 5054 5043 5102 5578 5489 4770 5488 5599 5672 5754 5934 5344 5187 5299 5586 5471 5259 5261 5696 4919 5310 5634 5321 5379 5541 4930 5468 5304 5530 5533 4942 4480 4932 5241 5320 5315 5154 5357 5327 5950 5469 5498 5435 5646 5220 5454 5726 5247 5178 5567 5291 5703 5241 5277 5445 5546 5451 4970 5501 5055 5420 5859 5261 5437 5469 5393 5471 5831 5203 5679 4694 5698 5589 5591 5088 5272 5423 5247 5361 5126 5582 5519 5411 5282 5080 5663 4832 5575 5477 5104 5544 5499 5398 5540 5885 5290 5763 5777 5150 5503 5540 5564 5268 5098 5456 5189 5434 5690 4822 5084 5485 5025 5329 5565 5488 5145 5536 5319 4947 5509 5225 5591 5562 5681 5114 5229 5145 5414 5576 5229 5229 5273 5904 5537 5329 5046 5421 5067 5010 5390 5343 5385 5493 5309 5069 4765 4914 5190 5301 5028 5556 4879 5070 5111 5550 4826 5173 5085 5519 5229 5613 5263 5543 5298 5583 5423 5487 5531 5464 5412 5115 5439 5194 4974 5162 5853 5336 5478 5294 5161 4991 5114 5046 5359 5497 5236 5712 5273 5427 5403 5533 5184 5344 4893 5375 5546 5288 5186 5410 5218 4995 5454
5815 5992 5525 5458 5877 5616 5564 6138 5646 5497 5765 5859 5659 5951 5747 5501 5061 5662 5493 5576 5529 5612 5883 6102 5526 5452 5882 5510 6014 5592 5700 5647 6063 6009 5674 5476 5406 5582 5874 6007 6012 5356 5836 5215 5354 6005 5331 5865 5888 5424 5724 5381 5443 5686 5951 5074 5780 5521 5764 5827 5142 5939 5584 5295 5297 5939 6157 5817 5809 5567 5390 5061 5312 5272 5090 5818 5740 5634 5918 5227 5565 5788 5308 5568 5459 5550 5992 5892 5532 5952 5941 5468 5585 5932 5224 5617 5772 5605 5465 5336 5548 5751 5851 5245 5637 5734 5702 5870 6133 5921 5680 5823 5857 5912 5888 5831 5989 5033 5980 6165 5347 6035 5719 5588 5736 5590 5670 5899 5168 4903 5290 5470 5968 5674 5498 5521 5714 6063 5716 5573 5740 5902 5313 5941 5977 5649 5505 5943 5689 6047 5771 5745 5884 5505 5784 5423 5998 5329 5531 6042 5249 5603 5631 5700 5564 5980 5553 5991 5171 5716 5689 5646 5337 5686 5694 5703 6088 5429 5550 5542 5684 5630 5277 5906 4927 5801 5738 5636 5769 5584 5653 5940 6137 5619 6249 6125 5605 5892 5687 5757 5730 5578 5752 5178 6061 5841 5163 5469 5457 5422 5551 5927 5847 5368 5681 5633 5559 5952 5706 5578 5773 6018 5470 5580 5590 5848 5674 5416 5710 5738 6247 5895 5738 5446 5907 5256 5316 5476 5795 5829 5569 5479 5357 5086 5066 5230 5679 5495 5899 5076 4842 5203 5974 5093 5466 5377 5809 5676 5861 5580 5981 5922 6076 5643 5914 5784 5529 5963 5381 5754 5245 4968 5276 6168 5593 6035 5395 5561 5528 5434 5133 5623 5788 5632 5804 5506 5878 5580 5630 5464 5605 5423 5474 5683 5724 5752 5815 5594 5490 5820
5341 5477 4618 5329 5403 5222 5054 5449 5049 4897 5317 5336 5169 5673 4991 5059 5053 4763 5481 5346 5209 5299 5342 5590 5096 4955 5602 4936 5270 5214 5138 5115 5268 5393 5126 5170 5070 5156 5415 5374 5295 4878 5251 4923 5017 5246 5141 5417 5301 5332 5131 5130 5016 5242 5378 4941 5193 5134 5651 5153 4871 5220 4915 4818 4797 5546 5475 5496 5117 5101 4772 4976 5077 5002 4672 5228 5109 5128 5227 4793 5101 5052 5007 5296 5037 4889 5374 5533 4930 5262 5407 5209 4887 5189 5046 5341 5396 5092 5124 5267 4962 5356 5102 5021 5204 5436 5349 5378 5277 5499 5342 5450 5705 5462 5162 5208 5606 4892 5073 5506 5090 5291 5444 4982 5435 5403 5501 5271 4846 4445 4772 5285 5205 5442 5236 5312 5487 5409 5076 5185 4985 5708 5014 5398 5582 5048 4859 5788 5245 5460 5346 5341 5609 5160 5173 5006 5492 5015 5034 5736 4849 5393 4795 5251 5536 5403 5171 5492 4627 5439 5126 5258 4991 5201 5280 4939 5124 4908 5117 5177 5114 5273 5013 5488 4831 5247 5636 5074 5521 5189 5379 5504 5704 5014 5610 5579 5067 5225 5072 5285 4857 4971 5144 4963 5448 5709 4892 4937 5308 4823 5240 5459 5229 4801 5311 5177 5043 5402 5050 5202 5155 5514 5156 5292 5160 5298 5330 5206 5003 5300 5443 5233 4992 5022 5461 4968 5254 5148 5408 5157 4961 5035 5002 4761 4828 4841 4966 5054 5446 5022 4692 4985 5658 4915 4979 5023 5075 4981 5383 4989 5482 5439 5439 5226 5258 5373 5181 5252 5255 5201 4963 4777 5092 5799 4734 5434 4968 5155 5037 5198 4871 5275 5215 5224 5098 5124 5549 4875 5283 5212 5321 4981 5379 5190 5254 5274 5287 5059 4842 5472
4633 5020 4717 4597 5151 4685 4729 5337 4731 4537 5094 4713 4842 4998 4895 4686 4603 4402 4864 4816 4842 4889 5354 4960 4860 4597 4941 4851 5059 4722 4913 4701 4953 5109 4984 4536 4859 4509 4837 5061 5100 4839 5322 4377 4686 4977 4742 4906 4915 4873 4854 4482 4517 4855 5285 4355 4849 4576 5122 4774 4538 5012 4699 4678 4764 5134 5376 4923 4867 4579 4736 4522 4297 4610 4480 4718 4930 4681 4723 4342 4840 5010 4632 4969 4644 4499 5129 4952 4598 5019 5011 4672 4680 4771 4593 4788 4810 4874 4499 4720 4538 4821 5002 4536 4891 4845 4996 5205 5005 5293 4947 4906 4901 5079 4603 5006 5042 4565 4929 5214 4466 5072 5103 4437 4704 4768 4757 4928 4441 4242 4285 4632 4964 4915 4731 4748 4911 5291 4863 4975 4837 4994 4630 5066 5259 4733 4624 5150 4932 5198 4952 4881 4884 4587 4877 4547 5025 4567 4808 5284 4570 4852 4973 4836 4955 4991 4441 5261 4303 4988 4724 4825 4832 4858 4949 4928 5154 4578 4679 4905 4863 5018 4721 5183 4337 5017 5131 4791 4991 4975 4977 4921 5203 4810 5178 5272 4605 5307 4796 4963 4581 4663 4790 4891 4985 4829 4833 4506 4732 4460 4907 4740 4888 4600 5192 4731 4829 4942 5003 4999 4748 5091 4784 4925 4739 4759 4965 4801 4741 4798 5376 4887 5008 4621 4953 4694 4764 4903 5058 4974 4549 4570 4764 4176 4391 4728 4659 4465 4853 4298 4327 4735 5090 4208 4624 4442 4778 4609 5297 4663 5170 4916 5148 4807 4874 4853 4942 4957 4778 4783 4709 4473 4731 5061 4824 5120 4596 4652 4720 4711 4484 4675 4614 4732 5032 4643 4953 4588 4980 5025 4578 4596 4926 4982 4568 4784 5034 4793 5068 4903
5141 5268 5020 4803 5258 5085 4730 5349 4707 4619 4998 5183 5050 5234 5017 5120 4652 4865 4894 5149 4783 5191 5214 5179 4869 4854 5333 4653 5035 4845 5160 4963 5346 5114 5072 4999 4940 4910 5066 5051 5080 4765 5201 4406 4882 5264 5011 5225 5022 5058 4867 4753 4678 5205 5279 4780 4614 4900 5379 5204 4516 5030 4771 4898 4514 5349 5202 5062 5068 4801 4674 4740 4650 4611 4917 5428 5088 4878 4846 4720 5091 5197 4814 4884 5087 4726 5315 5104 4612 5345 5231 4649 4974 5198 4760 4905 4902 4934 4943 4772 4628 5389 5249 4883 4905 4934 5013 5366 5120 5289 4806 5215 5206 5066 4888 5329 5461 4564 5178 5108 4767 5225 5142 5007 5153 5209 4894 5101 4556 4321 4941 4909 5162 5088 4876 5017 4954 5132 4841 4831 5216 5272 4961 5272 5241 4914 5051 5215 4894 5434 4835 5006 5119 4693 4872 4792 5212 4769 4812 5184 4899 4928 4768 4879 5067 5179 4915 5304 4655 5128 4887 5363 5127 4908 5224 4998 5012 4879 4756 5016 5163 4923 4539 5152 4431 5083 5018 4865 5112 4791 5326 5314 5378 4808 5361 5535 4781 5226 5021 5158 4781 4947 4896 4738 5312 5259 4717 4509 5031 4697 5020 5143 5207 4551 4827 4907 4989 5062 5031 5109 4793 5374 4825 5023 5033 5188 5024 4680 4867 5014 5290 4907 4830 4685 5501 4598 4686 4728 4938 5061 4748 4900 4642 4607 4745 4848 4888 4815 5252 4628 4518 4875 5310 4600 4966 4823 4837 4784 5213 5125 5147 5261 5025 5070 4928 5335 4706 5042 4792 5131 4701 4569 4922 5365 4762 5081 4792 4516 4695 4768 4722 4863 5122 5025 5055 5048 5261 4753 5322 5109 4780 5034 4847 4926 5106 5029 4937 4924 4615 5071
5443 5428 4891 5253 5480 5276 5126 5613 5059 5023 5402 5221 5197 5514 5209 5080 4715 5069 5343 5102 4801 5404 5562 5632 5189 5126 5388 5104 5261 5081 5238 5446 5581 5443 5515 4964 5170 5429 5315 5562 5320 5135 5573 4861 5211 5464 5295 5374 5447 5137 5352 5000 5206 5255 5488 4884 5398 4777 5671 5583 4946 5280 5208 5181 5213 5566 5742 5452 5458 5199 5262 4750 4820 5135 4710 5501 5423 5109 5242 4868 5224 5296 5180 5352 5107 5112 5568 5318 5093 5443 5480 5071 5202 5388 5028 5107 5379 5180 5011 4953 5191 5502 5542 4937 5193 5412 5412 5850 5552 5572 5309 5263 5536 5547 5432 5354 5471 4903 5401 5731 5034 5551 5313 4907 5283 5145 5095 5298 4722 4479 4606 5248 5441 5270 5118 5122 5160 5608 5114 5396 5314 5490 5024 5626 5417 5090 5016 5558 5379 5663 5355 5030 5469 5338 5239 5068 5473 4883 5169 5567 4829 5391 5348 5205 5636 5544 5070 5567 5037 5306 5253 5320 5067 5361 5499 5219 5402 5344 5208 5185 5045 5299 5049 5545 4764 5365 5450 5228 5448 4967 5657 5217 5553 4977 5581 5826 5098 5497 5528 5132 5176 5051 5271 5112 5623 5491 4847 5156 5310 4798 5243 5330 5330 4817 5242 5561 5263 5447 5335 5509 5416 5698 4964 5220 5030 5248 5337 5321 5166 5378 5658 5523 5399 5256 5677 5167 4926 5360 5479 5307 5372 5025 4965 4767 4858 4586 5109 5110 5508 4907 4800 5238 5464 4852 5154 5108 5228 4931 5488 5054 5738 5350 5636 5168 5360 5337 5295 5433 4954 5218 5216 4679 5003 5586 5105 5796 4928 5142 5154 5047 5026 5302 5268 5279 5379 5125 5360 5240 5426 5396 4953 4774 5288 5126 5197 5168 5206 5028 5230 5473
5350 5269 4837 5096 5443 5064 5043 5480 5059 4777 5339 5180 5235 5474 5159 5323 4781 4724 5079 5515 4547 5355 5458 5493 5066 4847 5314 5093 5062 5186 5062 5128 5322 5222 5211 5019 5019 5336 5357 5225 5267 4766 5306 4454 5008 5251 4904 5359 5306 4974 5145 5002 5067 5212 5084 4761 4844 5032 5455 5215 4918 5203 5081 5080 4911 5184 5329 5268 5006 4972 5085 4713 4961 4901 4587 5327 5128 5024 5134 4675 5198 5230 5110 5191 5147 4763 5412 5182 5104 5143 5179 4920 5005 5219 4848 5229 5445 5015 4676 5050 4831 5366 5129 5063 5144 4993 5417 5436 5402 5257 4807 5254 5464 5427 5206 5195 5252 4870 5314 5385 5053 5380 5231 4822 5295 5078 5363 5232 4690 4275 5234 4990 5083 5226 5093 4898 5112 5702 5159 5026 5178 5063 4666 5424 5306 5095 4983 5461 5313 5510 5086 5415 5421 5322 5319 5141 5234 4963 4968 5456 4978 4995 5006 5093 5239 5554 5028 5172 4878 5377 5403 5262 5072 5252 5313 5041 5033 5171 4969 5102 5437 4839 5338 5334 4610 5454 5394 5171 5362 4947 5256 5139 5450 4953 5337 5830 4862 5104 5094 5318 5163 5048 5051 4754 5343 5600 4862 4862 4886 4646 5177 5552 5530 4697 5015 5351 5011 5186 5323 5063 5099 5522 4785 5381 4790 5265 5298 4962 5104 5296 5527 5139 4846 5024 5438 5010 5000 5115 5205 5271 5141 4938 4789 4578 4907 4824 5299 4913 5347 4617 5022 5091 5283 4885 4836 4803 5099 5158 5136 5024 5505 5378 5259 5282 5163 5247 4919 5525 5005 5038 4963 4599 4904 5459 4885 5355 5013 4973 4756 4911 4735 5167 5391 5213 5285 5165 5145 4950 5011 5222 4961 4977 5289 5242 5260 5119 4984 5066 4884 5365
5780 5544 4933 5631 5307 5219 5302 5901 5437 5252 5586 5498 5543 5725 5478 5617 4872 5092 5629 5451 5425 5403 5833 5795 5477 5299 5607 5474 5627 5415 5512 5398 5487 5422 5255 5331 5146 5259 5742 5370 5482 5216 5622 5103 5338 5647 5273 5844 5525 5384 5253 5339 5175 5429 5526 4674 5180 5257 5936 5644 4977 5650 5283 5383 5334 5570 6052 5590 5581 5105 5260 5065 5060 5186 4914 5459 5525 5239 5258 5082 5314 5501 5327 5133 5595 5384 5531 5510 5176 5395 5572 5187 5235 5415 5190 5339 5547 5382 5120 5139 5215 5732 5488 5218 5452 5410 5541 5741 5644 5717 5431 5631 5645 5646 5300 5261 5602 5064 5649 5751 5059 5756 5602 5322 5376 5493 5611 5545 5030 4431 5142 5280 5574 5861 5303 5348 5551 6069 5343 5418 5682 5688 5225 5877 5659 5417 5554 5733 5292 5742 5351 5600 5854 5640 5813 5360 5381 5235 5631 5826 5223 5536 5294 5361 5573 5686 5307 5737 4944 5749 5362 5800 5280 5437 5573 5710 5490 5236 5411 5538 5453 5605 5241 5472 4866 5462 5845 5323 5699 5214 5457 5449 5847 5611 5723 5601 5244 5608 5486 5638 5305 5187 5599 5238 5675 5710 5078 5106 5373 4935 5635 5323 5570 4891 5621 5529 5237 5339 5740 5524 5252 5857 5305 5522 5303 5550 5391 5124 5485 5640 5891 5514 5234 5573 5659 5312 5311 5531 5528 5375 5490 5182 5217 4850 5176 5273 5543 5278 5681 4849 5142 5287 5665 5193 5244 5188 5434 5292 5545 5538 5458 5761 5668 5672 5426 5581 5332 5186 5151 5291 5289 4970 5093 6001 5273 5495 5143 5313 5420 5400 5101 5394 5371 5447 5426 5162 5583 4931 5294 5563 5660 5120 5260 5712 5497 5300 5553 5346 5237 5391
5354 5523 4840 5171 5177 5130 5143 5556 5218 5181 5444 5284 5231 5668 4966 4949 4833 4839 5106 5402 5039 5354 5482 5318 5394 5022 5249 5182 5607 5108 5410 5246 5240 5448 5413 5054 5214 5267 5142 5455 5511 5192 5360 4940 4837 5438 5011 5458 5308 4970 5179 5022 4873 5313 5436 4662 5205 5014 5624 5283 4886 5538 5048 5024 4996 5449 5724 5523 5169 4889 4965 4693 4953 5079 4616 5672 5104 5063 5201 4839 5237 5408 5268 5341 5238 5238 5901 5490 5295 5565 5486 5055 5131 5440 4935 5065 5302 5199 5096 4881 5123 5341 5221 4916 5128 5304 5068 5495 5479 5582 5066 5066 5468 5686 5297 5206 5253 4952 5281 5502 5099 5422 5344 5144 5491 5247 5357 5334 4861 4422 4837 5291 5218 5260 5068 4944 5275 5421 5209 5112 5284 5182 4959 5483 5635 5123 5111 5645 5189 5760 5245 5220 5583 5204 5178 5126 5422 5123 5320 5598 4881 5276 4928 4925 5243 5692 5009 5417 4783 5403 5042 5391 4912 5319 5244 5452 5517 4978 5093 5282 5277 5257 5082 5397 4715 5391 5281 5037 5228 4952 5202 5406 5812 5211 5360 5837 4923 5416 5176 5289 5142 5043 5132 4902 5377 5558 4796 5003 5237 4878 5245 5268 5441 5036 5269 5021 5389 5414 5248 5556 5188 5523 5216 5067 5095 5425 5608 4981 5266 5107 5737 5152 5350 5029 5279 4865 5170 5152 5381 5382 5295 5418 4834 4611 4999 4876 5208 5139 5564 4814 4731 4869 5623 4662 4884 4798 5251 4976 5427 5182 5570 5321 5725 5094 5460 5397 5256 5246 5015 5338 4856 4653 5141 5773 5141 5443 4941 5011 5082 5283 4850 5213 5182 5116 5376 5037 5490 4944 5137 5149 5139 4788 5408 5415 5438 5066 5281 5327 5023 5234
5353 5449 4949 5144 5464 5094 5088 5534 5025 4958 5190 5165 5312 5551 5132 5074 4725 4878 5282 5086 4945 5264 5662 5355 5195 4981 5567 5000 5287 4985 5380 5086 5437 5287 5370 4938 5159 5323 5459 5669 5166 5069 5550 4816 5119 5282 4843 5477 5347 4911 5332 4943 5128 5442 5596 4716 5157 4960 5492 5380 4859 5200 5027 5090 5000 5496 5597 5378 5382 5121 4918 4885 4700 5201 4639 5323 5205 5168 5025 4728 5107 5199 5003 5330 5440 4902 5566 5133 4891 5404 5490 5210 5270 5459 4870 4960 5510 5143 4742 5005 5099 5393 5360 4934 5343 5329 5192 5668 5331 5491 5152 5381 5325 5643 4996 5221 5280 4979 5260 5578 5077 5515 5251 5041 5199 5099 5282 5328 4712 4187 4798 5022 5177 5414 5090 5146 5245 5517 5133 5046 5253 5486 4643 5469 5417 5423 4834 5433 5330 5453 5191 5320 5630 5276 5305 5157 5350 4885 5187 5442 5037 5294 4866 5235 5399 5416 5343 5467 4845 5579 5261 5172 5055 5204 5465 5390 5294 5141 5018 5174 5493 5439 4983 5355 4631 5442 5300 5494 5469 5090 5440 5227 5729 5063 5425 5576 5154 5346 5224 5158 5001 5028 5334 5011 5491 5492 4708 5017 5021 4865 5203 5253 5662 4974 5217 5249 5192 5228 5461 5260 5431 5700 4871 5036 5271 5393 5281 5154 5143 5310 5663 5177 5206 5172 5547 4949 4936 5243 5225 5343 5396 5230 4945 4915 4971 4841 5405 5156 5539 4821 4828 5179 5437 4708 5030 4791 5272 4781 5435 4865 5560 5393 5649 5394 5309 5580 4951 5317 5112 5082 5169 4903 5035 5809 5087 5428 4847 5172 5068 5163 4656 5200 5205 5122 5574 5074 5453 5022 5208 5190 5026 4820 5120 5191 5302 5189 5163 4967 5224 5432
5169 5169 4475 5022 5116 4643 4761 5415 4930 4582 4949 4859 4975 5260 4991 4974 4685 4766 4871 4848 4903 4889 5444 5183 4882 4938 5225 5051 5165 5099 4961 4792 5160 4976 5058 4965 5059 5055 5017 5202 4970 4796 5137 4608 4822 5164 4571 5184 4864 4877 4928 4631 4709 5013 5247 4508 5018 4812 5197 5158 4603 5075 4890 4727 4762 5087 5496 5225 4999 4745 4637 4626 4447 4726 4305 4991 4904 4673 5176 4739 5205 4964 4625 5404 4888 4801 5197 4970 4616 5175 4996 4624 4637 5327 4704 4803 5255 5006 5003 4702 4834 4892 5228 4588 4939 5010 5252 5483 5278 5083 4816 5000 5077 5189 5167 4804 5311 4760 5042 5364 4757 4980 5116 4866 5117 4633 5234 5203 4628 4122 4662 4817 5058 5046 5093 4942 4961 5158 5022 4974 4923 5233 4995 5065 5169 4826 4865 5456 5088 4956 4883 5062 4894 4906 5135 4667 5180 4652 5035 5311 4931 5007 5044 4911 5298 5205 4992 5260 4512 5075 5075 5252 4885 5221 4992 4889 5040 4834 4882 5024 5008 5116 4709 5319 4564 5004 5185 5046 5500 4904 5182 5058 5223 5107 5393 5338 4865 5046 5225 4993 4732 4878 5142 4914 5002 5267 4471 4753 4800 4786 5013 5182 4984 4300 4992 5031 4584 5147 5059 5175 4968 5203 4889 5064 4634 4976 5146 5036 5028 4964 5142 5282 4730 4799 5211 4623 4573 5105 5084 4805 4875 4832 4792 4617 4540 4727 4892 4915 4949 4476 4644 4582 5330 4546 4997 4550 4909 4916 4912 4897 5162 4955 5125 4928 5014 5228 5020 4954 4762 5032 4870 4685 4895 5317 4903 5020 4889 4957 4874 4820 4740 4949 4846 4881 5103 4934 5202 4563 5319 5230 4925 4721 4994 4953 4987 4542 5040 5038 4642 5056
5113 5164 4849 5089 5299 4960 5337 5343 5191 4843 5403 5026 5093 5423 5080 4954 4667 4980 5402 4986 5158 5296 5540 5543 5018 5067 5471 5091 5391 5178 5256 5319 5398 5232 5186 4858 5072 5111 5451 5415 5265 4944 5521 4710 4899 5523 4959 5503 5305 5233 5081 4950 5087 5264 5374 4844 5098 4846 5606 5409 4676 5376 5192 5108 5032 5508 5582 5111 5280 4654 4798 4775 4437 5041 4822 5417 5061 5302 5198 4537 5240 5346 5113 5275 4943 5109 5187 5433 4988 5446 5754 4953 5259 5426 4840 5220 5259 5318 4950 4923 5054 5363 5428 4877 5353 5116 5494 5642 5477 5517 5078 5430 5429 5329 5157 5185 5514 4866 5389 5296 5043 5251 5367 5074 5176 5277 5465 5274 4980 4266 4755 5080 5183 5561 4811 5096 5079 5646 5080 5151 5099 5525 4985 5564 5590 5141 5063 5529 5128 5548 5191 5327 5355 4943 5286 5163 5352 5166 5049 5982 5239 5240 5257 5147 5398 5366 4967 5730 4722 5513 5357 5360 4976 5284 5484 5050 5392 4947 5153 5398 5343 5251 4882 5386 4693 5162 5479 5134 5462 4990 5347 5427 5725 5066 5599 5462 5032 5489 5297 5292 4993 4886 5275 5107 5449 5628 4751 5063 5273 4875 5392 5334 5302 4802 5222 5140 5047 5226 5444 5350 5424 5478 5273 5268 5347 5347 5148 4832 5246 5015 5346 5317 5294 5135 5631 4804 4866 5012 5212 5331 5240 5029 4874 4898 4957 5003 5023 4988 5410 4752 4747 4789 5482 4597 4788 4708 5310 5207 5412 4959 5376 5389 5594 5521 5178 5462 5215 5298 5026 5085 5072 4873 5089 5747 5194 5215 4962 5092 5042 5189 4998 5126 5346 5097 5404 5026 5422 5072 5299 5174 5073 4943 4948 5497 5240 5001 5280 5174 4980 5319
5179 5015 4612 4763 5161 4957 4507 5031 4833 4661 4822 5138 4774 5219 4993 4890 4814 4409 4990 4931 4854 4802 5391 5093 5079 5017 5286 4873 5256 4956 4904 4975 4676 5161 4900 4860 4969 4988 5144 4832 5045 4834 4866 4614 4952 5046 4856 5245 5045 4943 4814 4931 4733 5149 5328 4627 5028 4677 5254 5130 4692 4928 4914 4754 4788 5289 5370 5149 4937 4843 4930 4534 4631 4720 4478 5048 4890 4743 4966 4339 4775 4812 4659 4801 4911 4809 5426 5027 4564 5361 5247 4705 4805 5209 4608 4979 5128 4807 4832 4937 4586 5012 5318 4617 4703 4875 5086 5239 5133 5089 5041 5119 5325 5232 4911 4760 5049 4498 4980 5552 4935 5038 4908 4954 4999 4980 4846 4939 4615 4194 4427 4720 4994 5055 4920 4964 5187 5381 4849 4777 4735 5284 4663 5117 5265 4824 4776 5109 5169 5577 5051 4796 5192 4932 5139 4765 5168 4848 4972 5328 4697 4953 4973 4826 4869 5162 4898 5080 4509 5061 4862 4982 4615 5011 5107 5124 4969 4841 4784 5030 5197 4996 4801 5114 4328 4774 5378 5043 5024 4876 4825 4893 5144 4896 5349 5425 4728 5100 5274 4799 4952 4952 4810 4660 5213 5490 4442 4680 4821 4392 4994 5293 5107 4578 4948 4880 4918 5041 5110 5120 5103 5043 4883 4980 4737 5025 4867 4743 4907 4957 5370 5085 4757 4679 5209 4825 4894 4945 5015 5147 4919 4693 4756 4472 4729 4552 4900 4872 4844 4668 4399 4891 4967 4519 4739 4539 4948 4913 4935 4995 5102 5050 5164 5079 5250 4955 4939 4978 4451 4874 4771 4541 4939 5299 4790 5075 4761 4765 4774 5021 4893 4721 4694 4945 5022 4805 5093 4681 5098 5115 5004 4651 4921 5099 4939 4992 4659 4936 4868 5098
5290 5494 5105 5012 5371 5298 5198 5730 5358 4830 5390 5323 5413 5600 5091 5258 4910 4976 5248 5263 5131 5165 5587 5400 5298 5030 5329 5159 5407 5335 5323 4923 5562 5289 5083 4930 5218 5354 5480 5526 5288 5121 5512 5028 5051 5481 4915 5460 5266 4881 5222 4971 5111 5366 5465 4751 5276 4951 5581 5326 4864 5324 4912 4925 4851 5404 5538 5621 5321 5035 5101 4794 4686 4953 4698 5303 5167 5073 5234 4906 5149 5386 5054 5060 5168 5017 5564 5157 4815 5296 5339 4978 5006 5282 5049 5276 5508 5252 5028 5061 5055 5233 5153 4927 5207 5339 5455 5441 5550 5352 5214 5238 5149 5420 5280 5274 5449 4959 5069 5615 4901 5367 5407 5062 5411 5219 5290 5399 4726 4335 4816 5158 5371 5305 5066 5198 5292 5645 5293 5087 5026 5585 4827 5401 5562 5469 4890 5642 5162 5812 5256 5294 5290 5275 5226 4956 5546 4849 5409 5666 4905 5452 5055 5071 5513 5746 5246 5513 4685 5535 5381 5189 4959 5250 5369 5260 5303 4902 5403 5354 5136 5310 4950 5368 4930 5404 5349 5110 5234 5408 5194 5412 5620 5293 5861 5730 5026 5332 5342 5405 5202 5028 5123 5072 5475 5314 4870 4877 5141 4759 5218 5201 5170 4834 5340 5404 4810 5366 5285 5371 5131 5594 4967 4971 5206 5252 5519 5162 5272 5379 5750 5339 5262 5010 5297 5078 5008 5263 5207 5260 5419 5234 4956 4846 4696 5023 4991 5155 5423 4980 4919 4981 5430 4918 5142 4959 5135 5245 5425 5099 5327 5363 5560 5240 5349 5133 5223 5524 4800 5255 5127 4553 5102 5649 5201 5335 5146 5091 5119 5128 4864 5190 5186 5356 5473 5307 5234 4996 5333 5422 5343 4944 5380 5240 5199 5215 5274 5148 5129 5461
5466 5721 5076 5457 5592 5401 5219 5980 5389 5057 5284 5640 5541 5859 5202 5600 5082 5275 5530 5733 5202 5654 5958 5530 5362 5670 5571 5277 5620 5370 5236 5416 5712 5498 5672 5516 5258 5506 5690 5707 5642 5444 5648 5140 5120 5644 5354 5793 5126 5158 5351 5323 5299 5377 5706 5121 5196 5090 6021 5745 5081 5696 5362 5369 4949 5541 5846 5437 5484 5385 5364 5021 5131 5235 4772 5671 5451 5312 5255 5207 5614 5608 5185 5525 5203 5370 5611 5895 4960 5851 5756 5248 5018 5692 5109 5409 5798 5283 5147 5146 5285 5805 5528 5397 5356 5493 5431 5661 5855 5575 5414 5589 5647 5787 5415 5323 5866 5391 5674 5912 5204 5786 5429 5279 5570 5460 5772 5511 4954 4535 5069 5284 5625 5645 5395 5332 5294 5848 5478 5524 5368 5751 5030 5613 5672 5230 5148 5876 5510 5859 5452 5351 5747 5233 5465 5130 5462 5227 5602 5834 5169 5528 5497 5415 5616 5609 5467 5921 5007 5736 5464 5630 5350 5565 5830 5535 5655 5293 5400 5729 5294 5667 5387 5790 5029 5551 5737 5424 5562 5452 5662 5513 5895 5450 5935 5921 5147 5722 5623 5777 5128 5212 5336 5229 5734 5749 4841 5039 5554 5260 5413 5487 5688 5065 5425 5249 5404 5739 5377 5596 5611 6052 5342 5245 5393 5558 5726 5777 5271 5447 5856 5690 5591 5358 5502 5222 5217 5459 5333 5387 5368 5196 5129 5079 4943 4959 5381 5271 5842 5030 5191 5271 5920 5089 5391 5146 5720 5187 5528 5428 5683 5673 5925 5324 5474 5620 5212 5585 5223 5314 5547 5044 5135 5714 5399 5445 5165 5573 5202 5454 5186 5499 5280 5343 5696 5445 5945 5201 5339 5844 5531 5146 5405 5516 5556 5249 5644 5419 5244 5444
5586 5796 5407 5462 5588 5227 5461 5845 5253 5161 5497 5215 5528 5946 5432 5393 4994 5371 5654 5491 5031 5484 5991 5836 5575 5395 5578 5479 5459 5450 5418 5440 5824 5378 5560 5273 5338 5542 5645 5515 5723 5163 5715 4910 5288 5646 5150 5830 5618 5608 5215 5441 5237 5474 5607 4924 5249 5264 5691 5528 5142 5517 5406 5336 4958 5761 5755 5548 5588 5318 5274 5146 4865 5105 5052 5525 5563 5476 5245 5032 5802 5778 5409 5493 5448 5218 5637 5728 5022 5633 5616 5302 5291 5701 5103 5244 5792 5483 5132 5302 5234 5770 5770 5288 5780 5541 5511 5999 5852 5857 5393 5548 5855 5901 5312 5365 5878 5363 5636 5652 5599 5483 5494 5265 5523 5643 5656 5575 4800 4479 5180 5476 5483 5683 5347 5505 5558 5629 5205 5396 5347 5569 5266 5961 5755 5423 5325 5794 5379 5580 5657 5510 5829 5337 5679 5330 5653 5334 5295 5882 5370 5459 5455 5352 5766 5696 5515 5768 4981 5467 5579 5784 5034 5664 5410 5484 5831 5267 5108 5366 5529 5627 5114 5823 5193 5545 5888 5335 6085 5221 5501 5663 6059 5251 5872 5877 5486 5646 5620 5541 5127 5463 5562 5134 5643 5692 4886 5182 5415 5091 5481 5628 5816 4957 5634 5628 5271 5506 5479 5848 5596 5787 5471 5411 5199 5402 5817 5321 5352 5523 5966 5458 5445 5517 5567 5285 5443 5286 5651 5518 5576 5376 5209 5258 5092 5067 5370 5279 5750 4966 4958 5135 5733 5257 5179 5130 5548 5279 5600 5115 5791 5697 5984 5756 5753 5662 5143 5341 5287 5103 5566 5040 5161 5859 5423 5522 5384 5381 5268 5467 5127 5436 5496 5368 5614 5481 5656 5193 5657 5673 5288 5013 5507 5823 5663 5321 5575 5241 5165 5514
5112 5447 4559 4897 5064 4984 4860 5389 4731 4461 5287 5069 5138 5312 5161 4861 4422 4639 5201 4892 4581 4944 5543 5291 5129 4977 4978 4814 5186 4643 4865 5247 5268 5136 5224 4741 4700 5005 4996 5353 5324 4746 4979 4887 4756 5166 4791 5214 5063 4882 5064 4966 4659 4935 5298 4617 4788 4840 5464 4899 4514 5204 5002 4705 4626 5255 5469 4951 4928 4826 4908 4631 4331 4783 4489 5130 5156 4961 5229 4472 4914 4941 4784 4871 5022 4758 5024 4966 4642 5150 5293 5006 5065 5002 4843 4982 5267 4932 4905 4832 4808 5219 5148 4743 5110 5054 5066 5340 5139 5442 4983 5081 5478 5078 5157 5007 5104 4607 5071 5268 4772 5181 4943 4704 5140 5140 4878 5106 4730 4436 4841 5000 5160 5019 5100 4829 5081 5301 4631 4699 4942 5188 4609 5230 5122 5119 4816 5560 5096 5283 5057 4991 5516 5099 5246 4934 5324 4714 5183 5567 4676 5134 4864 5071 5263 5321 5025 5138 4565 5220 5425 5098 4864 5008 5138 4941 5226 4615 4975 5106 4880 5005 4970 5239 4369 5056 5190 4786 5189 5072 5284 5343 5335 5029 5245 5513 4801 5165 5006 5072 4774 4763 4848 4974 5287 5540 4476 4822 4956 4595 4888 5089 4959 4361 5166 5212 5141 5200 5085 5037 5054 5374 5017 5108 4867 5090 5043 4977 4859 5160 5332 5182 5027 4962 5155 4865 4844 4811 5013 4795 5197 4890 4720 4776 4724 4606 4824 4844 5148 4824 4706 4901 5028 4442 4926 4751 5063 4969 5211 4793 5051 5145 5520 5029 5152 5254 5109 5186 4896 5087 4868 4592 4869 5415 4744 5150 4792 4905 4944 5042 4653 4948 5070 5196 5150 4920 5010 4728 5059 5040 5045 4776 5241 4999 4983 5115 5146 4919 4748 5222
5435 5281 4914 5367 5383 5155 5093 5949 5229 4967 5285 5329 5461 5949 5343 5265 4654 5073 5405 5416 4931 5337 5725 5610 5233 5210 5557 5323 5529 5202 5069 5260 5571 5365 5180 5092 5165 5415 5575 5740 5463 5320 5698 4570 5276 5549 5235 5508 5492 5217 5450 5031 5163 5465 5534 4868 5218 5115 5799 5456 4974 5431 5156 5276 5038 5595 5689 5445 5394 5205 5191 5039 4784 4872 4779 5498 4972 5348 5381 4794 5377 5208 5222 5429 5425 4883 5607 5305 4805 5540 5499 5182 5280 5468 5308 5200 5463 5270 5132 5193 5170 5733 5431 5140 5362 5408 5468 5749 5531 5657 5334 5363 5534 5404 5347 5114 5634 4940 5387 5795 5194 5280 5375 5140 5713 5439 5424 5627 4740 4451 4974 5383 5183 5561 5260 5056 5537 5523 5128 5343 5371 5914 4989 5532 5449 5236 5312 5760 5248 5789 5210 5345 5684 5390 5208 5003 5605 5040 5287 5716 5189 5323 5429 5131 5750 5722 5382 5480 4865 5588 5459 5601 5220 5259 5469 5221 4933 5180 5482 5339 5196 5306 5128 5510 4836 5450 5751 5334 5436 5530 5499 5326 5536 5089 5660 5656 4930 5723 5450 5578 5166 4915 5353 5345 5548 5684 4861 5130 5447 5043 5290 5629 5391 4831 5482 5332 5146 5637 5400 5439 5424 5478 5023 5476 5211 5299 5416 5284 5005 5569 5667 5056 5240 5511 5489 4998 5289 5583 5273 5343 5382 5188 4782 4722 5029 5076 5313 5065 5659 4956 5125 5099 5607 4936 5048 4861 5210 5256 5625 5085 5581 5508 5485 5413 5323 5569 5529 5241 4943 5187 5093 5073 5064 5606 4934 5468 5184 5047 5237 5316 4942 5263 5388 5596 5700 5209 5550 5184 5345 5331 5295 4824 5331 4933 5415 5378 5440 5429 4923 5543
4990 5151 4783 5105 5155 4870 5160 5468 4920 4820 5334 5005 5105 5455 4980 5182 4341 4802 4983 5056 4675 5184 5326 5432 4907 4710 5257 4819 5290 5054 5123 5019 5492 5161 4919 4993 4916 4933 5342 5330 5415 4764 5283 4437 4952 5404 4709 5201 5162 5103 5199 4945 4665 4894 5297 4734 4945 4773 5343 5121 4754 5328 5107 4894 4757 5490 5398 5094 5031 5061 4948 4858 4573 4749 4592 5399 4930 5159 5130 4563 5162 4968 4714 4999 5121 5061 5155 5067 4719 5129 5069 4620 4870 4996 4910 5134 5279 5068 4886 4765 5117 5345 5258 4982 5094 4972 4825 5558 5112 5457 4800 5118 5340 5189 5149 5067 5346 4756 5130 5549 5015 5250 5024 4872 5142 5244 4949 5153 4626 4399 4784 4970 5294 5402 4931 5088 5231 5562 5161 4826 5089 5348 4893 5207 5149 4874 4884 5448 5182 5591 5090 4980 5294 4843 5017 4832 5059 4617 4833 5559 4708 4976 4958 5022 5454 5419 5075 5205 4573 5343 5080 5198 4937 5251 5178 5119 5336 4953 4928 5242 5011 4947 4801 5325 4770 5042 5227 5133 5115 5126 5191 5164 5406 4962 5329 5627 4842 4992 5309 4868 4882 4909 5036 4893 5247 5310 4653 4946 4945 4715 5178 5257 5125 4661 5095 5122 5148 5066 5111 5165 5178 5580 4655 5198 4970 5211 5272 4942 4820 5211 5441 5245 5065 5158 5353 4900 5135 5140 5271 5057 5033 4921 4611 4542 4892 4744 5179 4939 5165 4775 4491 4919 5425 4779 4872 4521 4983 5217 4936 4872 5367 5119 5320 4975 5327 4992 4980 5095 4779 4961 4793 4632 4837 5490 4997 5138 4653 4834 4969 4995 4839 5015 5171 4993 5123 4960 5363 4824 5127 5424 5020 4734 5006 5113 5202 4990 5065 5123 4881 5298
5459 5613 5323 5294 5702 5465 5354 5809 5311 5039 5662 5625 5526 5790 5307 5460 4986 5145 5334 5664 4982 5533 5858 5538 5557 5215 5442 5404 5331 5528 5244 5439 5761 5502 5451 5446 5210 5526 5797 5651 5591 5197 5518 5020 5288 5783 5253 5763 5620 5218 5597 5277 5119 5625 5978 5198 5297 5153 5964 5300 5062 5388 5281 5372 5393 5602 5761 5475 5576 5334 5380 4996 5096 5272 5118 5455 5350 5246 5490 5096 5514 5561 5362 5333 5174 5293 5683 5605 5276 5722 5702 5311 5394 5606 5011 5472 5790 5453 5090 5345 5210 5733 5422 5431 5212 5559 5615 5745 5504 5502 5601 5611 5825 5569 5595 5533 5621 5090 5795 5903 5154 5520 5623 5227 5441 5339 5397 5601 4916 4686 5001 5277 5609 5664 5458 5259 5660 5866 5477 5546 5284 5598 5283 5750 5655 5657 5193 5826 5239 5884 5419 5265 5674 5383 5199 5365 5616 5200 5352 5864 4992 5443 5165 5412 5547 5768 5263 5803 5042 5633 5304 5593 5349 5416 5252 5448 5682 5314 5438 5617 5350 5388 5228 5744 4966 5422 5801 5273 5522 5518 5627 5475 5763 5322 5972 5928 5177 5608 5631 5607 5274 5219 5427 5263 5405 5717 5089 5193 5461 5081 5449 5489 5585 5027 5361 5381 5309 5627 5524 5457 5396 5608 5374 5274 5566 5591 5563 5467 5040 5648 5775 5444 5443 5199 5526 5357 5336 5418 5573 5349 5669 5213 5179 5115 5127 5173 5146 5215 5770 5076 5087 5230 5694 5054 5400 5140 5282 5331 5564 5168 5768 5449 5650 5241 5617 5629 5512 5391 5238 5340 5192 4886 5537 6056 5330 5420 5409 5345 5048 5409 5235 5396 5503 5763 5686 5422 5655 5169 5465 5545 5246 5058 5537 5396 5541 5287 5512 5588 5054 5442
5285 5366 4954 5159 5534 5193 4946 5891 5139 4733 5428 5374 5223 5559 5139 5533 4585 4848 5380 5289 5163 5383 5489 5517 5199 5012 5611 5212 5394 5247 5351 5027 5382 5328 5508 5089 5241 4806 5375 5211 5330 5154 5320 4781 5156 5497 5136 5378 5086 5126 5477 5054 4809 5260 5470 4716 4896 4958 5475 5155 4950 5212 5144 5093 5109 5685 5634 5324 5198 5169 5058 4921 4838 4949 4794 5238 5275 4983 5050 4851 5212 5293 5056 5429 5246 5312 5616 5192 5222 5428 5564 5096 5121 5208 4989 5080 5208 5460 4978 5078 4835 5272 5272 5157 5283 5222 5213 5642 5414 5504 4956 5715 5524 5324 5296 5366 5327 4843 5569 5497 4770 5393 5562 5279 5302 5182 5309 5292 4767 4516 4815 5180 5425 5380 5067 5267 5349 5583 5269 5188 5227 5491 5088 5566 5250 5290 5224 5623 4996 5549 5243 5479 5396 5349 5082 5280 5135 4988 5269 5440 5071 5242 5298 5315 5420 5334 5220 5457 4859 5446 5165 5421 5039 5128 5290 5384 5259 5128 5022 5259 5120 5447 4941 5306 4566 5257 5464 5180 5642 5220 5260 5691 5480 5141 5689 5490 4973 5536 5311 5356 4927 4991 5280 5093 5552 5341 5076 5008 5140 5101 5198 5297 5739 4903 5094 5389 5389 5423 5507 5632 5431 5608 5141 5332 5147 5384 5358 5208 4919 5336 5772 5106 5132 5199 5527 5003 4930 5206 5142 5205 5389 4909 5071 5034 4833 5113 5381 4883 5351 4589 4694 4967 5286 4838 4748 4828 5245 4882 5210 4956 5155 5203 5753 5464 5462 5403 5232 5345 5085 5054 4923 4752 4977 5526 5281 5365 4955 4938 5050 5039 4867 5189 5072 5406 5546 5209 5480 4920 5506 5722 5225 4769 5273 5244 5353 5366 5289 5066 5388 5160
5170 5342 4635 5083 5220 5155 4767 5421 4935 4710 5111 5400 5184 5426 5049 5309 4627 5151 5457 5206 4985 5215 5542 5229 5304 5125 5199 5076 5157 5042 5169 5062 5183 5321 5453 4936 4884 5273 5150 5010 5314 5222 5415 4966 4983 5220 5061 5335 5284 5000 5427 5104 4746 5252 5353 4662 5133 4977 5391 5154 4611 5156 5098 4974 5051 5320 5527 5236 5251 5092 4689 4701 4703 4988 4553 5290 4760 5050 5217 4839 4984 5145 5104 5134 5139 4793 5471 5292 4729 5464 5370 5058 5114 5544 5097 5135 5288 5081 4999 4876 4772 5409 5076 4959 5177 5237 5315 5530 5570 5148 4939 5293 5280 5197 5360 5035 5545 4810 5394 5295 4897 5004 5253 4894 5263 5095 5211 5216 5011 4382 4563 5156 5210 5426 5116 5101 5022 5346 4699 5286 5227 5397 4753 5278 5374 5044 5132 5519 5344 5314 5092 5055 5346 4968 5008 4921 5310 4767 4975 5682 5102 5427 5094 4990 5271 5147 4825 5591 4782 5472 5195 5427 4913 5161 5188 4958 4873 5020 5389 5215 5000 5160 4751 5243 4439 5147 5419 5316 5470 4954 5164 5302 5710 5075 5447 5348 4886 5418 5036 5252 4920 4756 5031 5048 5359 5624 4526 5157 5209 4607 5075 5160 5311 4786 5136 4983 4965 5218 5297 5439 5345 5613 5314 4993 5217 5415 5026 5025 4808 5070 5511 5049 5196 4788 5303 4898 4947 5042 5199 5184 5221 4953 4934 4873 4647 4686 4749 5262 4989 4871 4829 4984 5297 4484 5034 4794 5318 5047 5493 4998 5376 5312 5305 5038 5008 5465 5047 5094 4829 5033 4996 4652 5013 5453 5035 5122 5050 4778 4970 5393 4855 5024 5165 5233 5361 4952 5396 5012 5587 5240 5158 4984 5261 5105 5336 5037 5326 5213 4927 5180
5297 5641 4854 5286 5125 5019 4975 5545 5239 5080 5390 5202 5445 5604 4929 5289 4733 5039 5354 5305 4946 5470 5736 5372 5238 5049 5101 5220 5444 4978 5403 5091 5538 5471 5587 5126 5134 5221 5380 5442 5565 5255 5553 4911 4983 5378 4789 5505 5380 5212 5371 5120 5036 5446 5518 4749 5039 5163 5725 5208 5043 5376 5249 5252 5203 5490 5590 5151 5244 5247 4989 4934 4879 5154 4853 5346 5179 5099 5313 4981 5206 5609 5196 5271 5344 4919 5725 5354 5018 5272 5542 5008 5252 5602 4821 5217 5721 5203 4917 5202 5114 5378 5347 4995 5434 5664 5406 5734 5633 5466 5344 5375 5435 5440 5408 5275 5229 4885 5395 5592 5039 5618 5277 5112 5230 5199 5376 5391 4857 4371 5014 5059 5372 5244 5085 5212 5195 5811 5315 5247 5265 5517 4793 5620 5506 5408 4903 5430 5171 5710 5300 5351 5435 5344 5296 5227 5357 5078 5326 5596 4935 5381 5313 5026 5452 5599 5074 5611 4781 5550 5245 5350 5165 5150 5538 5447 5470 5298 4821 5513 5123 5249 5254 5490 4717 5164 5537 5337 5377 5143 5405 5270 5542 5094 5539 5742 5037 5300 5233 5292 5096 4908 5187 5145 5221 5722 4944 5102 5298 4872 5307 5383 5564 5034 5338 5309 5492 5385 5478 5475 5544 5481 4923 5110 5173 5260 5360 5134 5020 5097 5544 5334 5377 5429 5511 5071 5018 5299 5410 5342 5440 5240 4837 5079 5267 4864 5375 5139 5601 4925 5047 5156 5430 4992 5039 4897 5269 5123 5342 5232 5468 5467 5910 5259 5577 5435 4973 4986 5090 4918 5219 4994 5232 5581 5363 5369 5083 5181 4954 5323 5218 5221 5390 5371 5726 5084 5721 5015 5131 5327 5135 4789 5074 5353 5294 5214 5164 5157 5274 5167
5266 5221 4727 5027 5093 4919 4834 5355 5018 4848 5247 5199 5152 5513 4989 5046 4814 4633 5111 5114 5015 4924 5365 5493 5076 4730 5369 4855 5110 5114 5177 4918 5241 5244 5239 4967 5038 4936 5051 5372 5135 5027 5354 4864 4829 5125 4911 5465 5060 4878 5039 4855 4701 5178 5544 4680 4972 5116 5041 5104 4687 5232 4546 4956 4895 5487 5760 5162 5092 4905 4833 4640 4616 4781 4376 5059 5072 4715 4928 4555 4880 5099 4659 4989 5052 4935 5205 5075 4672 5156 5214 4828 4984 5069 4681 5017 5241 5278 4703 4613 4759 5371 5048 4630 5024 5114 4995 5397 5300 5290 5108 5156 5300 5144 4797 5319 5060 4814 5161 5465 4954 5233 5080 4793 5361 5074 4923 5260 4688 4072 4590 5010 5226 5175 4887 4951 5343 5490 5011 4920 5070 5199 5005 5262 5300 5050 4664 5260 5056 5291 5042 5053 5120 5118 5159 4942 5234 4792 5029 5517 4919 4610 4890 4806 5182 5405 4947 5370 4774 5465 4963 5116 4702 4924 5085 5101 5384 4765 4968 5214 5001 5270 4879 5293 4566 5108 5153 4828 5527 5243 5327 5162 5390 5036 5371 5363 5056 5299 5111 5061 4725 4919 5032 4743 4978 5390 4621 4835 4897 4626 5196 4930 5367 4839 5102 5326 4850 4946 5147 5276 4911 5334 4849 5030 4965 5218 5243 4932 5162 4951 5624 5295 4905 4753 5106 4818 5217 5043 5231 5089 5134 4817 4819 4651 4774 4728 5037 4903 5207 4386 4879 4706 5231 4744 5010 4555 4927 4942 5182 4781 5347 5159 5371 4952 5177 4990 4958 4946 5006 5021 4703 4760 5014 5355 4835 5247 4808 4948 4898 4955 4462 4841 5019 5079 5370 5138 5525 4798 5155 5051 4949 4601 5171 5378 5090 4964 5138 5069 4998 5139
5464 5332 4803 5303 5390 5196 4834 5499 4859 5071 5407 5191 5267 5524 5013 5184 4287 4861 5168 5128 5029 5378 5724 5415 4880 4956 5455 5258 5475 4936 4985 5173 5424 5303 5154 5067 5088 5186 5315 5257 5408 4859 5335 4526 5016 5466 4941 5217 5326 5113 4987 4898 4897 5262 5209 4960 5002 4922 5328 5115 5053 5472 5042 4957 5304 5406 5370 5220 5324 4941 4716 4720 4864 4962 4604 5294 5029 4881 5312 4741 5018 5264 4943 5055 4911 4792 5358 5144 4922 5226 5437 5068 5077 5204 5030 5253 5082 4990 5062 4991 4980 5378 5290 4761 5194 5192 5256 5482 5300 5537 4944 5230 5400 5272 5237 5181 5233 4612 5161 5489 4967 5098 5333 5074 5189 5295 5164 5355 4758 4260 4735 4939 5474 5325 4892 5314 5172 5782 4940 5049 5127 5536 4742 5487 5561 5099 5071 5507 5223 5496 5254 5040 5268 4979 5278 5120 5134 4885 5073 5447 4806 5290 5129 5104 5405 5329 5311 5407 4628 5199 5198 5213 5016 5077 5200 5135 5006 4993 4872 5379 5004 5095 4818 5208 4666 5183 5610 4981 5272 5074 5325 5438 5565 4999 5409 5749 4730 5245 5362 5162 5136 4718 5090 5088 5261 5322 4909 5033 5193 4733 5322 5520 4967 4917 5207 5133 4990 5099 5207 5242 5088 5663 4861 5041 5222 5166 5449 5086 4869 5360 5552 5199 5059 5225 5461 4888 5151 5268 5274 4902 5241 4985 4809 4605 4907 4800 4942 5110 5414 4740 4996 5082 5318 4744 5085 4860 5237 5090 5253 5007 5266 5550 5504 5261 5325 5144 4876 5181 4900 4947 4746 4731 4650 5740 4638 5438 4968 4888 4807 4914 5172 5190 5058 5378 5146 5011 5079 4695 5224 5233 5232 4757 5490 5039 5318 4885 5415 4987 4922 5477
5336 5491 4977 5145 5345 5360 4805 5701 5043 4907 5307 5176 5382 5528 5160 5384 4958 4995 5252 5297 5131 5100 5481 5482 5250 4943 5408 4976 5458 5132 5457 5202 5272 5276 5378 4948 4928 5001 5315 5403 5290 4872 5366 5034 4966 5427 4970 5584 5212 5038 5221 5078 4907 5235 5403 4755 4956 5238 5263 5013 4865 5337 5089 5178 4955 5504 5532 5152 5254 5039 4909 4669 4934 4824 4696 5342 5232 5048 5355 4790 5049 5252 4957 5492 5231 4885 5697 5459 5002 5454 5332 5015 5207 5148 4982 5191 5460 5327 5084 4989 4760 5439 5265 5130 4870 5396 5277 5479 5485 5532 4889 5348 5211 5292 5035 5162 5483 4714 5328 5448 4936 5614 5422 4951 5407 5288 5551 5357 4775 4208 4877 5177 5373 5213 4978 5204 5198 5471 5334 5114 5149 5609 5126 5491 5489 4980 4899 5548 4960 5492 5160 5221 5386 5200 5228 5271 5371 5159 5135 5569 4979 5293 5034 5188 5262 5533 5137 5277 4699 5377 5201 5433 5105 5086 5408 5385 5339 5175 5185 5349 5335 5358 4965 5375 4686 5310 5295 5128 5459 5061 5324 5397 5636 5254 5639 5467 4967 5309 5301 5260 4974 5033 5209 4942 5319 5501 4750 4911 5204 4901 4964 5338 5527 4788 5203 5259 5089 5403 5152 5455 5364 5650 5039 5417 4849 5403 5209 5080 5110 5208 5536 5428 5175 5058 5579 4822 5170 5224 5598 5211 5290 5026 4875 4928 4742 4875 5453 4988 5465 4962 4842 4984 5333 4803 4998 4900 5215 5225 5293 5249 5461 5531 5490 5285 5183 5342 5218 5355 5157 4958 5008 4953 5063 5471 4905 5368 4878 5050 5042 5002 4840 5068 5258 5424 5281 5054 5561 4938 4998 5343 5217 4941 5319 5213 5105 5138 5028 5208 4972 5502
5663 5704 5221 5503 5782 5423 5441 5964 5675 5101 5742 5633 5724 5785 5556 5443 5133 5092 5588 5588 5422 5556 5888 5704 5490 5407 5794 5249 5901 5427 5531 5294 5925 5591 5725 5222 5627 5438 5937 5555 5629 5474 5755 5161 5338 5565 5382 5941 5561 5311 5492 5139 5403 5706 5982 5064 5349 5311 5867 5562 5090 5734 5274 5253 5035 5998 6205 5579 5812 5339 5347 5265 4987 5393 4944 5706 5707 5414 5302 5273 5357 5887 5313 5554 5504 5342 5697 5762 5266 5692 5835 5557 5384 5521 5474 5531 6002 5344 5127 5230 5105 5820 5785 5384 5744 5690 5850 5774 5756 5750 5607 5691 5718 5630 5527 5495 5720 5220 5757 5820 5446 5623 5773 5344 5554 5641 5474 5533 5097 4490 5200 5518 5778 5873 5315 5525 5534 6009 5515 5643 5607 5655 5183 5780 6055 5512 5448 5779 5652 5921 5543 5693 5702 5453 5589 5334 5782 5422 5381 5906 5369 5671 5372 5649 5696 5946 5643 5705 5081 5833 5625 5590 5388 5576 5677 5652 5686 5306 5399 5587 5635 5426 5201 5417 5054 5726 5632 5533 5962 5395 5654 5604 5971 5593 6076 5847 5255 5647 5231 5679 5489 5234 5574 5276 5649 5698 5281 5247 5448 5063 5581 5837 5617 5306 5644 5481 5375 5661 5684 5829 5260 5889 5446 5466 5504 5608 5498 5482 5421 5424 6039 5635 5500 5310 5725 5321 5489 5573 5552 5483 5444 5343 5174 5040 5276 5454 5407 5363 5668 5257 5090 5211 5768 5176 5184 5260 5654 5351 5811 5565 5717 5777 5564 5672 5699 5648 5518 5553 5187 5391 5381 5036 5196 6060 5175 5745 5349 5183 5324 5502 5122 5570 5477 5380 5752 5618 5506 5303 5498 5709 5197 5243 5558 5565 5539 5626 5514 5370 5372 5679
5020 5383 4813 4839 5378 5035 5038 5590 4992 5017 5362 5113 5253 5392 5063 5419 4959 4863 4933 5128 4898 5194 5588 5360 5169 4945 5364 5113 5421 5081 5154 4985 5549 5056 5099 4935 4941 4897 5280 5306 5256 4906 5350 4867 5172 5350 4815 5389 5109 5037 5156 4935 5008 5282 5410 4762 5059 4905 5486 5035 4765 5300 5195 4780 4798 5536 5445 5240 5293 4906 4995 4532 4872 4814 4786 5198 5194 5058 5117 4793 5180 5405 4896 5208 5149 4845 5379 5395 4745 5498 5328 4988 4981 5337 4632 5022 5461 5163 5081 5092 4835 5467 5291 4997 5199 5308 5116 5427 5360 5440 4892 5432 5447 5228 4999 5318 5396 4688 5486 5424 4912 5474 5625 5069 4917 5353 5168 5311 4729 4352 5107 4883 5290 5503 4971 5243 5124 5458 4993 5194 5285 5168 4910 5620 5366 4981 4931 5505 4958 5590 5115 5313 5162 5445 4866 5071 5221 4993 5071 5444 5067 5020 5058 5050 5239 5289 4863 5280 4616 5407 5321 5442 4967 5235 5470 5159 5465 5227 4809 5204 4869 5179 5006 5355 4489 4955 5453 4958 5218 5295 5201 5300 5389 5033 5386 5451 4789 5372 5084 5167 5144 5068 5029 5103 5332 5505 4872 4719 5166 5003 5084 5160 5333 4821 5066 4970 5182 5145 5380 5234 5361 5219 5153 5291 5003 4958 5039 5176 5067 5102 5340 5029 5070 4969 5309 4837 5161 5007 5372 5033 5072 4927 4837 4745 4788 5079 4997 4661 5477 4700 4578 4857 5379 4829 5027 5018 5161 5196 4952 5042 5584 5337 5397 4961 5341 5200 4880 5220 4883 4920 5051 4753 4835 5497 5403 5373 4856 5150 4886 5206 4851 5155 5303 5219 5416 4917 5538 4988 5171 5240 4990 4920 5182 5274 5088 5167 4920 4979 4770 5079
5196 5031 4774 4984 5413 5163 5052 5516 4785 4639 5339 5081 5194 5493 4962 4866 4622 4687 5043 5036 4943 4994 5487 5238 5056 4990 5237 4765 5234 5017 5070 5214 5183 5233 5029 4895 4828 5366 5355 5169 5136 4876 5435 4685 4903 5129 4617 5186 5288 4859 5094 4738 4608 5022 5418 4456 4875 4926 5234 5132 4725 5187 4769 5057 4793 5352 5483 5329 5024 4788 4627 4462 4435 4796 4466 5041 5181 5013 4989 4630 4999 5024 4670 5268 4929 4698 5260 5164 4841 5271 5297 4906 5058 5409 4810 5045 5278 4915 4651 4775 4567 5291 5175 4721 4704 5171 5054 5211 5372 5306 5060 5223 5134 5018 4954 5342 5431 4617 5031 5385 4914 5208 5393 4902 5270 5336 5237 5288 4709 4115 4692 5275 5189 5260 4879 4922 5358 5437 5040 4862 5113 5466 4845 5386 5416 5052 4610 5506 5055 5338 5290 5036 5165 4994 4997 4917 5113 4930 4994 5511 5061 5173 4746 5064 5285 5396 4965 5133 4779 5191 5202 5245 4731 4978 5241 5130 5154 4895 5062 5360 4978 5289 4780 4968 4610 5360 5308 4952 5559 4900 4966 5069 5377 5034 5290 5491 4924 5135 5237 5108 4834 4927 5083 4905 5233 5383 4594 4689 4800 4667 5226 5201 5148 4799 5254 5130 4841 5099 4997 5295 5196 5441 4931 5041 4857 5223 5003 5030 4723 5015 5494 5098 5010 4996 5160 4759 5105 4970 5169 5175 5400 4711 4738 4706 4586 4709 5162 4769 5144 4734 4800 4879 5415 4550 4902 4671 4979 4811 5159 4785 5393 5115 5433 5092 5055 5287 5001 4983 4897 4838 4867 4563 4955 5559 4752 5068 4855 4823 4892 4896 4910 5156 4924 4963 5294 4918 5112 4928 5019 5343 5035 4838 5175 5241 4981 4826 4850 4877 4626 5170
4843 5175 4498 4857 4962 4842 4789 5546 4773 4640 5099 4743 5116 5382 4827 5108 4320 5069 4942 4945 4709 4859 5210 5463 5089 4993 4854 4867 5115 5005 4975 4919 5091 4914 5021 4852 4637 4975 5045 5088 5136 4732 4993 4660 4729 5177 4773 5162 5049 4699 5059 4930 4580 4960 5333 4586 4941 4614 5317 4966 4457 4962 5026 4674 4586 4786 5207 4906 4972 4643 4902 4634 4654 4796 4418 5193 4882 4842 4852 4599 4977 4908 4510 4980 5106 4731 5142 4971 4430 5135 5224 4654 4719 5164 4676 4838 5292 4983 4850 4564 4647 5373 5047 4743 4977 4940 4931 5341 5300 5303 4757 4984 5232 5084 4871 4908 5402 4679 5134 5374 4612 5199 5209 4861 5095 4892 5054 4996 4542 4157 4465 4833 4898 4943 4960 5074 4672 5378 4764 4965 4773 5148 4764 5353 5066 4849 4884 5326 4768 5306 5020 5004 5173 4988 4894 4634 5052 4502 4966 5387 4678 5087 4828 5010 4996 5107 4828 5093 4593 5195 4967 5046 5004 5206 4903 5107 5264 4810 4837 4904 4905 4905 4562 5260 4373 5013 5171 5045 4922 4691 4903 4909 5349 5066 5315 5188 4899 5046 5197 4805 4827 4644 4929 4606 5046 5201 4487 4708 4994 4652 4751 4767 5284 4557 5015 4983 5012 4874 5043 5060 4907 5674 4907 4924 4765 5013 4853 5043 4760 5197 5272 5027 5051 4971 5013 4776 4910 4977 4832 4694 4932 4791 4719 4252 4679 4652 4980 4614 5367 4606 4406 4445 5357 4625 4926 4603 4921 4724 4991 4637 5009 5087 5181 4659 5112 5175 4761 4888 4679 5062 4788 4553 4769 5110 4710 4923 4728 4853 4776 4789 4292 4789 5063 5187 5148 4736 5103 4458 5043 4977 4923 4696 4682 4795 4979 4960 5083 4990 4858 5206
5430 5526 4885 5088 5215 5090 4844 5611 5266 4898 5032 5175 5226 5572 5097 5122 4534 4982 5266 5215 5123 5233 5640 5637 5270 5158 5317 5288 5388 5124 5235 5236 5302 5281 5255 5087 5062 5275 5458 5427 5301 4888 5481 4950 4849 5556 4878 5227 5526 5102 5311 4917 4876 5305 5459 4862 5237 4993 5523 5448 4755 5209 5107 5054 4944 5191 5108 5086 5327 5014 4873 4779 4557 4777 4664 5310 4905 5151 5525 4832 5274 5290 4901 5333 5034 5045 5380 5439 4702 5155 5343 4926 5211 5519 4809 4876 5440 4882 4918 4881 5178 5440 5268 4898 5390 5108 5157 5404 5658 5189 5171 5298 5362 5520 5383 5162 5386 4737 5212 5541 5318 5295 5265 5064 5284 5334 5298 5304 4748 4525 5070 5253 5165 5497 5031 5243 5138 5302 4739 5176 4950 5425 4942 5493 5520 4980 4920 5577 5201 5557 5097 5002 5492 5292 5052 4963 5206 4955 5018 5775 4971 5340 5085 4979 5435 5404 5122 5435 4462 5336 5056 5329 5031 5316 5303 5227 5428 5037 5090 5178 4952 5331 4983 5466 4790 5194 5527 5195 5076 4990 5096 5371 5343 5146 5661 5468 5365 5194 5180 5265 5178 5023 5216 4918 5227 5328 4703 5035 5160 4776 5085 5463 5142 4885 5104 5073 4896 5241 5119 5506 5363 5668 5058 4888 5153 5363 5283 4975 4912 5339 5660 5275 5234 5316 5692 4974 4996 4802 5263 5145 5105 5075 4928 4865 4839 4629 4926 5060 5361 4953 4876 4616 5484 4952 5095 4888 5243 4815 5433 5035 5454 5427 5528 5096 5211 5492 4967 5137 4807 4982 5209 4668 5184 5644 4916 5008 5070 4815 4850 4948 4815 5073 5257 5199 5509 4930 5395 4795 5408 5238 5312 4793 5326 5144 5362 5189 5270 5208 4896 5130
5135 5462 4710 4976 5056 5012 4969 5478 5025 4614 5527 4909 5171 5336 4870 5011 4617 4706 5109 4854 4747 5005 5513 5389 5195 4876 5286 5005 5185 5008 5057 4958 4903 5235 5306 4780 4863 5148 5005 5457 5200 4658 5108 4889 4817 5162 4797 5580 5245 4763 5204 4949 4741 5080 5269 4584 4894 4900 5463 4991 4528 5276 4942 4913 4738 5142 5426 5251 5143 4763 4954 4626 4524 4945 4723 4919 4887 4986 5214 4544 5064 5064 4908 5103 4963 4787 5215 5175 4776 5230 5335 5126 5012 5345 4859 5057 5114 5174 4670 4851 4970 5289 5178 4905 5146 5211 5238 5352 5710 5276 5037 5100 5152 5123 5177 5114 5293 4855 5160 5227 4769 5313 5091 4932 5172 4911 5202 5281 4930 4285 4903 4836 5249 5287 4996 4928 4898 5420 5185 5165 5020 5227 4828 5195 5382 5112 5088 5439 4794 5489 5009 5241 5087 5276 5115 4905 5239 4497 5074 5670 4855 5069 4871 4939 5160 5366 4975 5320 4683 5227 5356 5085 4863 5232 5361 5012 5319 4933 4939 5181 5159 5278 4894 5066 4655 5067 5102 5134 5301 4711 5105 5325 5385 5107 5382 5344 4820 4925 5026 5125 5030 4674 4941 4885 4973 5214 4624 4781 5035 4739 4952 5080 5168 4460 5007 4974 4712 5183 5197 5212 5177 5287 4954 5131 4637 5090 4939 4725 4998 4983 5388 5043 5143 4995 5274 4752 4940 4907 5367 4806 5101 5063 4558 4611 4511 4724 4976 4844 5226 4597 4773 4873 5224 4632 4714 4697 4846 5202 5383 5101 5263 5085 5560 5050 5116 5256 5144 5037 4891 5069 4729 4657 5073 5588 5018 5163 5049 4952 5027 4967 4566 4960 5039 5095 5178 5043 5114 4959 5056 5179 4791 4773 5038 5099 5128 4998 5023 4946 4863 5275
5327 5397 4879 5260 5606 5287 5128 5799 5319 4946 5400 5707 5194 5497 5182 5352 4838 5199 5387 5299 5004 5300 5926 5458 5397 5315 5871 5639 5654 5307 5236 5332 5331 5494 5420 5293 5295 5394 5724 5508 5507 4997 5684 5099 5017 5502 5208 5578 5525 5084 5554 5089 5146 5623 5437 5034 5092 5048 5859 5433 5025 5336 5157 5209 5007 5699 5777 5632 5356 5222 5178 4940 4979 4833 4658 5374 5229 5312 5459 4918 5432 5222 5100 5560 5136 5025 5477 5631 4983 5694 5805 5107 5195 5591 5115 5436 5548 5339 5146 5212 4996 5641 5427 5075 5486 5162 5287 5636 5618 5514 5227 5323 5444 5824 5386 5416 5506 5102 5282 5558 5424 5300 5463 5224 5669 5769 5706 5392 4936 4619 5117 5302 5428 5914 5022 5196 5430 5707 5049 5345 5406 5651 5148 5387 5564 5291 5130 5874 5450 5769 5456 5343 5602 5393 5307 5161 5593 5269 5155 6113 5325 5449 5258 5183 5273 5574 5108 5450 4980 5756 5601 5557 5308 5593 5452 5373 5523 5265 5284 5504 5353 5763 5060 5369 5141 5471 5712 5339 5551 5363 5327 5217 5881 5172 5549 5618 5205 5369 5612 5293 5177 5130 5273 5306 5380 5843 4815 5064 5349 4705 5214 5453 5497 5017 5593 5060 5180 5682 5560 5420 5289 5559 5332 5505 5171 5285 5262 5293 5117 5282 5834 5153 5335 5260 5602 5118 5290 5238 5482 5149 5157 5181 5306 4855 4985 5070 5333 5381 5366 5056 5060 5092 5652 4944 5121 4877 5418 5521 5718 5230 5612 5781 5496 5648 5431 5397 5438 5279 5087 5226 5199 5012 5286 5968 5132 5339 5074 5248 5012 5385 4943 5198 5269 5600 5545 5231 5280 4933 5349 5355 5566 5070 5446 5223 5383 5295 5388 5204 5077 5357
5114 4892 4582 4974 4906 5055 4978 5372 5421 4613 5116 5058 5176 5361 5027 4977 4613 4832 5005 5403 5201 4719 5395 5388 5264 4953 5138 4991 5090 4857 5288 5214 5230 5241 5213 4983 4852 5131 5079 5197 4956 4585 5397 4785 4777 5284 4765 5291 4919 5082 4923 4507 4953 5112 5185 4343 4955 4936 5110 5061 4556 5352 4651 4849 4667 5312 5777 5254 4930 4785 4719 4531 4609 4858 4629 5235 5126 4817 4980 4696 4798 5073 4669 5077 5137 4819 5112 5049 4631 5205 5138 4642 5092 5413 4793 4841 5156 4969 5017 4961 4584 5358 5362 4624 5106 4957 5286 5372 5220 5216 4662 5317 5211 5197 4895 5349 5131 4871 4907 5522 5076 4943 5141 4873 5370 5120 4990 5515 4631 4308 4636 4981 5190 5140 5142 4792 5254 5320 5055 4688 4753 5197 4945 5517 5387 4946 4738 5315 5093 5447 5179 4978 5081 5039 4811 5012 5042 4778 4905 5563 4693 4998 4845 4830 5468 5137 4872 5264 4535 5491 5071 5165 4836 4945 5014 5242 5233 4967 4937 4962 5282 4925 4586 5312 4399 5164 5307 5204 5430 4842 5113 5262 5423 5009 5456 5194 4850 5114 4980 5294 4914 4777 5008 4732 5157 5317 4645 4850 4747 4741 5049 5498 5610 4564 4919 5113 5003 5006 5250 5237 5268 5501 4995 5114 5036 5308 4996 5149 4844 5242 5529 4978 4940 5005 5166 4826 5105 5085 4908 4879 4997 4940 4782 4708 4602 4721 5043 4766 5193 4571 4494 4659 5123 4727 4927 4443 4890 4850 5000 4711 5258 5087 5382 5191 5149 4877 5235 5139 5010 5144 4521 4566 4762 5364 4811 5123 4599 4831 4867 4901 4772 5295 5031 4811 5375 4937 5036 4645 5067 5112 4991 4800 5037 5341 5173 4737 4984 5067 4986 5374
5363 5523 5098 5064 5497 5514 5205 5538 5055 4952 5284 5336 5241 5633 5320 5260 4857 5030 5388 5266 5053 5233 5699 5610 5281 5311 5434 5267 5418 5182 5268 5369 5505 5377 5520 5278 5257 5194 5358 5471 5557 5068 5368 5027 5442 5460 5130 5579 5432 5362 5401 5138 5179 5219 5701 4798 5149 5212 5727 5448 4892 5242 5059 5306 5103 5618 5830 5367 5446 5048 4968 4785 4970 4947 4665 5429 5549 5208 5245 4863 5249 5475 5072 4963 5165 5233 5605 5339 5002 5453 5511 4900 5177 5396 4931 5469 5610 5458 5233 5189 5124 5656 5699 5131 5223 5519 5511 5889 5421 5613 5079 5305 5495 5619 5113 5512 5393 5148 5619 5779 4988 5538 5363 4880 5149 5360 5259 5472 4987 4323 5007 5125 5572 5336 5198 5268 5557 5729 5018 5187 5342 5455 5107 5431 5454 5216 5019 5605 5306 5493 5118 5413 5516 5231 5514 5100 5584 4928 5268 5757 5184 5143 5370 5240 5488 5580 5180 5623 5051 5441 5425 5448 4929 5158 5366 5267 5244 4904 5335 5339 5174 5424 5242 5381 4820 5295 5481 5137 5685 5249 5534 5499 5578 5160 5794 5755 5145 5448 5548 5441 5083 5201 5548 5049 5452 5660 4712 4946 5302 4808 5186 5469 5462 4760 5235 5397 5098 5365 5548 5455 5385 5833 5340 5264 5140 5375 5429 5426 5201 5140 5660 5242 5449 4921 5309 5169 5126 5398 5355 5180 5449 5044 4876 5156 4899 4973 5144 5415 5486 4948 4764 5035 5604 4791 5247 4795 5417 5272 5653 5104 5578 5503 5618 5295 5477 5459 5310 5432 5022 5248 5312 4712 5058 5741 5188 5417 4979 5184 5152 5311 5035 5369 5492 5479 5290 5380 5342 5081 5435 5318 5059 4869 5154 5246 5378 5101 5344 5231 5211 5513
5135 5267 4663 4727 4987 4784 5021 5284 4644 4935 4955 5029 4806 5379 4942 4928 4491 4742 4993 5036 4598 5077 5447 5198 5024 4851 5213 5024 5076 4936 4866 4872 5417 4969 4940 4760 4645 5019 5075 5015 5078 4397 5157 4567 4945 5217 4826 5264 4920 4775 4570 4624 4963 5075 5298 4686 4549 4789 5299 4861 4698 5093 4783 4539 4907 5437 5389 4821 5244 4887 4871 4739 4487 4748 4636 5008 5159 4713 5185 4574 4919 5119 4846 4936 4834 5118 5354 4978 4718 5120 5057 4924 4714 5126 4587 5064 5369 4730 4760 4607 4593 5462 5103 4644 5183 5106 5233 5087 5268 5057 4822 5068 5445 5103 5239 5171 4972 4357 5054 5604 4667 5281 5119 4885 4804 4869 5012 5196 4445 4321 4904 4700 5282 5113 4959 4887 5086 5039 4607 4878 4985 5340 4756 5168 5139 5043 4708 5291 4954 5266 5146 4946 5098 5129 4861 5064 4906 4966 5182 5374 4664 4947 4747 5035 5069 5252 4936 5127 4441 5078 5027 5303 4957 4828 5025 5196 4942 4989 4795 5059 4923 5002 4926 5220 4546 5119 5010 4844 5160 4769 5030 4920 5364 4823 5333 5599 4805 4942 5098 5182 4805 4757 5036 4891 4929 5014 4624 4588 4811 4636 4839 5136 4857 4639 4962 5100 4879 5048 5211 4821 4994 5542 4934 4781 4804 5173 5058 4998 4791 5126 5317 5033 5011 4810 5109 4592 4714 4954 5385 4942 4949 4820 4683 4681 4694 4828 5016 4680 5252 4781 4627 4728 5238 4485 4787 4624 4640 4815 5161 4574 5310 4878 5310 4989 5027 5050 5006 5158 4835 5003 4880 4487 4823 5319 4939 4938 4478 5223 4706 4684 4688 4924 4903 4926 5196 4765 5073 4807 4989 5209 4848 4805 5029 4890 4912 4674 4749 4891 4947 4816
4758 4821 4495 4856 4733 4552 4439 5142 4720 4385 4824 4959 4580 4933 4594 4513 4080 4378 4921 4987 4508 4876 4938 5048 4674 4811 5063 4807 5012 4727 4798 4711 4922 4905 4856 4702 4811 4489 5062 4876 4881 4600 4852 4589 4827 4896 4613 5113 4847 4792 4788 4681 4574 4733 4832 4190 4733 4568 5133 4646 4513 4973 4468 4524 4742 5060 5258 4952 4765 4700 4458 4371 4472 4483 4382 4668 4686 4619 4837 4590 4903 4707 4479 4855 4711 4688 5054 4683 4499 5001 5148 4629 4609 4668 4432 4831 4725 4608 4560 4564 4362 5019 4939 4772 4701 4719 4954 5063 4993 4958 4488 4843 5050 4804 4780 4868 5088 4264 4762 5222 4613 4722 4920 4719 5046 5104 4894 4954 4435 4156 4557 4974 4792 5169 4657 4840 4970 5118 4796 4671 4527 4949 4744 5070 5032 4960 4692 4899 4764 5214 4640 4847 5010 4786 4627 4539 4804 4608 4652 5334 4316 4600 4708 4553 5036 4977 4501 4916 4329 5140 4798 4840 4651 4569 4539 4777 4712 4846 4915 4965 5046 4733 4805 4877 4504 4717 5138 4764 5007 4697 4936 4931 5242 4582 5073 5397 4729 4897 4796 4979 4480 4456 4786 4514 4877 5108 4340 4658 5032 4509 4837 4939 4926 4514 4646 4810 4527 4942 4991 4827 4904 5340 4470 4854 4798 4900 4601 4931 4650 5036 5262 4745 4725 4653 4970 4616 4674 4688 4722 4493 4996 4943 4411 4253 4485 4290 4770 4587 4942 4415 4464 4591 5105 4357 4465 4467 4720 4893 4873 4343 4944 4892 5175 4856 4810 4866 4639 4767 4477 4823 4459 4389 4725 5248 4414 4966 4656 4591 4391 4600 4585 4688 4589 4973 4888 4782 4912 4529 5036 4903 4980 4311 4822 4790 4893 4672 4616 4785 4650 4778
5620 6018 5233 5300 5703 5532 5387 5877 5181 5266 5462 5688 5541 5904 5455 5683 5109 5421 5571 5534 5540 5621 6049 5850 5482 5384 5651 5497 5887 5436 5562 5687 5644 5777 5552 5383 5586 5357 5625 5871 5714 5258 5853 5292 5223 5852 5318 5835 5635 5667 5600 5346 5474 5782 5645 4816 5404 5399 6206 5717 5106 5764 5598 5611 5271 5945 5774 5614 5525 5260 5170 5257 5001 5404 5198 5800 5686 5539 5628 5099 5606 5369 5445 5492 5630 5428 5908 5988 5022 5867 5983 5414 5558 5816 5156 5425 5620 5351 5386 5407 5318 5987 5796 5529 5529 5728 5564 6209 6005 5789 5552 5769 5650 5842 5651 5371 5957 5193 5743 6124 5267 5739 5584 5296 5678 5631 5610 5709 4971 4493 5062 5452 5704 5677 5463 5541 5493 5873 5579 5458 5587 5961 5227 5871 5821 5456 5632 6122 5461 6107 5533 5764 5728 5555 5684 5581 5836 5160 5585 6205 5389 5440 5789 5377 5811 5669 5440 5819 5046 5640 5452 5782 5098 5593 5756 5695 5568 5424 5578 5563 5491 5737 5228 5786 4842 5342 5946 5590 5853 5543 5608 5935 5923 5347 5996 6009 5484 5808 5761 5726 5283 5442 5348 5399 5739 6033 4953 5181 5727 5216 5390 5473 5680 5234 5647 5410 5554 5616 5804 5702 5540 5991 5455 5371 5647 5472 5680 5562 5456 5601 5877 5472 5635 5591 5751 5107 5445 5430 5612 5667 5823 5657 5371 5350 5068 5191 5630 5425 5749 5063 4970 5332 5893 5054 5488 5217 5457 5516 5685 5327 5709 5723 5942 5852 5614 5711 5334 5335 5317 5573 5349 4944 5479 6013 5529 5669 5497 5412 5436 5495 5166 5431 5615 5613 5627 5642 5867 5511 5760 5503 5478 5163 5361 5603 5557 5320 5522 5688 5268 5871
5420 5505 4692 5086 5539 5244 5028 5554 5126 4873 5311 4950 5209 5305 4925 5110 5014 4718 5411 5108 5186 5303 5455 5389 5203 5108 5435 5206 5520 5482 5249 5309 5377 5604 5460 5084 5040 5048 5305 5357 5315 5087 5374 4903 5225 5473 5191 5408 5171 5235 5175 4907 5224 5372 5447 4710 4791 5120 5573 5207 4681 5292 5065 5088 4883 5437 5958 5309 5430 4831 4951 4628 4930 4971 4916 5273 5389 5115 5155 4788 5180 5226 4862 5171 4892 4966 5397 5259 4813 5464 5348 5280 4993 5456 4922 5215 5362 4925 4984 5136 4740 5213 5377 5004 4888 5393 5279 5751 5546 5354 5109 5222 5419 5146 5047 5245 5397 4948 5235 5572 4917 5505 5409 4950 5231 5406 5310 5098 5044 4341 4913 5235 5364 5578 4868 5206 5326 5393 5244 5253 5129 5568 5101 5467 5631 5189 4930 5663 5315 5134 5409 5120 5467 5233 5279 5174 5395 4906 5265 5626 4992 5307 5240 5178 5463 5346 5187 5623 4661 5276 5308 5263 5039 5205 5442 5300 5310 4832 5170 5289 5258 5518 4780 5491 4689 5293 5519 5082 5591 5123 5447 5591 5653 5216 5655 5581 5041 5296 5261 5284 4896 4802 5245 5097 5486 5514 4775 4804 5291 4944 5373 5399 5285 4956 5191 5003 5092 5217 5257 5451 5111 5492 5152 5254 4988 5461 5147 5343 5137 5053 5499 5133 5052 5123 5431 4926 5138 5198 5200 5171 5166 5079 5100 4757 5023 5008 5188 5261 5315 4767 4701 5269 5612 4689 4954 4863 5238 5110 5389 5229 5348 5332 5323 5162 5355 5374 5142 5191 5019 5039 5117 4957 5104 5723 4897 5426 5126 5143 4924 5242 5036 5389 5066 5139 5261 5154 5379 4966 5603 5355 5196 4942 5414 5298 5341 5053 5423 5066 4998 5368
5125 5055 4732 4963 5159 5085 4876 5407 4892 4522 5418 5201 5002 5217 5171 4726 4471 4542 5126 5074 4825 5172 5469 5104 4969 4808 5471 4892 5221 4901 5246 4887 5461 5213 4926 4934 4819 4970 5386 5494 5186 4628 5411 4794 4914 5283 4776 5156 5247 4738 4927 4768 4934 5138 5334 4538 4984 4719 5504 5076 4560 5157 5047 4898 4759 5414 5568 5220 5306 4856 4955 4498 4754 4758 4602 5027 4948 5071 5071 4560 4980 5059 4971 4813 5014 4791 5188 5133 4821 5169 5255 4864 5037 5033 4788 4910 5434 4823 4930 4878 4826 5272 5049 4894 4744 5293 5444 5017 5101 5230 5162 5157 5160 5113 4852 5264 4875 4525 5093 5478 4782 5419 5205 4894 5163 5292 5125 5274 4569 4330 4761 4761 5074 5064 4793 4822 5136 5402 4825 4841 4875 5192 4793 5398 5394 4844 5035 5423 5152 5537 5048 5033 5173 5042 5173 5014 5370 4833 4903 5427 4560 5293 4992 4915 5177 5030 4981 5192 4442 5369 5112 5087 4719 4879 5362 5169 5260 4767 5245 5150 4801 4870 4496 5295 4616 4968 5396 4906 5136 4871 5173 4924 5406 5214 5618 5425 4763 4918 4986 5152 5157 4912 5036 4811 5061 5238 4864 4672 4919 4588 5296 4957 5176 4777 5110 5069 4986 5164 5245 5216 4798 5378 5076 5182 5028 5170 5023 4857 5053 5113 5615 5155 5048 4764 5148 4824 5101 4740 4829 5039 4972 4874 4610 4522 4797 4830 4671 4643 5137 4655 4651 5095 5559 4689 5002 4797 4962 5092 5307 4909 5224 5327 5135 5024 5167 5073 5088 5134 4878 4959 4987 4678 5049 5565 4751 5198 4855 5200 4676 4950 4716 4886 5004 5287 5092 4997 5119 4830 5476 5142 4999 4810 5187 5191 4820 5399 5136 5143 4986 5093
5394 5416 5052 5218 5436 5153 5281 5895 5268 4903 5638 5440 5410 5625 5223 5480 4826 5179 5337 5352 5071 5565 5754 5733 5225 5408 5503 5391 5127 5395 5549 5278 5443 5589 5575 5296 5447 5529 5363 5503 5455 5021 5574 4919 5447 5527 5163 5461 5521 5146 5237 5027 5106 5560 5728 4913 5256 5214 5739 5306 5231 5496 4966 5096 5132 5706 5965 5537 5628 4968 5207 4840 4835 4868 4895 5448 5371 5314 5336 5026 5583 5480 5421 5579 5258 5426 5815 5543 5063 5440 5546 5128 5335 5676 5180 5166 5697 5198 5006 5129 5314 5580 5674 4965 5277 5452 5372 5513 5499 5677 5098 5366 5748 5752 5188 5335 5712 5224 5674 5696 5152 5397 5672 5213 5671 5588 5496 5415 4856 4747 5216 5354 5568 5815 5372 5254 5456 5524 5146 5163 5331 5456 5067 5840 5817 5098 5179 5714 5356 5881 5343 5525 5539 5356 5299 5131 5618 5040 5068 5572 5400 5197 5358 5034 5467 5775 5321 5813 5060 5622 5502 5527 5036 5373 5371 5378 5365 5152 5318 5507 5148 5508 5226 5475 5022 5571 5574 5039 5731 5249 5551 5545 5583 5053 5552 5865 5146 5475 5751 5112 5278 5202 5182 5269 5532 5833 4961 4948 5232 5044 5525 5585 5587 4999 5357 5249 5484 5341 5612 5668 5385 5582 5383 5479 5060 5479 5597 5540 5033 5320 6117 5438 5406 5342 5247 5211 5444 5426 5534 5339 5463 5045 5225 5187 4953 5070 5439 5362 5280 4948 5169 5011 5874 4722 5230 5104 5172 4842 5675 5235 5831 5543 5595 5253 5585 5635 5304 5537 5132 5212 5432 4985 5158 5623 5276 5679 5087 5122 5259 5355 4869 5318 5386 5327 5625 5282 5427 5018 5501 5296 5104 5043 5420 5586 5526 5007 5304 5249 5258 5358
5389 5795 4924 5290 5659 5411 5418 6102 5236 5411 5736 5263 5396 5501 5638 5487 5093 5257 5564 5313 5280 5411 5849 5717 5341 5275 5494 5335 5783 5397 5603 5597 5621 5479 5648 5448 5486 5398 5694 5799 5654 5274 5573 5169 5410 5623 5088 5851 5458 5708 5452 5556 5292 5645 5778 4918 5197 5248 5688 5516 5092 5569 5423 5388 5047 5760 5875 5534 5277 5351 5205 5157 5067 5048 4932 5757 5696 5301 5508 5246 5543 5829 5130 5506 5412 5188 5761 5502 5039 5583 5883 5247 5526 5722 5032 5699 5957 5432 5085 5165 5397 5532 5481 5114 5551 5593 5559 5976 5938 5585 5321 5509 5737 5813 5500 5328 5638 5186 5513 5865 5100 5754 5700 5092 5468 5554 5626 5802 5050 4427 5245 5137 5462 5560 5300 5416 5529 5775 5265 5448 5333 5842 5188 5826 5841 5557 5316 5680 5167 5910 5346 5646 5716 5273 5815 5114 5822 5216 5404 5882 5347 5624 5410 5278 5616 5913 5465 6070 4994 5549 5605 5651 5188 5483 5546 5418 5408 5200 5577 5630 5869 5310 5326 5847 5038 5890 5849 5690 5790 5455 5544 5660 5600 5196 5899 5898 5403 5684 5598 5620 5425 5259 5752 5184 5490 5731 5313 5334 5387 5234 5447 5508 5776 5266 5556 5422 5344 5618 5575 5524 5562 5657 5540 5569 5152 5427 5433 5225 5399 5539 6104 5443 5668 5140 5576 5206 5393 5704 5527 5642 5866 5481 5199 5106 5326 5298 5603 5099 5614 5210 5039 4972 5824 4952 5261 5059 5413 5399 5644 5600 6023 5743 5773 5576 5939 5747 5400 5690 5177 5232 5479 5116 5173 6090 5442 5647 5380 5482 5380 5513 5283 5350 5513 5646 5838 5122 5649 5197 5700 5429 5468 5165 5413 5743 5483 5528 5415 5509 5502 5507
5304 5007 4428 5079 5301 4834 4741 5282 5044 4835 4885 4958 5026 5388 4923 4975 4686 4707 4990 5166 4894 5258 5426 5114 5083 4668 5274 4818 5032 5241 4869 5102 5164 5090 5026 4934 5025 5163 5288 5061 4950 4655 5268 4490 4781 5180 4800 5149 5104 4839 4853 4759 4884 5175 5166 4488 4816 4686 5371 5106 4475 4863 4586 4763 4852 5169 5275 4923 5031 4904 4377 4487 4800 4990 4572 5040 4642 4868 5029 4769 4911 5211 4924 4765 4819 4559 5395 5031 4786 5223 5383 4857 5073 4889 4600 5107 5304 4933 5148 5074 5075 5129 5100 4852 5159 5068 5001 5245 5004 4963 4918 5196 5360 5338 4920 4705 5192 4560 5127 5270 4977 5091 5086 4716 5149 5038 5273 5162 4663 4033 4711 4887 5110 5063 4921 5097 5135 5169 4771 4916 4688 5286 4744 5379 5253 4969 4859 5268 5395 5452 5057 5202 5381 4848 5139 5156 5296 4919 4936 5332 4789 5003 4947 4906 4955 5127 5050 5266 4239 5221 5096 4928 4756 5080 5237 4964 5096 4749 4945 4931 4974 4872 4873 5237 4476 5118 5238 4869 5357 4814 5161 5022 5272 4893 5297 5255 4659 5430 4872 5301 5051 4698 5017 4419 5309 5368 4594 4860 4972 4485 5287 5305 5164 4667 4951 5003 5022 5051 5301 5211 5165 5562 4830 4899 5027 4991 4916 4891 4837 4988 5251 4908 4922 4776 5089 4610 4959 4760 4960 5225 5142 4935 4884 4271 4610 4716 4853 4729 5124 4415 4470 4856 5436 4524 4896 4309 5302 4989 5050 4753 5191 5173 5258 5168 5202 5038 4832 5159 5041 4786 4774 4433 4824 5618 4952 5251 4828 4695 4664 4892 4962 5134 5227 4983 5380 4953 5374 4781 4937 5343 4925 4587 5173 4960 5275 4805 4974 5028 4879 5128
5753 5678 5203 5449 5487 5374 5116 5884 5421 5327 5415 5555 5630 5982 5165 5628 4768 5227 5246 5431 5308 5603 5722 5550 5588 5152 5683 5205 5825 5487 5523 5384 5766 5597 5561 5241 5196 5376 5526 5589 5624 4980 5605 5158 5358 5504 5199 5641 5609 5355 5666 5117 5059 5470 5731 4846 5394 5455 5880 5309 5141 5838 5271 5219 5131 5632 5969 5663 5647 5042 5264 4878 5242 5162 4928 5448 5364 5402 5691 5153 5405 5576 5437 5675 5230 5405 5712 5585 5082 5561 5837 5390 5329 5563 5345 5201 5734 5401 5385 5114 5257 5755 5583 5260 5320 5517 5390 5561 5908 5747 5415 5337 5755 5666 5461 5532 5555 5267 5672 5861 5279 5501 5691 5228 5579 5361 5446 5420 4937 4909 5317 5454 5627 5715 5258 5320 5473 5866 5183 5358 5326 5572 5273 5524 5783 5232 5469 6057 5754 5841 5536 5611 5518 5615 5509 5354 5685 5202 5246 6223 5191 5542 5244 5274 5754 5907 5580 5687 4990 5673 5550 5618 5269 5560 5581 5638 5625 4954 5358 5367 5342 5521 5281 5744 5048 5464 5678 5284 5823 5396 5324 5714 5637 5337 5941 6230 5492 5370 5299 5550 5221 5370 5548 5203 5538 5840 5160 5153 5419 4959 5460 5705 5258 4834 5262 5167 5101 5530 5426 5639 5243 5670 5195 5334 5175 5357 5378 5577 5197 5477 5933 5753 5395 5290 5612 5313 5357 5191 5329 5497 5472 5478 5239 4886 5176 5109 5508 5276 5739 5146 5005 5208 6028 5071 5100 5141 5351 5451 5687 5281 5579 5585 5394 5443 5423 5641 5345 5426 5145 5220 5295 5150 5243 5773 5260 5508 5355 5389 5081 5224 4982 5425 5459 5415 5630 5578 5544 5196 5667 5361 5524 4959 5651 5502 5744 5410 5310 5470 5084 5234
5552 5493 5019 5058 5369 4977 5302 5658 5116 5006 5522 5063 5314 5767 5065 5343 4982 4875 5515 5503 4850 5348 5644 5262 5432 4977 5376 5503 5475 5062 5163 5191 5390 5473 5169 5182 5067 5218 5169 5429 5392 4872 5657 4942 4981 5386 4758 5421 5501 5169 5046 4900 5104 5429 5378 4917 5035 5164 5624 5524 4707 5512 5143 5046 4994 5330 5593 5590 5231 4988 4956 4743 4653 4975 4834 5484 5154 5103 5112 4728 5310 5418 5207 4898 5300 5179 5579 5113 4890 5571 5419 5007 5049 5527 5217 5161 5360 5143 4903 4895 5055 5393 5454 5053 5391 4972 5232 5684 5428 5447 5094 5394 5312 5691 5190 5412 5581 5118 5458 5491 5018 5323 5512 5070 5198 5138 5231 5228 4743 4330 5222 5147 5580 5522 5336 5149 5295 5510 5270 5169 5235 5154 5197 5428 5519 5388 5309 5676 5337 5525 5294 5334 5541 5229 5319 5068 5169 5155 4909 5770 4976 5394 5039 5042 5549 5256 5043 5644 4833 5501 5241 5525 4955 5279 5224 5120 5497 5261 5157 5103 5097 5489 4825 5464 4732 5076 5630 5036 5533 5168 5348 5513 5606 4895 5773 5742 4920 5301 5123 5153 4997 5139 5117 5132 5552 5644 4891 5017 5057 4912 5310 5228 5516 4895 5167 4926 4953 5260 5557 5466 5304 5670 5270 5285 5361 5520 5330 5152 5102 5420 5763 5244 5270 5281 5430 5091 5170 5169 5252 5164 5258 5146 5013 5165 4836 4938 5127 4990 5368 4918 4822 4950 5233 4996 4928 5027 5172 5074 5462 5155 5496 5617 5453 5348 5451 5352 4966 5123 4774 5163 5119 4939 5215 5725 5162 5266 4814 5035 5028 5356 4930 5415 5182 5211 5333 5478 5258 4790 5555 5623 5147 4930 5357 5338 5556 4956 5486 5048 5114 5344
5536 5887 5442 5328 5742 5460 5459 5848 5593 5349 5474 5539 5761 6031 5281 5525 5368 5385 5690 5591 5300 5610 6048 5883 5471 5399 5686 5653 5577 5393 5477 5192 5844 5806 5758 5502 5691 5500 5652 5480 5536 5622 5693 4854 5413 5721 5251 5622 5597 5353 5579 5074 5240 5986 5917 5087 5396 5296 5816 5659 5031 5683 5208 5479 5140 5796 5983 5549 5580 5115 5228 5318 4905 5291 4908 5627 5489 5137 5326 5001 5456 5385 5431 5637 5614 5242 5929 5606 5071 5701 5665 5324 5198 5604 5270 5434 5733 5555 5325 5387 5166 5815 5728 5092 5785 5593 5877 5975 5533 5820 5521 5681 5626 5633 5544 5704 5910 5382 5757 5963 5290 5486 5732 5162 5459 5633 5546 5645 5190 4613 4972 5478 5685 5634 5399 5420 5753 5842 5278 5608 5614 5666 5485 5670 5749 5586 5262 6115 5354 5815 5342 5711 5763 5515 5358 5342 5745 5392 5384 6037 5464 5277 5563 5446 5868 5826 5365 5684 5059 5971 5578 5966 5426 5263 5537 5375 5841 5568 5550 5685 5340 5753 5338 5821 4820 5621 5831 5295 5860 5462 5672 5745 5813 5319 6081 6054 5488 5859 5633 5633 5286 5362 5307 5460 5935 5905 5156 5176 5502 4958 5519 5510 5956 5178 5538 5608 5386 5244 5627 5834 5517 5918 5374 5493 5674 5740 5652 5387 5350 5323 6024 5623 5305 5400 5695 5271 5428 5585 5679 5442 5665 5478 5298 5405 5033 5030 5323 5321 5912 5053 5232 5213 5813 4942 5486 5197 5489 5237 5809 5310 5659 5618 5948 5444 5700 5636 5396 5433 5382 5401 5562 5121 5391 5853 5019 5451 5482 5243 5126 5452 5208 5450 5547 5494 5675 5636 5881 5242 5572 5524 5475 5241 5583 5443 5415 5372 5552 5335 5300 5490
5354 5455 4666 4969 5299 5025 4563 5199 5141 4725 5116 5005 5043 5483 5307 4972 4683 4821 5290 5061 4717 4882 5215 5389 5207 4995 5217 4972 5349 5037 5110 5120 5240 5293 5222 4837 4919 4953 4933 5047 5077 4653 5089 4469 4978 5172 4930 5537 5030 5174 5047 5140 5067 4966 5366 4771 4961 4956 5340 5309 4632 5096 4965 5083 4765 5176 5376 5128 5156 4668 4893 4477 4634 4870 4536 4979 5013 4975 5051 4638 5046 4825 4787 5271 5166 5214 5512 5258 4776 5217 5210 4807 4989 5549 4699 4995 4962 5004 4836 4839 4673 5311 5219 4866 5106 5000 5144 5407 5323 5171 4792 5269 5302 5182 5142 5112 5096 4709 5061 5498 4891 5238 5093 4767 5124 5079 4990 5289 4528 4146 4757 5100 5200 5233 4937 4986 5149 5479 4776 5106 5047 5450 5145 5213 5453 5013 5121 5410 5130 5376 4917 5072 5286 5149 4969 4769 5198 4886 5010 5643 4915 5228 4957 4863 5367 5460 4874 5233 4664 5409 5009 5454 4723 5016 5181 5205 5147 5062 4766 5111 5071 5049 4743 5276 4663 5060 5417 4930 5130 4947 5283 5208 5177 4772 5518 5232 5124 5110 5170 5378 4839 4863 5064 4892 5159 5441 4459 4824 5012 4715 4801 5168 5312 4368 4992 4935 4985 5039 5212 5298 5080 5478 5055 5087 4961 5331 5360 5124 5249 5243 5380 5366 4765 4970 5324 4896 5007 5012 5194 4866 5057 5176 4683 4650 4710 4779 4973 4745 5159 4571 4690 4963 5017 4861 4977 4647 5113 4838 5110 4910 5400 5141 5419 5057 5240 5197 4836 5007 4613 5151 4929 4734 5079 5464 4680 5259 4784 4900 4858 4922 4868 5213 5119 4893 5104 4979 5140 5015 5368 5320 5147 4755 5195 5191 5071 4882 4930 5078 4825 5087
5440 5326 4955 5168 5414 5128 5170 5531 5284 4748 5330 5119 5354 5694 4993 4942 4359 5067 5182 4997 5091 5486 5348 5500 5478 4846 5438 5039 5438 5220 5360 5454 5639 5264 5160 5215 5027 5251 5413 5494 5399 4745 5401 4881 4797 5294 5011 5374 5474 5247 5393 4811 5068 5505 5539 4595 5032 4966 5481 5377 4853 5541 5013 5159 5162 5878 5726 5230 5441 4866 4997 4955 4526 5034 4689 5409 5141 5203 5480 4682 5117 5345 5011 5247 5168 4958 5459 5167 4839 5591 5434 4884 5397 5318 4873 5143 5524 5210 4981 5130 5181 5260 5261 4764 5346 5399 5215 5530 5859 5520 5226 5266 5330 5572 5174 5162 5401 4693 5261 5625 4787 5465 5343 4982 5244 5396 5338 5320 4905 4259 5200 5097 5626 5463 5139 5220 5236 5685 5035 5317 5322 5297 4915 5389 5320 5071 5257 5717 5426 5374 5063 5288 5385 5329 5261 5132 5253 4884 5062 5570 4923 5155 5343 5070 5410 5577 5255 5616 4861 5254 5289 5373 5047 5171 5306 5293 5330 4808 5189 5164 5241 5392 4830 5431 4876 5198 5387 4773 5506 5161 5212 5347 5744 5017 5549 5890 5020 5331 5176 5273 5006 4989 5496 5070 5289 5644 4675 5018 5037 4845 5358 5364 5334 5046 5306 5267 5358 5269 5171 5305 5394 5324 5326 5325 5055 5324 5289 5047 4953 5256 5585 5394 5340 5118 5373 4885 5090 5427 5295 5493 5347 5147 4732 4881 4897 5025 5155 5096 5362 4774 5001 5093 5604 4578 4866 4910 5374 5075 5626 5240 5577 5293 5420 5338 5316 5516 5262 5339 4849 5160 5091 4855 4973 5658 5180 5325 5118 5278 5094 5099 4927 5354 5010 5181 5325 5318 5220 5076 5245 5406 5294 4899 5146 5348 5351 5334 5271 5280 4821 5246
5209 5321 4717 4964 5560 4958 5015 5241 4943 4936 5165 5288 5214 5401 5239 5278 4744 4826 5151 4859 5130 5275 5463 5263 5153 4918 5380 4988 5559 4985 5343 5161 5364 5224 5203 5025 5005 5037 5186 5553 4957 4881 5076 4717 4779 5299 4948 5312 5134 5071 4935 5184 5189 5182 5400 4906 5174 4666 5579 5254 4643 5415 5076 4860 4938 5320 5452 5256 5049 4892 4886 4726 4855 5036 4738 5318 5074 5018 5228 4724 5097 5061 4742 5182 5141 4890 5350 5322 4785 5427 5610 5092 5064 5392 4707 4942 5256 4900 5041 4962 5025 5267 5226 4974 5086 5206 5078 5327 5250 5187 4968 5313 5427 5218 5194 4829 5400 4953 5361 5478 4829 5244 5058 5045 5237 5047 5433 5198 4823 4261 4765 5434 5152 5227 5122 5262 5030 5744 4974 5229 5063 5333 4883 5530 5392 4731 5071 5599 5322 5703 5021 5215 5396 4958 5101 4984 5228 4810 5113 5631 4888 5065 4971 5058 5370 5404 5124 5306 4818 5221 5109 5229 4621 5454 5160 5055 5301 5148 4908 5297 4944 5031 4721 5541 4681 5422 5319 5258 5207 5156 5098 5250 5557 5202 5540 5334 5189 5146 5123 5205 5068 5085 5122 4933 5322 5411 4821 4950 5061 4588 5137 5295 5455 4834 5114 4824 4974 5134 5214 5206 5314 5537 5089 5108 5262 5166 5298 5059 5260 5345 5421 5241 5075 5265 5366 4835 5181 5271 5332 5196 5198 5055 4888 4785 4780 4936 5155 4993 5270 4779 4613 4968 5473 4614 5050 4793 5273 5258 5231 4718 5267 5460 5774 5079 5361 5330 4754 4976 4870 5177 4877 4546 5088 5572 4864 5327 4858 5161 4785 4970 4924 5149 5259 5084 5157 4989 5642 4919 5130 5333 5357 4949 5074 5155 5189 5106 5169 5059 4921 5411
5375 5508 5134 5339 5820 5386 5352 5729 5391 4852 5692 5615 5760 5891 5484 5348 4850 5183 5539 5432 5384 5363 5587 5599 5681 5084 5726 5430 5764 5290 5801 5234 5653 5392 5575 5215 5360 5464 5660 5743 5476 5289 5568 5293 5363 5537 5398 5596 5552 5517 5691 5293 5131 5651 5848 4958 5555 5141 5769 5483 5224 5511 5437 5097 5176 5895 5820 5683 5461 5263 5064 5049 4907 5234 5011 5637 5171 5494 5409 5292 5485 5543 5263 5579 5702 5260 5805 5667 5274 5761 5782 5164 5522 5460 5183 5475 5423 5545 5302 5138 5054 5619 5723 5134 5494 5423 5597 5715 5585 5447 5430 5813 5716 5725 5439 5465 5880 5293 5626 5881 5324 5684 5706 5312 5524 5337 5676 5822 5068 4800 5107 5390 5495 5371 5403 5434 5533 6035 5314 5269 5213 5873 5097 5679 5941 5317 5108 5901 5418 5894 5554 5606 5390 5135 5355 5215 5637 4875 5372 6068 5191 5717 5233 5452 5844 5568 5290 5512 4973 5877 5429 5590 5288 5374 5466 5337 5565 5331 5405 5606 5319 5378 5029 5642 5052 5388 5612 5355 5778 5355 5464 5839 5751 5355 5901 5967 5454 5491 5012 5628 5274 5407 5709 5196 5430 5757 5072 5245 5380 5179 5560 5411 5698 4840 5531 5357 5324 5594 5567 5818 5674 5852 5512 5576 5388 5573 5595 5281 5474 5630 6037 5581 5281 5159 5637 5309 5683 5456 5427 5479 5444 5482 5097 5206 4967 5056 5462 5368 5419 4952 4807 5035 5547 4973 5227 4928 5424 5308 5616 4938 5706 5714 5758 5610 5579 5697 5515 5298 5385 5473 5236 5111 5349 6093 5324 5581 5090 5248 5413 5575 5310 5434 5286 5321 5552 5361 5727 5352 5695 5710 5457 5201 5402 5519 5634 5457 5400 5466 5296 5568
5501 5586 5111 5203 5618 5469 5221 6152 5252 5092 5554 5392 5515 5729 5418 5377 4772 5138 5409 5300 5247 5547 5723 5628 5259 5326 5809 5279 5900 5262 5431 5507 5740 5472 5684 5055 5367 5441 5380 5796 5668 5504 5754 5257 5243 5730 5135 5874 5361 5336 5581 5281 5346 5360 5993 5038 5317 5288 5854 5431 5001 5545 5365 5475 5233 5665 5839 5508 5532 5217 5039 5106 4778 5001 4781 5524 5091 5321 5456 5174 5420 5547 5136 5647 5203 5173 5624 5737 5204 5453 5625 5109 5374 5587 5244 5238 5699 5264 4915 5178 5168 5543 5390 5155 5413 5515 5444 5790 6001 5484 5162 5480 5749 5670 5323 5302 5576 5027 5696 5585 5077 5866 5347 5223 5465 5407 5820 5626 5097 4569 5052 5254 5676 5550 5199 5250 5209 6018 5577 5381 5684 5746 5023 5633 5775 5524 5037 5858 5743 5659 5430 5457 5456 5353 5124 5147 5723 4977 5410 5913 5100 5609 5490 5357 5596 5667 5461 5811 4856 5575 5471 5668 5210 5414 5722 5413 5422 5284 5265 5696 5523 5538 4985 5544 5075 5321 5665 5299 5676 5394 5706 5602 5722 5377 5724 5813 5087 5609 5566 5781 5267 5319 5482 5322 5487 5840 4953 5243 5410 5030 5203 5547 5599 4920 5432 5381 5154 5510 5441 5611 5667 5652 5362 5363 5583 5612 5604 5344 5120 5246 6068 5531 5221 5177 5855 5189 5134 5391 5574 5551 5451 5110 4959 5089 5277 4741 5301 5568 5687 4912 5150 5239 5669 4671 5259 5141 5752 5327 5678 5216 6174 6034 5808 5500 5478 5697 5366 5427 5283 5477 5274 5260 5283 5854 5387 5570 5465 5073 5355 5279 5129 5362 5462 5251 5606 5501 5933 5246 5686 5516 5342 5212 5369 5499 5439 5350 5563 5418 5110 5542
5255 5366 4764 4994 5172 5091 5343 5564 5171 4937 5261 5097 5106 5413 5352 5076 4879 4454 4973 5078 4663 4908 5306 5419 5124 5030 5520 5094 5445 4957 5004 5278 5139 5159 5098 5136 5093 5287 5239 5404 5201 5032 5302 4877 5002 5215 4921 5444 5142 4914 5057 4913 4903 5258 5548 4729 4986 4874 5516 5174 4604 5402 5017 4891 4721 5402 5766 5425 5223 5036 5039 4704 4550 4568 4456 5134 5051 4730 4955 4627 5090 5117 4945 5040 5066 4627 5104 5272 4696 5186 5405 5141 5017 4996 4949 5141 5330 5103 4953 4771 4862 5290 5226 4821 5107 5013 5309 5292 5375 5375 5161 5131 5346 5056 4877 5199 5414 4518 4979 5380 4977 5551 5594 5077 5144 5080 5292 5342 4983 4189 4708 4957 5145 5270 4878 5312 5252 5515 4892 5113 5220 5311 4634 5456 5435 5060 4749 5423 5197 5607 5066 5029 5171 5179 5002 4910 5291 4723 5126 5416 4765 4879 4792 5250 5329 5173 4836 5346 4791 5165 5377 5157 4904 5263 5389 5050 5255 4853 5002 5143 4809 5224 4781 5229 4650 5216 5288 5014 5349 4898 5282 5124 5538 5136 5441 5566 4659 5203 4886 5080 5245 5015 5088 4776 5374 5173 4825 4710 4994 4561 5274 4957 5286 4817 4891 5150 4812 5028 5123 5046 5245 5351 5325 5229 5014 5506 4954 5021 4991 5205 5565 4977 5204 4813 5496 5031 5198 5000 5221 4931 4967 4936 4521 4803 4970 4879 5025 4900 5350 4757 4684 4876 5267 4509 4753 4867 5148 5128 5288 5052 5485 5194 5428 5289 5413 5290 5283 5185 4799 5156 4883 4689 5021 5565 4756 5303 4993 4908 4900 5036 4921 5226 5102 5169 5377 5417 5173 4931 5097 5234 4933 4879 4965 5246 5235 4969 5245 4932 4875 5139
5460 5563 4861 5468 5373 5282 4738 5596 5201 4884 5344 5349 5337 5644 5256 5304 4678 5009 5370 5484 5049 5470 5621 5443 5151 4951 5454 5041 5362 5318 5144 5503 5505 5540 5370 5272 5124 5290 5398 5531 5383 5037 5445 4915 5152 5386 4954 5422 5433 5329 5233 4990 5066 5490 5442 4819 5443 5084 5526 5165 4864 5521 5202 5119 5125 5522 5580 5461 5312 5198 5159 4805 4932 5089 4675 5221 5174 5069 5393 4778 5140 5614 5094 5436 5221 5054 5682 5617 5231 5351 5625 5345 5170 5501 4928 5421 5493 5297 5062 5240 5060 5778 5444 5063 5568 5354 5164 5500 5523 5337 5264 5287 5477 5121 5445 5290 5750 4680 5364 5654 5144 5313 5549 4769 5264 5663 5224 5603 4896 4400 4927 5103 5530 5459 5350 5456 5452 6005 5022 5215 5010 5382 4800 5445 5619 5273 4986 5528 5407 5966 5216 5280 5161 5269 5496 4971 5355 5204 5284 5756 4977 5542 5032 5283 5414 5757 5224 5533 4947 5714 5532 5348 5138 5122 5225 5125 5479 5109 5325 5548 5252 5151 5106 5548 4894 5371 5494 5318 5470 5103 5290 5515 5733 4999 5811 5839 5054 5354 5184 5524 5129 5080 5192 4992 5596 5499 5059 5274 5130 4928 5244 5538 5358 4930 5232 5588 4962 5366 5299 5209 5434 5804 5255 5307 5043 5541 5402 5147 5208 5390 5692 5759 5165 5326 5435 5151 5180 5227 5117 5213 5247 5170 4988 4808 5170 4890 5305 4813 5558 4724 4948 5303 5413 4914 5470 5123 5255 5266 5530 5113 5351 5444 5621 5425 5388 5463 5277 5220 5039 5192 5096 5026 5079 5803 4912 5148 5044 5254 4871 5122 5173 5317 5366 5183 5662 5276 5220 5097 5204 5510 5177 4813 5154 5436 5208 5193 5343 5390 5131 5561
5604 5901 5014 5416 5409 5392 5371 5719 5373 5244 5841 5466 5445 5709 5311 5308 4858 5259 5699 5115 5188 5434 5633 5810 5321 5143 5654 5430 5667 5337 5481 5574 5497 5653 5453 5366 5454 5506 5434 5717 5748 5040 5511 4850 5428 5611 5218 5921 5283 5411 5561 5303 5316 5593 5523 5142 5391 4965 5799 5436 5051 5665 5327 5234 5457 5759 5992 5609 5419 5157 5041 5019 4935 5122 4923 5422 5323 5284 5606 4996 5228 5388 5365 5516 5418 5025 5786 5296 5164 5549 5445 5500 5279 5500 5090 5390 5478 5335 5275 5253 5590 5744 5671 5051 5686 5775 5392 5859 5846 5795 5278 5668 5765 5525 5465 5623 5637 5049 5527 5418 5390 5584 5304 5543 5396 5699 5571 5665 4972 4675 5387 5347 5580 5657 5131 5502 5602 5794 5152 5474 5309 5848 5274 5826 5522 5586 5368 5694 5219 6037 5336 5526 5697 5544 5249 5401 5486 5209 5202 6034 5159 5620 5405 5153 6009 5601 5338 5649 5075 5877 5481 5300 5231 5332 5773 5219 5483 5142 5170 5565 5355 5665 5187 5685 4943 5513 5873 5400 5806 5377 5471 5790 5670 5366 5934 5958 5248 5367 5367 5522 5216 5122 5277 5312 5635 5662 5161 5442 5444 5212 5446 5853 5667 5155 5373 5574 5226 5536 5855 5532 5670 5913 5355 5303 5411 5416 5536 5484 5233 5344 5842 5331 5561 5574 5721 5227 5366 5335 5724 5436 5559 5390 5016 5074 5070 5158 5405 5447 5612 5337 5185 5181 5830 5184 5183 5129 5590 5176 5669 5085 5830 5690 5894 5527 5647 5720 5487 5316 5286 5135 5076 4849 5482 6074 5567 5628 5206 5374 5187 5285 4929 5492 5612 5479 5588 5205 5584 5439 5609 5631 5462 4788 5620 5708 5613 5719 5422 5367 5373 5316
5274 5491 4747 5148 5287 4900 5087 5473 5133 4933 5213 4998 5262 5279 4789 5122 4628 5016 5128 5341 5137 5360 5553 5343 5280 5023 5517 5038 5357 4874 5084 5275 5334 5241 5292 4932 4824 5027 5215 5429 5307 4843 5381 4682 5094 5347 4869 5367 4952 5053 5203 4846 5137 5198 5474 4581 5077 5108 5391 5226 4843 5512 4890 4737 4873 5436 5605 5284 5288 5072 4839 4694 4762 4946 4912 5472 5099 5141 5021 4806 4858 5148 4923 5261 4850 5130 5517 5343 4773 5144 5227 5007 5175 5554 4841 5020 5597 5033 5111 5056 4946 5559 5142 4791 5402 5094 5419 5367 5241 5229 4900 5529 5561 5474 5075 5309 5198 4898 5236 5726 4996 5313 5233 5108 4924 5300 5026 5408 4711 4381 4914 4892 5512 5552 5266 4984 5282 5374 5039 4972 4998 5319 4821 5307 5426 5353 4917 5516 5146 5405 5109 5457 5318 5421 4903 5025 5221 4997 4813 5560 4978 5011 5253 5087 5606 5552 5042 5525 4542 5547 5210 5406 4976 5005 5300 5335 5025 4869 4916 5218 5350 5292 4971 5251 4725 5046 5578 5049 5188 5523 5367 5363 5402 5099 5308 5680 4869 5393 5124 5512 5074 4834 4973 5020 5152 5527 4635 4768 5250 4863 5296 5395 5132 4777 5059 5130 5390 5057 5441 5269 5042 5401 5053 5035 5148 5251 5036 5113 4971 5165 5520 5126 4993 5188 5398 4937 5023 5228 5477 5232 5175 5109 4824 4639 4782 4842 5094 5192 5528 4807 4841 4856 5341 4623 4962 4746 5130 4897 5258 4963 5720 5217 5331 5224 5457 5199 5129 5290 4916 5024 5080 4913 4704 5644 5167 5364 5007 5054 4980 5037 4816 5196 5075 5054 5418 5237 5557 4758 5458 5185 5169 4824 5337 4945 5433 5010 4992 5009 4777 5292
5699 5870 5502 5445 6132 5697 5365 5858 5477 5309 5873 5707 5622 5872 5656 5615 5508 5475 5592 5473 5447 5751 5916 5898 5690 5382 5794 5684 5953 5495 5556 5657 5807 5877 5745 5499 5526 5343 5737 5784 5645 5331 5680 5251 5537 5691 5306 5811 5549 5791 5594 5574 5704 5376 5786 5170 5491 5244 6051 5621 5173 5871 5571 5472 4891 6029 6191 5641 5718 5357 5289 5149 5185 5250 5114 5790 5696 5438 5576 5224 5603 5721 5516 5783 5483 5495 6050 5856 5134 5842 5861 5597 5397 5646 5117 5522 6092 5408 5425 5438 5305 5938 5841 5376 5841 5903 5650 5883 5824 5992 5483 5871 6059 5744 5584 5720 5914 5316 5727 6181 5384 6062 5552 5439 5730 5755 5812 5699 5212 4830 5486 5723 5576 5721 5417 5493 5620 5876 5705 5383 5732 5918 5477 5863 5850 5371 5375 6149 5552 5926 5563 5897 5834 5584 5610 5590 5789 5421 5419 6018 5419 5507 5622 5681 5760 6066 5579 5860 5128 5781 5864 5825 5153 5499 5830 5697 5691 5437 5567 5727 5816 5663 5219 5907 5003 5510 5893 5517 5898 5466 5709 5766 6163 5686 6190 6036 5420 5906 5472 5759 5276 5497 5652 5380 5978 6006 4847 5416 5606 5285 5502 5766 5754 5181 5364 5463 5587 5882 5886 5691 5520 5980 5617 5659 5587 5691 5632 5586 5411 5554 6048 5604 5781 5199 5559 4961 5720 5385 6083 5594 5660 5284 5174 5292 5256 5288 5378 5285 5698 5419 4998 5218 6001 5115 5253 5342 5700 5560 5945 5209 5636 5944 6006 5648 5817 5638 5537 5681 5271 5636 5417 4937 5265 6136 5616 6093 5318 5550 5504 5411 5097 5731 5507 5532 5625 5694 5888 5403 5745 5656 5600 5477 5593 5730 5811 5505 5576 5474 5300 5757
5836 5866 5287 5831 6010 5478 5627 6054 5583 5386 5734 5702 5663 5926 5868 5676 5068 5338 6010 5524 5247 5869 6227 6157 5553 5584 6087 5861 5830 5729 5706 5610 6098 5743 5750 5592 5702 5591 5880 5914 5761 5624 6048 5037 5485 5970 5259 6045 5852 5769 5614 5563 5564 5779 5990 5274 5550 5196 5957 5880 5200 5882 5709 5585 5611 6046 6251 5774 5932 5413 5386 5253 5076 5388 5253 5781 5477 5645 5884 5081 5948 5928 5660 5486 5573 5279 5962 5865 5404 5817 6099 5685 5528 5825 5357 5675 5993 5685 5400 5564 5630 5942 5753 5315 5871 5716 5921 6192 6136 5820 5514 6036 5737 6019 5821 5783 5905 5342 5616 6050 5811 5962 5844 5598 5910 5691 5700 5649 5316 4768 5367 5411 5963 5921 5535 5789 5703 6299 5477 5900 5605 6043 5361 5983 6083 5546 5455 5977 5715 6290 5586 5944 5921 5807 5635 5450 5818 5326 5722 6226 5575 5645 5732 5506 5956 5977 5439 6039 5297 5876 5877 5735 5496 5893 5868 5673 5941 5566 5460 5661 5614 5677 5580 5907 5313 5882 5870 5709 6010 5363 6030 6004 6029 5524 6025 6136 5534 5926 5762 5924 5777 5691 5635 5450 5749 6022 5198 5667 5633 5365 5851 5896 5946 5517 5803 5799 5670 5877 5876 5825 5862 5930 5717 5641 5500 5714 5778 5396 5629 5858 5936 5580 6042 5907 5915 5329 5800 5541 5668 5495 5679 5649 5402 5339 5236 5214 5694 5431 5883 5430 5413 5420 5827 5393 5528 5080 5633 5665 6133 5764 6117 5844 6089 6051 5802 5798 5705 5565 5420 5645 5645 5196 5620 6264 5673 6029 5572 5705 5482 5556 5231 5935 5693 5753 6031 5523 5701 5452 5659 5813 5552 5368 5494 5600 5682 5626 5927 5334 5592 5624
5231 5570 4995 5082 5367 5256 5090 5729 5287 4593 5556 5444 5342 5609 5279 5203 4860 4924 5609 5151 4821 5316 5639 5563 5112 5058 5480 5118 5395 5132 5392 5286 5628 5467 5349 4994 5238 5256 5239 5425 5268 4977 5416 4838 5354 5610 4903 5310 5321 5031 5318 4909 5078 5455 5505 5000 5331 4965 5494 5346 4875 5182 5244 5173 5126 5705 5673 5567 5232 5044 5133 4930 4929 5015 4711 5569 5356 5460 5351 4866 5359 5466 4936 5059 5365 4826 5745 5320 4937 5426 5444 5350 4990 5529 4968 5207 5437 5080 5209 5049 5007 5564 5511 5092 5277 5451 5444 5703 5613 5467 5169 5581 5288 5625 5033 5413 5608 5024 5209 5486 5284 5521 5266 4859 5165 5368 5517 5351 4789 4571 4753 4994 5599 5403 5319 5465 5328 5654 5098 5415 5224 5515 4988 5426 5358 5223 5167 5769 5402 5803 5224 5468 5503 5512 5219 4960 5384 5018 5383 5797 5081 5396 5044 5505 5392 5536 5017 5576 4583 5537 5378 5180 5088 5211 5295 5300 5003 5051 5329 5250 5086 5211 5080 5567 4664 5419 5349 5297 5311 5182 5323 5566 5463 5003 5745 5644 5172 5628 5312 5408 5234 5241 5444 4999 5787 5585 4898 4928 5180 4974 5461 5469 5213 5035 5503 5161 4894 5401 5500 5423 5373 5910 5341 5036 5332 5443 5430 5329 5217 5042 5719 5390 5197 4944 5481 5245 5082 5137 5199 5078 5283 5201 4988 4872 4977 5108 5202 5202 5283 4953 4937 5193 5413 4552 5449 5058 5259 5035 5602 5181 5450 5561 5641 5275 5356 5577 5328 5244 5182 5290 5103 4832 5341 5878 5360 5042 4853 4767 4942 5219 4982 5257 5386 5156 5356 5290 5264 4905 5526 5317 5463 4733 5429 5034 5203 5234 5415 4950 5061 5437
5522 5532 4811 5268 5499 5245 4804 5464 5152 4922 5287 5558 5272 5548 5303 4859 4749 4928 5421 5127 4880 5319 5596 5297 5247 4985 5758 5170 5401 5282 5422 5257 5236 4953 5376 5096 5149 5064 5175 5506 5226 5170 5204 4872 5273 5370 5276 5370 5380 5304 4898 5095 4823 5254 5663 4788 5400 4950 5794 5125 4712 5142 4982 4960 5084 5409 5414 5356 5174 5047 4792 4436 4879 4871 4522 5195 5200 4960 5295 4717 5146 5319 5042 5145 5043 4952 5546 5331 4841 5436 5548 5010 5159 5318 4756 5220 5381 5291 5043 5057 4589 5471 5281 5056 5350 5401 5540 5534 5378 5380 5363 5367 5606 5310 5283 5102 5429 4794 5372 5702 4997 5456 5427 4822 5151 5264 5042 5122 5045 4184 4795 5040 5236 5113 5059 5319 5434 5642 4883 5112 5033 5234 5089 5537 5700 5057 4896 5378 5299 5406 5369 5097 5721 4958 5448 5097 5515 5098 5173 5481 4999 5234 5136 5340 5355 5335 4906 5183 4736 5263 5473 5278 4936 5103 5028 5081 5350 5108 5161 5181 5014 5304 4772 5336 4690 5439 5508 5300 5338 4882 5446 5596 5500 5214 5627 5389 4809 5221 5336 5148 4994 5133 5506 4938 5460 5627 4580 5065 4969 4854 5185 5530 5621 4836 5264 5366 5224 5251 5336 5384 5276 5509 5132 5069 4976 5270 4913 5044 5124 5207 5537 5222 4875 5060 5526 5161 4993 4769 5223 4892 4950 5050 4725 4718 4791 4767 5054 5047 5366 4957 4912 5104 5430 4657 5187 4893 5298 5159 5499 4758 5513 5306 5638 5282 5517 5211 5112 5393 5061 5292 4884 4770 5058 5429 5001 5317 4995 4980 5127 5123 4800 5252 5247 5347 5220 5166 5196 5105 5555 5019 4976 4960 4886 5207 4981 5193 5401 5301 5189 5300
5577 5413 4676 5151 5339 5080 5075 5638 5402 4790 5205 5369 5314 5231 5150 5313 5031 4720 5604 5379 5127 5265 5699 5387 5142 5176 5519 5158 5398 5205 5381 5259 5039 5539 5423 5357 5056 5302 5561 5227 5338 5035 5646 4966 5087 5355 5281 5641 5406 5132 5131 5179 5116 5192 5424 4529 5082 4917 5686 5394 4760 5352 5000 4936 5166 5478 5576 5368 4915 5265 4975 4857 4937 4900 4724 5435 5275 4958 5360 4811 4935 5016 5182 5218 4980 5078 5585 5420 5208 5510 5670 5123 5093 5050 4939 5066 5385 5314 5143 5347 4963 5531 5309 5165 5185 5035 5623 5501 5289 5451 5158 5490 5406 5558 5387 5270 5475 4772 5565 5373 5224 5314 5461 4887 5273 5433 5203 5348 5137 4516 4983 5071 5305 5604 5031 5137 5398 5585 4988 5061 5138 5642 5081 5736 5476 5168 5135 5580 5164 5726 5163 5299 5629 5305 5269 5446 5291 5085 5230 5681 4961 5429 5438 5100 5237 5443 4891 5567 4693 5610 5298 5220 5188 5197 5531 5186 5187 5319 5195 5190 5115 5329 5207 5495 4662 5556 5813 5222 5394 5140 5307 5266 5742 5220 5790 5644 4961 5156 5229 5398 5112 5084 5309 5061 5431 5445 4884 4945 5074 4831 5277 5343 5424 5009 5338 5037 5385 5283 5421 5495 5404 5490 5270 5314 5238 5492 5340 5191 5153 5502 5750 5173 5249 5076 5644 5167 5072 5505 5240 5244 5374 4986 5088 4793 4883 5143 5186 4992 5321 5003 4748 5123 5412 4989 4970 4757 5148 5176 5183 5158 5347 5339 5575 5382 5388 5122 5170 5597 5100 5202 5065 4671 5324 5762 5128 5421 4849 5180 4765 5171 5252 5425 5382 5606 5545 5335 5416 5115 5256 5530 5537 4631 5149 5484 5340 4886 5177 5205 5039 5440
5069 5156 4513 4888 4906 4890 4700 5088 4857 4525 4900 4995 4728 5186 4905 4849 4600 4449 4879 4912 4725 4743 5311 4957 4828 4582 5198 4744 4739 4946 4869 4749 5004 4890 4668 4578 4519 4804 4880 5164 4937 4677 4985 4532 4363 4945 4557 5171 4952 4872 4900 4583 4703 4827 5135 4342 4809 4888 4964 4773 4494 4780 4682 4694 4316 5066 5244 4967 4750 4597 4506 4596 4301 4459 4527 5024 4770 4679 4735 4610 4652 4806 4440 4848 4765 4597 5005 5152 4721 4869 5050 4542 4805 4921 4622 4754 4759 4825 4801 4578 4480 4980 4884 4592 4914 4895 4975 5189 5103 5070 4647 4828 4886 5027 4617 4995 4787 4557 4855 5047 4573 5018 4957 4477 5001 4820 4873 4880 4555 3912 4493 4754 4977 4822 4486 4795 4916 5234 4663 4862 4922 5111 4653 4928 5207 4575 4502 5179 4890 5227 5006 4773 5206 4806 5141 4712 5279 4483 4883 5209 4747 4864 4622 4811 4774 4917 4634 4995 4495 5259 4999 5147 4690 4924 4924 4835 5055 4747 4808 5153 4905 5006 4843 4942 4339 5058 5096 4576 5043 4685 5009 5171 5085 4765 5059 5339 4385 5089 4695 4994 4725 4595 4785 4495 4926 4944 4381 4446 4742 4641 4803 4845 5042 4381 4737 4791 4690 4820 4696 4987 4804 5036 5054 4710 4667 5037 4846 4649 4893 4899 5219 4857 4884 4757 4960 4392 4885 4767 4867 4761 4745 4876 4755 4554 4202 4691 4724 4806 4964 4306 4504 4552 5075 4436 4518 4294 4799 4830 5070 4768 5181 5098 4978 5279 5001 4841 4734 4946 4821 4791 4649 4399 4692 5486 4696 4995 4461 4832 4779 4654 4269 4774 5157 4972 4813 4965 5006 4494 4943 4659 4770 4532 4861 4811 4694 4845 5318 4770 4790 5136
5557 5664 5067 5431 5735 5174 5350 5970 5522 5141 5767 5474 5643 5920 5552 5572 4991 5341 5441 5596 5404 5568 6016 5723 5421 5395 5298 5404 5705 5584 5458 5582 5668 5598 5867 5341 5242 5329 5502 5890 5623 5255 5746 5202 5359 5715 5224 5676 5537 5371 5743 5309 5380 5498 5842 4806 5351 5420 5798 5524 5005 5668 5478 5521 4992 5697 5893 5621 5681 5254 5120 5083 5026 5334 4768 5693 5335 5311 5542 5244 5503 5647 5372 5587 5305 5298 5545 5775 4987 5670 5599 5336 5193 5594 5125 5437 5770 5467 5395 5174 5344 5835 5619 5022 5514 5721 5330 5882 5730 5538 5460 5484 5835 6003 5443 5606 5933 5205 5658 6013 5312 5647 5562 5137 5886 5491 5682 5652 5019 4712 5146 5358 5830 5747 5372 5400 5406 5819 5390 5369 5357 5617 5232 5696 5714 5403 5010 5862 5562 5784 5675 5564 5525 5805 5394 5202 5595 5344 5485 5907 5170 5440 5490 5237 5603 5715 5276 5913 5013 5791 5831 5643 5277 5410 5664 5617 5605 5293 5264 5515 5423 5688 5264 5727 4931 5492 5960 5486 5653 5320 5547 5824 6059 5600 5793 5893 5189 5609 5456 5732 5493 5472 5355 5184 5729 5714 5255 5094 5397 5101 5772 5648 5658 5058 5379 5274 5354 5689 5673 5462 5601 6035 5350 5415 5220 5593 5700 5461 5317 5391 5842 5340 5500 5639 5656 5399 5395 5328 5418 5224 5592 5365 5335 5134 5174 4945 5552 5320 5850 4944 5055 5203 5959 5299 5591 5194 5497 5399 5532 5279 5805 5544 5695 5501 5423 5569 5506 5333 5406 5152 5533 5150 5210 5865 5396 5691 5399 5638 5356 5434 5086 5570 5502 5321 5847 5451 5794 5297 5476 5644 5518 5036 5452 5617 5728 5321 5626 5319 5159 5587
5601 5731 5139 5326 5625 5498 5078 5663 5297 5129 5608 5392 5339 5754 5164 5488 4767 4673 5706 5654 5196 5513 5644 5644 5263 5171 5655 5470 5489 5337 5551 5335 5518 5487 5733 5191 5318 5378 5392 5435 5673 5102 5680 4991 5434 5784 5265 5518 5401 5315 5321 5260 5211 5594 5813 4811 5250 5243 5772 5552 5109 5421 5233 5369 5242 5733 5775 5582 5534 5287 5101 4648 4925 5446 5010 5506 5294 5290 5316 4820 5463 5578 5326 5385 5172 5411 5801 5425 5203 5652 5473 5224 5323 5696 4953 5208 5628 5339 5000 5185 4929 5690 5411 5385 5241 5448 5226 5820 5947 5572 5370 5444 5825 5710 5539 5371 5525 5162 5543 5769 5217 5608 5484 5286 5416 5586 5511 5748 5025 4343 5136 5359 5477 5653 5302 5410 5566 5844 5068 5342 5337 5522 5165 5626 5912 5372 5340 5832 5506 5825 5630 5339 5695 5706 5511 5227 5593 5410 5321 6011 5088 5387 5318 5278 5541 5764 5300 5442 4758 5276 5338 5605 5342 5654 5616 5573 5505 5152 5236 5297 5302 5633 5230 5576 4965 5413 5631 5214 5597 5359 5419 5787 5669 5388 5773 5903 5275 5515 5271 5709 5335 5144 5532 5188 5399 5668 4913 5129 5315 4921 5515 5403 5430 4844 5242 5525 5276 5376 5513 5871 5376 5616 5373 5480 5091 5483 5483 5108 5326 5269 5902 5351 5573 5608 5540 5257 5390 5361 5302 5474 5415 5304 5005 5050 5211 5180 5262 5231 5545 4853 5114 5286 5598 4856 5151 4941 5270 5416 5463 5417 5683 5664 5697 5489 5492 5643 5371 5168 5262 5166 5219 4912 5460 5905 5280 5424 5206 5265 5204 5306 5267 5224 5256 5504 5729 5324 5261 5011 5464 5690 5355 5064 5656 5690 5374 5520 5281 5400 5301 5397
5439 5470 4874 5237 5577 5039 4941 5603 5102 5010 5298 5249 5218 5367 5137 5059 4737 4753 5201 5306 5145 5273 5741 5489 5328 5198 5604 5187 5208 5255 5242 5266 5475 5483 5461 5051 5135 5197 5183 5448 5232 5170 5510 4660 5050 5428 5104 5768 5444 5259 5217 5076 5128 5248 5323 4700 5084 5034 5305 5329 4757 5395 5128 4871 5002 5493 5583 5048 5396 5040 5124 4794 4846 5014 4810 5677 5238 5086 5313 4672 5048 5349 4978 5590 5171 5023 5549 5400 5048 5364 5557 5116 5146 5287 5140 5222 5409 5129 5084 5018 5056 5629 5515 4984 5243 5219 5313 5653 5329 5447 4964 5217 5716 5509 5418 5239 5349 4878 5313 5520 5200 5311 5283 4924 5505 5247 5179 5552 5015 4431 4786 4954 5331 5391 4857 5164 5251 5593 5109 4939 5226 5742 5096 5606 5514 5285 5099 5339 5141 5283 5161 5314 5619 5089 5457 5377 5512 4907 5120 5537 5136 5333 5233 5093 5450 5513 5152 5392 4663 5600 5573 5523 5088 5167 5391 5349 5186 5131 5113 5199 5438 5292 5036 5428 4542 5150 5489 5232 5442 5085 5448 5512 5623 5149 5471 5604 4971 5378 5213 5337 4972 5137 5226 5010 5269 5570 4927 5021 5342 4919 5299 5335 5522 4935 5074 5252 5508 5331 5357 5504 5366 5551 5178 5168 5059 5227 5474 5087 5253 5552 5621 5517 5145 5032 5516 5198 5004 4984 5330 5365 5281 5316 4891 4908 5045 5095 5240 4862 5345 4786 4885 5250 5458 4739 5083 4897 5366 5098 5304 5037 5605 5490 5532 5378 5354 5472 5013 5611 5146 5073 4998 4923 4967 5651 5243 5552 5113 5140 5119 5271 4932 4992 5160 5209 5524 5117 5651 4979 5425 5188 5244 4902 5336 5350 5180 5071 5423 5468 5088 5525
5255 5348 4974 5376 5052 5045 5079 5386 5172 4894 5238 5251 5116 5407 4801 5406 4392 4771 5235 5070 5018 5110 5519 5563 5179 4879 5436 5303 5474 4767 5374 5231 5394 5294 5183 4895 5029 4708 5143 5332 5346 4828 5270 4629 5069 5452 4765 5605 5301 5128 5357 5040 4816 5119 5291 4700 4969 4974 5228 5410 4639 5358 5057 4749 5016 5531 5718 5370 5299 4902 4957 4602 4988 4917 4616 5195 5144 4997 5010 4614 4970 5267 5399 5229 5173 5119 5390 5178 4789 5342 5179 5096 4883 5248 4662 5210 5490 5118 5074 4956 5104 5489 5409 5065 5187 5155 5132 5568 5451 5321 5132 5374 5660 5545 5176 5351 5379 4947 5248 5512 5054 5294 5339 5232 4985 5253 5221 5413 4646 4405 4759 5086 5528 5236 4895 5079 5192 5472 5149 5242 5156 5199 4760 5830 5333 4862 4710 5817 5258 5581 5107 5422 5531 5341 5167 5071 5232 4885 5198 5654 5108 4961 5225 5184 5331 5313 5094 5505 4833 5442 5109 5332 5088 5233 5260 5316 5138 5060 5134 5259 4924 5432 5015 5328 4648 5168 5437 5215 5361 5314 5473 5376 5621 5272 5360 5424 4974 5359 5399 5020 5187 4938 5263 4738 5439 5447 4995 4990 5192 4865 5354 5295 5452 4610 4994 5106 5194 5334 5431 5541 5055 5538 5217 5306 5161 5438 5301 4965 5033 5102 5744 5157 5288 5004 5518 4930 5019 5012 5408 5252 5246 5022 4939 4746 5198 4966 5204 5082 5194 4704 4485 4985 5424 4921 4732 4685 5095 4911 5230 5214 5296 5539 5480 5148 5469 5468 4934 5302 4756 4931 5011 4738 5036 5695 4872 5486 4905 5206 4834 5134 4930 4993 5103 5133 5277 5177 5421 4843 5233 5330 4990 4589 5158 5286 5309 5248 5152 4923 4944 5177
5188 5019 4894 5432 5513 5187 5237 5535 5146 4852 5309 5351 5361 5531 5260 5059 4908 4925 5191 5462 5036 5204 5589 5603 5222 4962 5645 5132 5548 5012 5360 5219 5446 5375 5229 4964 5202 5387 5505 5598 5595 5114 5619 5105 5121 5268 5402 5494 5476 4973 5351 5155 4830 5386 5714 5029 5096 5116 5621 4937 4972 5447 5236 5066 5186 5615 5860 5465 5358 5340 5232 4966 4732 5016 4500 5257 5150 5077 5561 4577 5389 5071 5105 5217 5419 4889 5596 5403 5017 5627 5526 4968 5159 5361 4954 5416 5599 5275 5008 5059 5283 5552 5170 5332 5317 5145 5244 5619 5392 5397 5224 5167 5442 5697 5193 5460 5574 4771 5539 5689 5106 5322 5559 5048 5403 5321 5509 5274 4863 4453 4998 4957 5563 5387 5003 5102 5281 5578 5224 5222 5076 5313 4890 5835 5789 5107 5059 5721 5725 5490 5557 5439 5371 5038 5434 5161 5547 5047 5316 5705 5113 5409 5120 5044 5437 5461 5236 5573 4714 5452 5502 5527 5017 5447 5189 5367 5511 4926 5164 5464 5059 5343 5027 5458 5091 5350 5615 5094 5750 5226 5502 5366 5685 5067 5660 5830 4985 5423 5277 5300 4859 5163 5482 5208 5226 5444 4837 5143 5206 4907 5143 5412 5411 4823 5362 5200 5106 5590 5263 5658 5590 5623 5151 5198 5281 5427 5488 5221 5122 5223 5627 5443 5204 5255 5690 4975 5409 5352 5454 5350 5219 4999 5058 5013 4963 4883 5094 5057 5673 4924 4917 5070 5604 4864 5057 5072 5370 4967 5541 5160 5597 5565 5733 5375 5454 5460 5242 5292 5153 5136 5086 5203 5042 5918 4812 5407 5097 5269 5228 5391 5049 5166 5059 5325 5350 5228 5465 5247 5402 5457 5260 4912 5402 5504 5569 5095 5466 5240 5112 5407
5109 5338 4782 4902 5145 4964 5105 5473 4805 4821 5146 5000 5357 5458 4902 4981 4568 5187 4874 4807 4830 4929 5422 5316 4856 4772 5115 4917 5103 4811 5203 4753 5170 4881 5136 4820 4875 4906 4899 5192 5200 4703 5459 4595 4787 5290 4607 5180 5238 4747 5148 4945 4890 5214 5483 4684 4617 4704 5123 4826 4751 5046 4807 4702 4764 5134 5474 5107 5167 4885 4658 4564 4828 4694 4448 4900 4932 4920 4810 4543 4895 5309 4959 4987 4965 4763 5374 4821 4630 5229 5240 4882 4894 5074 4550 4867 5489 5125 4858 4610 4779 5122 4904 4799 4955 5074 4881 5369 5286 4989 4821 5173 5187 5494 4756 5245 5327 4678 4940 5316 4724 5191 5123 4807 4835 4983 5190 5236 4372 4185 4558 4771 5169 5084 4491 5300 5191 5228 5092 5150 5101 5174 4578 5147 5417 4932 4652 5169 5138 5366 4961 4975 4972 5024 4857 4725 5108 4870 4791 5346 4741 5056 4661 4781 5057 5078 5058 5251 4558 5289 5017 5198 4814 5001 5180 5223 4911 4761 4775 4972 4931 5137 4843 5213 4772 5046 5275 4902 5271 4765 5026 4964 5574 4851 5377 5434 4652 5089 5156 5070 5063 4585 4995 4447 4970 5110 4769 4837 4888 4439 4933 4933 5122 4816 4959 5056 4772 5154 4948 5347 5151 5377 5079 4928 4895 5062 5217 4846 4640 5106 5446 5068 5224 4868 5221 4516 4972 5163 5171 4989 4951 4558 4647 4862 4871 4765 4987 4881 5409 4672 4473 4754 5255 4634 5049 4695 5189 4808 4948 5112 5266 5166 5308 4878 4991 5137 4845 4913 4770 5115 5016 4624 4635 5252 4862 5291 4649 4919 4810 4795 4765 4805 5021 4953 5135 4913 5078 4743 4974 5231 4826 4615 4943 5216 5078 4874 4824 4881 4801 4992
5479 5406 5025 5096 5286 5327 5227 5718 5077 4992 5602 5575 5243 5931 5303 5214 5053 5246 5300 5275 4984 5553 5657 5633 5205 5119 5909 5045 5556 5299 5460 5433 5694 5406 5465 5250 5180 5287 5383 5479 5413 5029 5449 4986 5085 5308 5234 5610 5601 5492 5350 5350 5130 5475 5652 5007 5298 5021 5805 5206 5089 5297 5290 5205 4962 5744 5748 5489 5151 5374 5246 5019 4836 4987 4912 5448 5351 5100 5389 4984 5320 5589 5158 5331 5238 5110 5804 5478 5086 5533 5893 5122 5271 5372 5100 5143 5577 5341 5064 5092 5035 5490 5585 5150 5497 5250 5280 5794 5516 5532 5239 5376 5766 5625 5287 5237 5525 5172 5563 5679 5093 5605 5701 5083 5488 5639 5404 5348 5025 4624 5176 5270 5635 5509 4995 5368 5279 5819 5091 5278 5338 5280 4913 5660 5445 5019 5013 5768 5467 5897 5511 5234 5651 5476 5271 5397 5371 5205 5541 5825 5114 5375 5297 5378 5587 5546 5268 5724 4920 5511 5523 5565 5047 5323 5499 5281 5715 5185 5303 5242 5344 5458 5190 5353 4914 5369 5374 5394 5686 5560 5549 5567 5795 5213 5678 6088 5100 5585 5348 5414 5299 5234 5327 4998 5720 5565 4950 5218 5482 4858 5419 5299 5419 4949 5351 5343 5118 5621 5416 5578 5480 5796 5365 5201 5273 5351 5626 5146 5053 5419 5600 5111 5385 5289 5634 5120 4896 5382 5361 5444 5263 5136 5182 4928 5058 5030 5248 5291 5782 4929 5094 4949 5617 4925 5169 5128 5635 5121 5472 5040 5500 5757 5759 5307 5572 5341 5140 5415 5100 5461 5203 4969 5152 5729 5313 5601 5065 5263 5143 5258 5034 5280 5496 5430 5367 5266 5534 5110 5438 5414 5359 4973 5271 5636 5242 5593 5538 5492 5168 5563
4965 5391 4847 4943 5144 5002 4780 5300 4811 4712 5013 5160 5215 5151 5143 5019 4548 4907 5055 5352 4878 4983 5343 5133 4910 4932 5211 4849 5052 4963 5018 4934 4991 5230 5090 4928 4905 4992 4999 5179 5147 4991 5213 4584 4763 5192 4920 5231 4834 4948 5039 4776 4691 4917 5151 4550 4868 5037 5216 4944 4852 5222 5166 5099 4928 5367 5571 5184 5313 4797 4893 4670 4446 4826 4665 5120 4875 4814 5128 4613 4764 5188 4675 5015 4982 4810 5345 5118 4588 5260 5207 4620 4937 5112 4787 5183 5138 5067 4934 5007 4887 5245 5122 4684 5044 5081 4952 5551 5274 5185 4973 5195 5034 5250 5039 5040 4984 4459 5241 5250 4771 5218 5290 4883 5228 5064 5173 5276 4613 4459 4754 4790 5309 5260 4806 4895 5010 5434 4859 4710 4813 5317 4643 5361 5061 4860 4979 5441 4771 5397 5072 4966 5189 4930 5358 4969 4983 4705 4890 5384 4970 4988 4996 4707 5366 5236 4988 5242 4661 5156 5114 5001 4923 4951 5214 5337 4993 4622 5168 5108 4977 5090 4711 5262 4568 5137 5380 4904 5095 5044 5013 5254 4976 5037 5478 5378 4823 5178 4978 5170 4893 4899 4704 5026 5076 5239 4857 4829 4871 4361 4913 5322 5084 4521 5150 5124 4753 4987 5144 5143 5046 5385 4958 5148 4797 5157 5252 5071 4816 5061 5331 5065 5030 5005 5203 4912 5014 5061 5108 4967 5026 4714 4832 4525 4726 4899 5043 4897 5117 4630 4743 4796 5155 4692 4830 4624 5181 5053 5203 4787 5046 5370 5546 5017 5173 5201 5040 5018 4808 4825 4785 4818 5035 5655 4974 5177 4803 4827 5015 4949 4681 4905 5139 5246 5258 4788 5025 4852 5298 5117 4938 4742 5264 4867 4947 4983 5254 5151 4985 5217
5093 5025 4437 4716 4866 4682 4706 5290 4689 4496 4753 4965 4924 5093 4822 5056 4156 4582 4875 4952 4680 4951 5170 5078 4913 4689 5043 5054 4722 4657 4930 4856 4871 4787 5228 4481 4656 4892 4985 5115 4699 4491 5023 4441 4700 4686 4749 5028 4650 4675 4989 4553 4473 4902 5004 4411 4571 4443 5064 4910 4490 4902 4744 4580 4476 5052 5188 5103 4787 4541 4755 4621 4501 5086 4156 4896 4874 4778 4655 4630 4844 5057 4798 5044 4692 4579 5045 4869 4336 5282 4936 4542 4762 5083 4675 4754 4951 4731 4487 4539 4494 5264 5021 4659 5009 4860 4700 5237 5114 5131 4690 4904 5015 4976 4908 4864 5060 4661 4897 5146 4488 5119 4807 4724 5074 4702 5056 5168 4519 3958 4703 4689 5066 5062 4829 4903 4954 5203 4801 4736 4848 4940 4737 5159 4948 4663 4612 5030 4739 5030 5028 5050 5067 4891 4988 4738 4795 4661 4605 5050 4864 4711 4641 4735 4991 5091 4799 5192 4433 5003 5218 5126 4763 4858 4910 5068 4892 4675 4627 4966 4773 5041 4593 4800 4331 4851 5086 4731 5057 4789 4984 5192 5394 4437 4917 5317 4658 5093 4899 4986 4820 4545 4894 4569 5004 5074 4313 4439 4892 4845 4977 5200 4858 4311 4654 4625 4627 4995 4963 5017 4979 5343 4766 4832 4604 4677 4957 5089 4723 4937 5241 4784 4974 4786 4789 4542 4737 4578 4838 4591 4608 4777 4500 4442 4506 4642 4819 4867 5014 4287 4545 4563 4857 4344 4699 4400 4852 4461 4732 4738 4714 5012 5234 4955 4958 4967 4608 4981 4641 4577 4849 4417 4569 5198 4721 4787 4462 4631 4747 4680 4602 4922 4808 4757 5016 4751 4703 4472 4862 5019 4732 4417 5002 4833 4846 4485 4924 4684 4692 4919
5163 5024 4624 5013 5414 5055 5020 5164 4919 4935 5264 5130 5140 5457 5047 5130 4518 4935 4984 5018 5010 5245 5483 5380 5121 4688 5548 4973 5140 4955 5377 5276 5287 5156 5098 5026 4895 5138 5368 5435 5069 5109 5406 4792 4850 5344 4937 5132 5025 4978 5024 4910 4883 5260 5537 4825 5094 5013 5301 5158 4824 5241 5107 4937 5040 5592 5507 5344 5299 4936 4902 4659 4586 4865 4857 5240 5033 5033 5253 4827 5048 4964 4789 5096 5123 4754 5321 5196 4985 5257 5193 4702 5242 5433 4945 5064 5180 4849 4718 5030 4942 5035 5288 4903 5079 4947 5020 5271 5396 5482 4612 5181 5166 5124 4811 5181 5203 4617 5067 5362 4819 5122 5308 4867 5099 5403 5243 5275 4891 4261 4958 4871 5294 5166 4919 5276 5109 5457 5127 5004 5101 5278 4720 5522 5319 5016 5038 5207 5262 5466 5246 5075 5427 5117 5125 5097 5302 4867 5024 5555 4982 5155 5087 5193 5130 5200 4950 5253 4912 5146 5026 5133 4843 5215 5178 5172 5198 4848 4972 5361 5061 5166 4783 5194 4507 5101 5205 4931 5545 5143 5233 5432 5417 5096 5264 5558 4867 5032 5403 5118 4913 4939 5138 4849 5138 5398 4420 4803 5079 4734 5123 5261 5238 4777 5326 5054 5105 5079 5235 5165 4947 5434 5010 5206 5136 5110 5074 5102 4855 4972 5480 5166 4970 4899 5392 4580 5080 5120 4969 5072 5169 4805 4741 4759 4926 4836 4914 5072 5286 4606 4623 5089 5149 4634 4913 4899 5216 5079 5201 4946 5415 5217 5544 5111 5219 5329 4950 5383 4764 4851 4582 4782 4795 5470 5019 4999 4779 4941 5059 5158 4722 5163 5127 4942 5290 4708 5190 4817 5116 5091 5025 4839 4997 4804 5173 4951 5382 5087 4985 5315
5587 5557 4768 5158 5384 5182 5334 5846 5094 5313 5433 5620 5450 5810 5304 5391 4906 5026 5412 5397 5034 5407 5788 5318 5197 5118 5686 5152 5483 5134 5276 5377 5420 5569 5466 5118 5265 5209 5325 5323 5253 5192 5624 5034 5180 5485 5079 5548 5300 5163 5189 5159 5145 5318 5541 5039 5224 5261 5561 5491 5190 5327 5108 4979 5124 5530 5774 5590 5368 5264 4935 4683 4954 4881 4786 5433 5234 5011 5292 4915 5009 5184 4723 5309 5148 5023 5743 5620 5256 5594 5565 5171 5165 5338 5178 5202 5548 5122 5251 5097 4934 5529 5249 4840 5577 5437 5515 5437 5614 5704 5175 5190 5381 5469 5350 5137 5591 4863 5373 5612 5100 5579 5502 5081 5323 5159 5542 5535 5216 4500 5083 5241 5515 5162 5184 5276 5386 5889 5017 5197 5337 5532 5198 5530 5496 5188 4918 5681 5227 5666 5253 5394 5518 5404 5282 5321 5488 5115 5309 5581 5005 5379 5124 5123 5280 5454 5154 5503 4825 5515 5436 5344 4988 5293 5622 5277 5396 5479 5470 5372 5432 5284 5060 5416 4691 5337 5364 5405 5231 5177 5265 5494 5824 5361 5599 5713 5075 5395 5444 5469 5335 5225 5436 4880 5580 5864 4955 4917 5086 4907 5287 5284 5348 4918 5228 5338 5186 5630 5451 5544 5363 5828 5411 5369 5388 5725 5416 5273 5382 5438 5837 5217 5177 5085 5474 5089 5189 5172 5323 5242 5225 5277 4927 5016 4950 4978 5439 5171 5404 4966 4843 5210 5595 4762 5203 4981 5374 5376 5491 5121 5761 5487 5598 5392 5646 5486 5147 5271 5030 5255 5025 4834 5231 5681 5023 5590 4884 5493 4942 5214 4966 5399 5542 5430 5342 5255 5528 5063 5357 5423 5328 5296 5380 5327 5361 5391 5502 5292 5118 5566
5407 5429 4988 5225 5540 5221 5258 5769 4956 4957 5363 5367 5200 5610 5395 5412 4834 5146 5312 5346 5162 5224 5835 5324 5337 5047 5451 5269 5483 5118 5284 5106 5456 5165 5253 5113 5067 5236 5311 5465 5387 4994 5379 4747 5159 5288 5262 5132 5231 4825 5112 5174 5113 5495 5619 4721 5055 4865 5801 5274 5018 5351 5153 4877 5006 5506 5774 5275 5026 4929 5100 5070 4617 5058 4835 5081 5034 5174 5255 4939 5194 5331 5228 5284 5273 5052 5626 5496 5105 5588 5600 5078 5016 5365 5095 4919 5455 5166 5262 5033 5060 5592 5515 5041 5378 5121 5384 5292 5566 5357 5335 5433 5617 5451 4967 5045 5530 4877 5682 5643 4937 5274 5243 4944 5101 5240 5445 5421 4804 4300 5090 5140 5263 5316 5282 5211 5295 5423 4819 5112 5394 5389 4828 5575 5552 5337 5350 5759 5088 5649 5337 5353 5551 5295 5254 5090 5357 5163 5515 5672 5052 5526 5203 5411 5497 5377 5236 5582 4713 5486 5537 5515 4918 5298 5297 5109 5431 5164 4980 5100 4998 5339 5085 5391 4793 5291 5600 5191 5594 5088 5384 5421 5628 5328 5525 5451 4960 5616 5581 5476 5082 5091 5166 5122 5594 5498 4888 4803 5029 4886 5301 5264 5453 4905 5266 5320 5081 5176 5447 5521 5503 5628 5383 5362 5140 5030 5377 5475 5102 5469 5572 5325 5144 5087 5362 5026 5398 5211 5349 5307 5341 5058 4796 4892 4894 4940 5071 5004 5487 4660 5063 4853 5424 4755 5201 4973 5086 5048 5219 4937 5406 5498 5764 5527 5460 5439 5195 5258 5190 5065 5045 4957 4887 5821 5225 5191 5151 5373 5118 5381 4850 5047 5091 5206 5352 5389 5648 4971 5211 5650 5513 4902 5201 5182 5323 5341 5578 5027 5008 5355
5443 5417 4987 5248 5526 5418 5370 5882 5457 4975 5642 5299 5597 5754 5299 5479 5116 5081 5845 5332 5256 5649 5850 5422 5448 5495 5704 5256 5540 5452 5309 5356 5667 5406 5646 5234 5146 5543 5734 5681 5443 4904 5689 4844 5418 5547 5119 5713 5573 5220 5454 5042 5205 5493 5597 5168 5264 5194 5796 5503 5003 5508 5387 5444 5169 5778 5988 5481 5525 5219 5306 5094 5047 5209 4851 5381 5595 5609 5452 5176 5396 5429 5171 5544 5389 5392 5768 5396 4858 5699 5658 5011 5145 5472 5190 5528 5589 5423 5093 5183 5393 5679 5644 5372 5541 5555 5542 5816 5606 5750 5172 5460 5740 5759 5352 5388 5714 5123 5431 5815 5176 5477 5488 5290 5760 5708 5685 5417 5086 4797 5037 5192 5438 5726 5292 5511 5300 5970 5363 5350 5355 5662 5335 5779 5493 5353 5383 5866 5157 5671 5742 5540 5640 5741 5383 5183 5217 5120 5370 5851 5216 5492 5604 5444 5659 5621 5325 5802 4841 5649 5308 5543 5242 5442 5479 5425 5371 5293 5548 5463 5437 5500 5199 5816 4930 5591 5764 5347 5319 5439 5735 5271 5851 5527 5659 5915 5362 5590 5613 5316 5183 5201 5587 5131 5686 5822 4897 5256 5599 5045 5504 5450 5746 4835 5798 5290 5238 5502 5532 5568 5417 5945 5290 5446 5281 5448 5332 5333 5190 5515 5762 5454 5204 5303 5772 5223 5165 5507 5478 5314 5552 5313 5209 4432 4938 5017 5265 5357 5706 5009 4959 5236 5731 4918 5263 4851 5473 5330 5788 5343 5553 5552 5621 5462 5559 5673 5271 5711 5226 5354 5335 5093 5210 6021 5050 5487 5144 5183 5198 5188 5203 5434 5614 5535 5558 5303 5620 5179 5862 5456 5392 5296 5370 5390 5552 5459 5460 5318 5215 5591
5335 5437 4923 5248 5237 5242 4833 5473 5042 4791 5447 5301 5295 5534 5007 4904 4694 4671 5305 5323 4806 5356 5607 5396 5081 5121 5142 5240 5452 4967 5148 5153 5293 5409 5289 5162 5354 5184 5379 5610 5206 5054 5379 4685 5057 5190 5063 5166 5166 4908 5274 5016 4852 5310 5277 4705 5060 4952 5608 5268 4694 5234 5218 5148 4964 5459 5573 5174 5408 5072 4985 4619 4853 5016 4645 5248 5191 5013 5221 4658 5176 5022 4965 5299 5232 5038 5693 5010 4749 5507 5212 5155 4951 5261 4975 5159 5159 5192 4954 4833 5041 5596 5327 4851 5232 5421 5024 5542 5399 5633 5132 5122 5477 5485 5378 5182 5364 4687 5142 5710 5058 5445 5010 4924 5435 5101 5339 5577 5031 4251 4917 5049 5027 5439 5260 5091 5072 5644 5399 5007 5088 5514 5062 5638 5186 5171 5077 5534 5177 5580 5070 5242 5551 5289 5348 5009 5385 4950 5151 5428 4971 5507 5074 5012 5349 5527 5298 5243 4608 5508 5411 5329 5071 5263 5369 5143 5140 5016 5108 5117 5102 5242 4884 5233 4768 5250 5532 5101 5110 5033 5448 5222 5499 5161 5816 5445 4908 5439 5206 5041 4929 4932 5296 5094 5484 5307 4689 4867 4957 4859 5316 5389 5331 4649 5023 5274 5202 5241 5561 5389 5424 5815 4778 5216 5054 5391 5191 5174 5043 5237 5591 5261 5201 5197 5491 5042 5053 5206 5356 4975 5198 5002 4760 4888 4823 4698 5091 4787 5187 4749 4941 5098 5500 4917 5163 5064 5262 5103 5327 5029 5411 5364 5417 5008 5351 5503 5229 5258 4738 5159 4895 4734 5105 5866 4975 5173 4955 5006 5050 5173 4869 5088 5166 5176 5544 5229 5200 4838 5466 5264 5147 4806 5523 5184 5286 5222 5283 5442 5058 5528
5359 5382 4934 5196 5280 5367 4882 5619 4884 4793 5293 5213 5267 5385 5155 5181 4819 4685 5392 5103 4970 5168 5607 5101 4977 5130 5084 5107 5249 4859 5209 5250 5396 5168 5215 5105 5203 4836 5268 5254 5245 4877 5220 4921 5117 5342 4891 5096 5363 5211 5394 4925 4987 5249 5287 4772 4972 4902 5420 5439 4721 5294 5115 5044 4933 5360 5566 5303 5123 4840 4755 4677 4820 4729 4821 5241 5191 5108 5073 4601 5106 5282 4728 5246 5106 5197 5449 5301 5022 5354 5488 4998 4901 5196 4726 4981 5207 5201 5101 5006 5064 5354 5343 4996 4976 4909 5168 5634 5300 5367 4983 5304 5371 5234 5243 5368 5391 4789 5273 5598 5202 5520 5257 4884 5218 5458 5069 5183 4893 4478 4741 4933 5396 5256 5205 5162 5258 5441 5085 5387 5002 5009 4918 5477 5487 4965 5176 5216 5388 5670 5065 5180 5509 5562 5305 4767 5165 4877 5175 5625 4790 5344 5286 5134 5423 5245 5004 5370 4798 5315 5490 5367 4886 4919 5115 5062 5151 5070 5104 5255 5276 5058 5183 5348 4561 5118 5557 5016 5268 5125 5367 5117 5455 4973 5687 5685 5046 5351 5223 5113 5072 5020 5107 4896 5566 5297 4913 4894 5146 4483 5005 5388 5404 4700 4898 5145 4993 5323 5282 5171 5219 5490 5050 5283 5112 5541 5403 5117 4968 5247 5621 5264 5006 4988 5229 5007 4960 4963 5141 5085 5342 5018 4919 4948 4838 4739 4878 4962 5394 4784 4505 4957 5364 4630 5211 4889 5097 5031 5191 5080 5473 5200 5641 5224 5363 5349 5272 5229 4725 5232 4741 4903 5186 5804 4986 5387 4847 5108 4879 5134 5028 5052 5345 5294 5243 5191 5315 4870 5438 5140 5282 4859 5250 5039 5511 4894 5373 5203 5098 5245
5154 5169 4499 4578 5003 4939 4624 5444 4721 4613 5090 5045 4906 5142 4780 4932 4601 4593 4979 4855 4784 5042 5312 5051 4663 4541 5251 4716 4990 5060 5068 4979 5218 5027 5055 4615 4813 4856 5003 5062 4763 4433 5457 4303 4913 5023 5006 5147 4898 4811 4836 4811 4779 5082 5334 4667 4954 4577 5238 4841 4370 5018 4569 4944 4483 5233 5038 4969 5057 4734 4630 4421 4730 4622 4507 4946 4936 4847 4935 4558 4918 5089 4890 4866 4833 4586 5140 5015 4687 5185 5282 4767 4679 5080 4770 4649 5131 4879 4713 4810 4553 5093 4879 4719 4785 5038 4950 5139 4970 5236 4519 4990 5155 5053 4907 4896 4993 4680 4998 5219 4654 4915 5099 4564 5057 4989 5105 5127 4488 4088 4699 4939 4907 5167 4698 4859 5093 5078 4555 4793 4909 5214 4475 5465 5295 4887 4725 5086 5105 5201 4662 4784 5334 5063 4599 4816 4978 4747 5007 5217 4635 5142 4937 4740 5029 5344 4750 5277 4426 4809 5162 5127 4800 4839 5044 4943 5050 4652 4720 4663 4715 4981 4651 4987 4550 5174 5028 4901 5219 5027 5060 4821 5289 4612 5176 5430 4791 5126 5073 5039 4695 4622 4931 4722 5109 5018 4480 4528 4993 4406 4983 4897 4864 4481 4845 4790 4584 4858 5011 4995 4748 5140 4849 4797 4805 4871 5180 4974 4890 4780 5250 4757 4870 4721 5138 4517 4815 4869 5021 5029 4912 4941 4688 4569 4468 4605 4836 4860 5381 4634 4647 4776 5141 4417 4570 4701 4836 4832 5146 4854 5186 5221 5057 4775 4788 5040 4701 4984 4766 4806 4864 4651 4557 5251 4818 5201 4571 4862 4628 4633 4618 4981 5063 5057 5123 4794 5031 4779 4854 4994 4812 4736 5163 4940 4977 4823 4912 4864 4567 5006
5213 5676 5078 5049 5484 5239 5168 5558 5313 4792 5529 5322 5286 5732 5200 5335 4800 4650 5053 5090 5255 5325 5758 5472 5369 5162 5529 5132 5404 5043 5048 5151 5521 5389 5336 5102 5229 5120 5443 5488 5533 4919 5277 4947 5153 5549 4823 5321 5289 5186 5387 5013 5023 5398 5678 4644 5317 5244 5833 5446 4957 5363 5228 5022 4868 5555 5857 5307 5292 4966 4922 4809 4763 4843 4857 5283 5329 4999 5298 4815 5413 5239 5153 5334 5089 5182 5490 5398 4936 5345 5431 5142 5056 5349 4899 5259 5550 5423 5061 5148 5055 5403 5680 5052 5284 5180 5266 5687 5409 5553 4968 5222 5724 5229 5085 5272 5501 4785 5636 5749 5137 5511 5340 5052 5326 5384 5449 5526 4797 4200 5024 5106 5373 5200 5136 5459 5418 5664 5201 5305 5243 5382 5037 5317 5395 5280 5065 5606 5238 5577 5194 5450 5512 5186 5479 5257 5453 5111 5249 5628 5026 5123 5422 5267 5337 5507 5071 5334 4944 5609 5254 5416 4919 5268 5373 5430 5451 5292 5337 5266 5397 5377 4968 5443 4586 5128 5394 5232 5316 5571 5144 5473 5385 5470 5848 5756 4984 5232 5388 5352 5123 5333 5456 5020 5403 5722 4717 4792 5158 5003 5255 5370 5394 4758 5252 5282 5218 5523 5327 5406 5310 5347 5553 5463 5233 5563 5333 5193 5267 5085 5611 5345 5097 5156 5315 5054 5098 5171 5477 5414 5444 5074 5012 5173 5061 5039 5302 5189 5326 5041 4679 5020 5504 4761 5165 4860 5229 5406 5231 5203 5485 5301 5547 5064 5488 5417 5110 5373 4911 5298 5291 4927 5293 5760 5008 5639 5018 4978 5040 5347 4863 5247 5348 5382 5368 5232 5463 4975 5367 5267 5227 5049 5131 5581 5599 5316 5297 5257 4953 5418
5086 5221 4578 4934 5304 5050 4925 5170 4776 4748 5219 5167 5064 5190 4958 4923 4729 4764 5224 4845 4842 5344 5515 5294 5196 4757 5235 4736 5014 5091 5127 5269 5123 5231 5118 4820 5107 5120 5026 5364 5352 5052 5301 4528 5262 5339 4822 5205 5356 5001 5212 4846 4991 5223 5452 4747 5111 4749 5541 5241 4720 4856 5142 4952 5030 5507 5712 5133 5184 5002 4862 4812 4616 4834 4517 5049 4911 4918 5137 4595 5153 5172 4862 5207 5301 4901 5515 5107 4891 5085 5304 5150 4892 5028 4843 4940 5329 5069 4842 5123 5154 5155 5024 4817 4883 5038 5137 5434 5215 5401 4998 5161 5179 5424 4788 5183 5190 4557 5244 5432 4834 5507 5306 4697 5128 5389 5173 5020 4646 4475 4741 4976 5186 5261 4533 4976 5094 5567 5062 4954 5309 5358 4720 5279 5168 4894 4759 5281 5004 5560 5101 5157 5288 4892 4870 5375 5324 4703 5061 5466 4633 5310 5190 4819 5208 5215 5001 5330 4856 5287 5162 5251 4762 5153 5392 5155 5047 4813 5235 5250 4871 5329 4948 5416 4627 5241 5330 4793 5239 5002 5268 4992 5423 5063 5112 5647 4765 5291 5003 5243 4698 5078 4945 4932 5220 5229 4459 4917 5043 4644 4891 5093 5288 4977 5389 5086 5131 5264 4984 5301 5299 5285 5057 5091 5043 5122 5171 5171 4916 4935 5363 5038 5104 4889 5152 4734 5017 5178 5230 5099 5273 4913 5090 4763 4872 4669 5064 4939 5279 4895 4673 5040 5208 4769 4856 4855 5235 5111 5340 4796 5328 5085 5556 4896 5161 5187 5112 5214 4868 4990 5088 4690 4888 5385 4929 5300 4697 4762 4944 5048 4789 5095 5166 5286 5456 4873 5517 4918 5014 5194 4949 4779 5148 5085 5130 5148 5060 4873 4848 5342
5659 5853 5035 5176 5518 5555 5063 5592 5103 5187 5308 5584 5678 5743 5402 5487 4719 5106 5392 5324 5030 5153 5802 5640 5345 5108 5512 5334 5329 5215 5396 5139 5511 5469 5388 5022 5122 5293 5256 5541 5434 5153 5448 4913 5372 5401 5346 5666 5365 5244 5280 5305 5149 5695 5799 4974 5258 5129 5619 5489 5097 5588 5210 5020 5051 5564 5908 5644 5240 5100 5068 4881 4868 5220 4829 5509 5256 5242 5395 5007 5384 5391 5357 5399 5585 5243 5961 5395 5054 5393 5637 5217 5147 5705 5080 5487 5711 5366 5131 5292 5204 5582 5404 5081 5423 5502 5658 5667 5754 5480 5414 5452 5579 5451 5544 5464 5765 5049 5357 5523 5130 5487 5662 5170 5270 5385 5445 5736 4797 4385 4881 5174 5722 5376 5267 5446 5636 5604 4921 5350 5345 5572 4996 5693 5730 5457 5281 5848 5164 5834 5447 5499 5621 5373 5488 5147 5603 5114 5481 5709 5031 5643 5360 5225 5489 5706 5416 5619 4887 5415 5164 5411 5148 5316 5223 5517 5357 5363 5236 5539 5324 5224 5279 5448 4932 5529 5730 5155 5649 5223 5477 5480 5781 5238 5976 5920 5118 5491 5780 5309 5281 5355 5442 5212 5347 5605 4921 5302 5387 4953 5541 5499 5214 5076 5343 5299 5080 5464 5451 5713 5567 5579 5478 5141 5376 5333 5644 5422 5117 5263 5848 5206 5456 5232 5387 5313 5285 5253 5291 5569 5593 5205 5103 5205 5076 5265 5224 5318 5681 4905 4954 5273 5408 5071 5021 4901 5293 5135 5670 5232 5429 5293 5574 5461 5469 5392 5124 5167 4987 5401 5257 4764 5233 5956 5061 5317 5193 5168 5146 5277 5261 5299 5461 5396 5631 5318 5567 5365 5434 5551 5019 4751 5311 5283 5418 5318 5472 5355 5089 5503
5187 5237 4680 5162 5103 4929 4766 5442 5065 4860 5160 5189 5188 5401 5075 5057 4571 4771 5251 5285 4926 4995 5344 5256 5144 5041 5186 4759 5092 4973 5138 4868 5263 5532 5206 5037 5332 5036 5029 5248 5276 5005 5429 4720 5159 5201 4859 5362 4927 5152 5115 4887 4807 5155 5357 4496 5040 5028 5294 5297 4546 5339 4881 4968 4891 5495 5474 5212 5111 4983 5003 4800 4755 4655 4813 5214 5216 5185 5205 4774 5167 5031 4626 5144 5140 4896 5540 5185 4750 4960 5255 4941 4992 4988 4988 5107 5236 4828 4901 4881 4692 5213 5316 4755 5126 5152 4956 5593 5294 5485 4827 5236 5140 5469 5104 5315 5397 4599 5155 5246 5028 5296 5503 4768 5313 5253 5085 5235 4656 4536 4950 4879 5404 5595 4962 4847 5173 5390 5077 4996 5049 5481 4924 5306 5289 5193 5036 5299 5311 5685 4980 5228 5501 5010 5222 5034 5176 4937 5093 5510 4806 5382 5081 5031 4984 5463 5054 5322 4451 5409 5234 5170 5029 4837 5068 5256 5225 4764 5221 4905 5181 5048 4890 5313 4721 5029 5438 5207 5365 5146 4979 5137 5309 4700 5492 5600 5134 5208 5197 5301 4750 5074 4889 5114 5378 5405 4843 4883 4960 4884 5049 5256 5353 4621 5288 5126 5083 5260 5236 5142 5174 5427 4948 5049 5008 5149 5142 4975 4987 5145 5552 4995 4957 5021 5179 4683 4976 4957 5034 5059 5225 5063 4936 4647 4789 5023 5299 4705 5450 4679 4825 5077 5480 4649 4940 4759 5061 5286 5175 5031 5186 5147 5232 4967 5235 5193 4818 5229 4904 4861 4835 4787 5175 5714 5185 5048 4860 4897 4869 5164 4802 4864 5188 5292 5511 4882 5281 4972 5143 5402 5358 4510 5123 5069 5180 4881 5110 5196 4902 5205
5264 5430 4840 4750 5369 5195 5134 5604 4887 4626 5380 5008 5064 5502 5135 5258 4744 4823 5057 4952 4810 5299 5434 5445 4932 5045 5291 4791 5336 5526 5163 5267 5581 5287 5211 4774 5019 5204 5352 5225 5132 4964 5294 4755 4932 5369 4927 5327 5120 5058 5338 5024 4897 5146 5320 4971 4848 4744 5434 5082 4573 5405 5047 5099 4983 5324 5427 5165 5426 5041 5151 4632 4610 4879 4575 5219 5256 5024 5091 4855 5031 5366 4766 5196 5108 5093 5406 5238 4981 5326 5296 4825 5173 5106 4968 5128 5209 4963 4761 4781 4992 5246 5139 5023 4914 5308 4894 5590 5455 5313 5016 5076 5291 5371 5205 5151 5263 4844 5226 5409 4879 5389 5412 4990 5393 4978 5440 5177 4866 4312 4755 5200 5154 5015 4911 5051 5106 5899 5177 5075 5023 5321 4685 5354 5365 4887 4728 5545 5279 5263 5317 5247 5069 5141 5264 4930 5360 4870 5119 5548 4864 5158 4964 5122 5329 5421 5098 5502 4752 5324 5141 5350 5243 4971 5410 4861 5269 4714 5112 5175 5220 5186 5087 5534 4701 5229 5117 5049 5282 5141 5167 5357 5657 4906 5447 5794 5162 5236 4972 5252 5250 4886 5132 4833 5317 5541 4687 4840 4917 4867 5199 5056 5191 4711 4929 4881 5129 5216 5365 5268 5190 5730 4954 4936 5138 5267 5327 5046 4976 5168 5357 5143 5276 5025 5217 4994 5025 5080 5177 5289 5202 4897 5061 4836 4939 4996 5258 4942 5492 4774 4803 4908 5510 4733 5118 4769 5238 5161 5537 4808 5540 5470 5226 4911 5265 5350 4991 5251 4983 4767 5097 4615 5075 5489 4945 5592 4903 5097 4743 5019 4702 5340 5187 5035 5220 5093 5060 5082 5330 5212 5044 5065 5142 5329 5085 5131 5140 5162 4858 5226
5421 5386 4957 5292 5510 5372 5109 5751 5120 4963 5683 5597 5368 5634 5511 5539 5017 5002 5618 5180 5297 5455 5722 5605 5356 5215 5391 5310 5664 5315 5489 5338 5627 5666 5489 5318 5360 5430 5672 5781 5520 5420 5628 4941 5332 5616 5196 5553 5501 5037 5418 5048 5061 5602 5648 4901 5223 5179 5760 5271 4912 5769 5355 5402 5350 5698 5879 5626 5510 5295 5335 5016 4842 5278 5052 5476 5598 5336 5689 4925 5427 5361 5207 5086 5381 5271 5577 5461 5229 5569 5660 5186 5356 5509 5188 5566 5402 5243 5136 5252 5057 5552 5493 5104 5260 5523 5608 5810 5721 5802 5464 5601 5498 5440 5569 5543 5422 4959 5401 5847 4908 5518 5677 5272 5480 5472 5449 5437 5173 4782 5162 5118 5457 5300 5378 5165 5443 5998 5288 5113 5549 5659 5034 5804 5660 5259 5206 5704 5380 5877 5331 5333 5612 5381 5479 5073 5349 5016 5460 5683 5266 5489 5275 5500 5652 5753 5196 5755 4905 5549 5652 5677 5174 5183 5518 5275 5425 5176 5359 5369 5166 5433 5111 5524 4693 5459 5703 5561 5431 5331 5275 5667 5733 5168 5667 5969 5354 5531 5426 5378 5196 5287 5508 5247 5290 5498 4996 5213 5110 5132 5608 5320 5644 4943 5436 5385 5250 5452 5404 5540 5489 5910 5148 5267 5101 5532 5424 5085 5513 5644 5848 5409 5633 5343 5633 5096 5466 5491 5397 5103 5683 5015 4935 4986 5017 4996 5300 5102 5540 4919 4998 5169 5441 4860 5177 5239 5310 5146 5758 5331 5492 5674 5790 5615 5756 5516 5422 5235 5213 5266 5212 4929 5239 5749 5264 5595 5325 5299 5158 5377 5130 5376 5320 5667 5797 5221 5690 5169 5627 5639 5402 5089 5314 5495 5225 5336 5366 5248 5326 5604
5457 5607 5080 5199 5515 5460 5401 5666 5245 5056 5579 5547 5535 5488 5484 5356 4939 4874 5221 5226 5259 5403 5913 5557 5307 5251 5508 5213 5347 5202 5070 5429 5494 5765 5669 5183 5025 5473 5312 5367 5539 5255 5599 5009 5172 5676 5065 5608 5438 5159 5442 5109 5232 5462 5485 4877 5280 5020 5749 5257 4956 5439 5212 5254 4820 5473 5866 5396 5638 5401 5208 4914 5024 5119 4807 5506 5377 5100 5433 4903 5540 5402 4883 5343 5284 5207 5719 5675 5152 5347 5667 5247 4928 5521 5077 5024 5596 5439 5021 5107 5330 5654 5590 5196 5430 5396 5322 5946 5351 5629 5256 5500 5463 5640 5169 5490 5615 5133 5839 5589 5327 5473 5504 5082 5480 5542 5552 5296 4796 4430 4847 5217 5628 5355 5320 5166 5347 5884 5153 5480 5161 5529 4972 5679 5379 5224 5170 5852 5349 5881 5456 5658 5348 5066 5184 5275 5338 5049 5459 5583 5135 5356 5509 5221 5446 5750 5250 5709 4685 5535 5381 5381 5077 5352 5466 5502 5518 5277 5233 5230 5175 5529 5158 5711 4749 5455 5497 5510 5673 5153 5363 5505 5693 5217 5905 5773 5257 5653 5544 5298 4879 5546 5055 5139 5680 5738 4874 5059 5235 4998 5150 5095 5545 4964 5424 5436 5289 5414 5494 5589 5298 5722 5214 5102 5092 5420 5557 5386 5272 5204 5741 5287 5367 5292 5444 5136 5127 5443 5570 5304 5467 5195 5230 4982 4963 4974 5392 5192 5745 4826 4758 5155 5639 4951 5475 5254 5215 4991 5667 5053 5570 5569 5775 5392 5454 5434 5247 5334 5314 5302 5369 4993 4904 5639 5368 5454 5078 5177 5089 5030 4946 5260 5327 5305 5596 5368 5736 5195 5430 5602 5205 5133 5163 5374 5556 5531 5277 4988 4903 5492
4969 5054 4838 4986 5505 5114 4870 5239 4861 4791 5034 5065 4793 5172 5066 5022 4750 4625 4892 4999 4834 5109 5487 5210 5132 4775 5433 4794 5064 4976 4855 5206 5332 5299 4909 4828 5060 5108 5055 5460 5166 4563 5227 4678 4833 5317 4910 5175 5267 5133 4953 4918 4972 5109 5325 4640 4955 4972 5045 5086 4876 5077 4853 4648 4661 5126 5631 4934 5062 5028 4958 4630 4561 4841 4464 5081 4955 4926 5088 4691 5065 5061 4522 5163 5087 4606 5268 5409 4779 5361 5390 4918 4901 5293 4626 4878 5343 5068 4740 4927 4751 5183 4931 4873 4875 5035 5045 5360 5247 5360 4822 4887 5029 5337 4853 5175 5409 4609 5013 5458 4881 5148 5036 4705 5303 5264 5228 5191 4626 4155 4999 4799 5320 5045 4793 4970 5047 5511 4904 4987 4915 5176 4937 5146 5264 4951 4758 4958 4965 5298 5188 5119 5028 5101 5051 5189 5211 4775 4854 5267 4959 4981 5182 4830 5255 5090 4876 5278 4561 5198 4940 5133 4872 5081 5150 4837 5149 4893 5005 5010 5092 5024 4885 5152 4371 5129 5329 4886 5321 5062 5195 5158 5216 4920 5367 5434 4935 5297 5000 5194 4897 4925 5082 4760 5245 5497 4473 4658 5151 4779 4937 5139 5470 4558 4910 4938 4761 5097 5203 5098 5216 5146 5103 5063 5100 5128 5153 5203 5110 5285 5153 5159 4965 4860 5404 4875 4946 4969 4993 5094 4918 4975 4591 4659 4790 4757 4943 4848 5297 4736 4372 4669 5268 4528 4916 4637 5033 4598 5206 4925 5374 4949 5351 5039 5226 5272 4922 4964 5036 4868 4765 4748 4943 5564 4630 5231 5070 4957 4540 4955 4855 4991 4967 5035 5250 5041 5015 4834 4921 5006 5156 4772 5105 5371 5167 4850 4960 5000 4799 5322
5797 5727 4891 5473 5409 5173 5213 5691 5234 4758 5366 5266 5454 5883 5001 5422 4983 4972 5456 5128 5263 5407 5829 5627 5218 5217 5368 5244 5345 5274 5423 5403 5669 5518 5627 5199 5189 5209 5270 5761 5553 5133 5587 4874 5423 5527 5119 5426 5331 5391 5651 5119 5459 5275 5664 4835 4928 5325 5584 5388 4837 5499 5311 5188 5111 5673 5656 5458 5276 5270 4891 5131 4897 5187 5089 5386 5115 5267 5207 5084 5323 5344 5233 5368 5056 5092 5906 5612 5137 5612 5316 5198 5287 5591 5095 5555 5536 5117 4981 4994 4962 5618 5498 5055 5262 5371 5075 5964 5606 5533 5174 5266 5749 5540 5409 5318 5668 5154 5496 5646 5358 5541 5381 4946 5519 5214 5646 5427 5082 4235 4817 5278 5450 5591 5218 5221 5458 5531 5304 5279 5333 5738 4922 5506 5485 5344 5073 5572 5364 5823 5511 5367 5567 5447 5330 5263 5389 5056 5422 5705 5224 5282 5315 5104 5659 5695 5253 5592 4968 5782 5280 5508 5278 5222 5448 5463 5311 5138 5167 5401 5273 5400 5195 5500 4712 5293 5558 5126 5818 5463 5679 5748 5552 5137 5542 5649 5096 5489 5415 5639 5350 5166 5422 5185 5443 5625 5011 4916 5338 5053 5348 5789 5449 5078 5464 5342 5296 5600 5336 5575 5368 5718 5290 5567 5287 5533 5863 5298 5173 5387 5493 5213 5131 5399 5305 5275 5352 5387 5479 5509 5558 5063 5105 4835 4976 5060 5377 5285 5712 4873 4987 5096 5639 4959 5149 4731 5193 5267 5328 5199 5721 5347 5625 5211 5738 5482 5548 5681 5087 4861 5126 5188 5293 5958 5224 5371 5058 5300 5304 5545 5268 5292 5410 5242 5771 5196 5504 5077 5230 5488 5539 5119 5425 5405 5333 5242 5338 5412 5138 5332
5583 5269 4899 5124 5424 5215 5051 5489 5054 4756 5234 5288 5163 5613 5073 5340 4572 4950 5329 5138 5079 4931 5318 5523 5324 4982 5660 5135 5144 5389 5378 5245 5311 5441 5302 5117 5077 5231 5468 5166 5302 4937 5443 4986 5155 5540 5171 5467 5550 5407 5160 5073 4806 5446 5269 4939 5143 5030 5376 5445 5034 5345 5124 4870 5136 5427 5323 5376 5371 4935 5334 4838 4665 4792 4726 5555 4831 4894 5320 4761 5003 5207 5072 5177 5180 5110 5608 5485 5190 5352 5662 5106 5116 5342 4952 5400 5248 5103 4913 4993 4879 5504 5248 4953 5248 5112 5318 5847 5661 5485 5093 5300 5411 5312 5306 5211 5479 4855 5311 5624 5126 5285 5538 5176 5285 5250 5217 5281 5080 4426 4806 5382 5141 5254 4656 5261 5192 5751 5191 5207 5217 5523 5148 5544 5550 4990 5110 5617 5129 5446 5516 5166 5403 5195 5350 5135 5230 5021 5075 5660 4952 5258 5152 5041 5466 5468 5035 5414 4800 5542 4949 5655 5140 5254 5450 5131 5335 5236 5290 5238 5188 5219 4793 5575 4790 5340 5581 5068 5453 5304 5253 5479 5466 5209 5361 5704 5179 5279 5203 5092 5045 5039 5508 5118 5316 5422 4727 4997 5235 4732 5400 5323 5333 4721 5419 5134 4814 5316 5089 5511 5143 5602 5151 5291 5334 5399 5577 5097 5116 5464 5585 5288 4964 5207 5513 4996 5068 5254 5298 5190 5358 5121 4912 4896 4911 5130 5106 5237 5504 4825 4757 4876 5644 4858 4929 5089 5164 5198 5454 4855 5267 5537 5473 5249 5342 5548 5104 5196 4764 4932 5207 4863 5322 5939 4810 5084 5168 5127 4919 5477 4942 5378 5325 5320 5363 5059 5393 5189 5648 5407 5113 5042 4900 5205 5146 5260 5191 5224 4823 5628
5375 5589 5145 5487 5647 5434 5212 5802 5470 5209 5449 5726 5511 5715 5038 5309 4713 5107 5630 5252 4813 5605 5610 5600 5224 5529 5626 5187 5376 5232 5546 5189 5495 5457 5576 5551 5472 5211 5544 5585 5566 5346 5430 5222 5272 5340 5163 5586 5278 5278 5407 4966 5158 5601 5669 5043 5478 5204 5427 5611 5206 5492 5362 5175 5307 5623 6134 5511 5682 4885 5500 5056 5073 5307 4937 5616 5511 5351 5280 5154 4988 5500 5250 5622 5241 5309 5839 5588 5058 5570 5615 5394 5294 5449 5010 5111 5518 5289 4933 5050 5148 5672 5525 4890 5442 5357 5581 5695 5735 5659 5261 5485 5727 5477 5304 5684 5623 5046 5367 5498 5243 5635 5322 5365 5430 5375 5563 5603 4990 4930 4997 5239 5500 5704 5204 5491 5325 5763 5297 5277 5333 5374 5250 5618 5581 5170 5117 5727 5257 5630 5547 5702 5470 5473 5453 5162 5497 5192 5212 5596 4972 5228 5282 5289 5628 5596 5397 5693 5115 5696 5381 5527 5161 5180 5723 5436 5641 5272 5398 5384 5392 5334 5110 5672 5001 5333 5873 5144 5579 5101 5471 5521 5726 5300 5910 5700 5345 5461 5351 5369 5151 5275 5542 5305 5598 5661 4932 5297 5205 4998 5783 5571 5428 4819 5387 5464 5225 5282 5476 5539 5455 5727 5382 5341 5282 5523 5421 5375 5374 5343 5937 5704 5410 5309 5586 5123 5442 5424 5318 5204 5347 5073 5063 5111 4849 5108 5320 5367 5379 5012 4880 4974 5772 4834 5297 4980 5322 5199 5611 5300 5570 5589 5685 5408 5248 5843 5305 5430 5165 5223 5152 4895 5311 5984 5475 5422 5204 5257 5415 5536 4990 5138 5332 5201 5667 5188 5603 5076 5701 5512 5362 4756 5295 5278 5581 5329 5342 5189 5163 5635
5369 5267 4793 5010 5297 5238 4537 5286 4969 4824 5091 5180 4900 5334 4978 5131 4772 4805 5303 5229 5055 5332 5364 5091 5236 4995 5227 5102 5380 5107 5209 5392 5220 5440 5241 4872 5087 5057 5374 5324 5236 4842 5423 5035 5001 5384 4652 5408 5469 5041 5072 4880 4919 5179 5507 4516 4932 5015 5437 5355 4619 5234 4854 4944 4976 5348 5368 5057 5118 5076 4682 4779 4821 4933 4658 5056 5205 4847 5084 4824 5035 5449 4851 5003 4949 4872 5542 5171 4816 5345 5333 5032 4882 5181 4733 5101 5531 4887 4612 5041 5042 5309 5281 5100 5130 5202 5174 5451 5662 5136 5193 5272 5516 5329 5156 5075 5255 4693 5185 5636 4911 5323 5113 4757 5128 5318 5213 5139 4767 4148 4835 5210 5431 5316 5032 5222 5144 5446 5098 5169 5040 5274 4916 5422 5372 5254 4820 5240 5275 5400 5116 5233 5311 5129 5187 4965 5242 4981 5297 5675 4733 5027 5105 5010 5306 5338 5043 5300 4693 5304 5160 4996 4979 5216 5301 5198 5155 4896 5286 4967 4959 5351 4762 5074 4609 5051 5283 5021 5545 4952 5036 5189 5494 5028 5305 5390 5071 5138 5208 5096 4974 4926 5276 4590 5443 5352 4700 4990 5111 5028 5048 5158 5278 4755 5325 5151 4990 5371 5261 5296 5266 5468 5064 5053 4919 5074 5043 5080 5077 5291 5771 5090 5563 4967 5254 4772 4889 5039 5249 5072 5162 5101 5074 4958 4964 4430 5130 5093 5261 4740 4574 4815 5179 4545 4960 4941 5018 4903 5456 4942 5435 5159 5507 5179 5363 5253 4901 5163 4786 4975 5033 4748 5098 5403 5262 5321 4982 4949 5153 4988 4864 5123 4942 5277 5322 5302 5288 5028 5456 5358 5093 4798 5072 5281 5128 5077 4865 5218 5085 5435
4999 4926 4590 4717 5147 4989 4771 5018 4772 4871 4863 5006 4872 4885 4602 4850 4419 4822 4847 4839 4531 4993 5314 4726 4783 4723 5119 4469 5016 4689 4880 5083 5166 4912 4904 4702 4786 5102 4966 4660 4818 4810 5012 4369 4770 5076 4555 5037 4944 4767 4815 4704 4604 4596 5274 4238 4721 4702 5222 4989 4283 4638 4475 4842 4510 5165 5007 5106 4683 4776 4438 4327 4538 4613 4243 5056 4849 4587 4615 4216 4844 4937 4812 4995 4647 4489 5211 4893 4542 4873 5159 4678 4602 5154 4599 4783 5226 4821 4621 4913 4804 5088 4800 4674 4932 5130 4877 5152 5259 5267 4770 5003 5061 5001 4829 4675 5102 4853 4914 5258 4859 5156 4942 4360 4786 5015 4781 5103 4680 4032 4548 4706 5059 4856 4716 4797 4858 5241 4564 4630 4879 4948 4609 5102 5004 4700 4485 5073 5164 5152 4990 4869 5183 4823 4845 4596 4779 4554 4531 5161 4706 4826 4658 4999 5120 5091 4820 5168 4218 4930 4994 4786 4770 4732 5433 4571 5049 4683 4947 4856 5040 4845 4722 4698 4523 4973 4945 4819 5107 4649 4920 4984 5243 4825 5226 5364 4535 4851 4931 4700 4831 4704 4942 4467 5339 5201 4504 4745 4669 4362 4805 5129 4870 4444 4807 5047 5063 4641 4952 5289 5221 5062 4527 4705 4992 4774 4750 4851 4421 4913 5192 4832 5027 4624 5088 4697 4395 4861 4851 5024 4974 4615 4493 4668 4446 4299 4777 4845 4974 4449 4183 4611 5279 4370 4678 4334 5133 4642 4840 4563 4921 4968 5225 4930 5082 4834 4703 4909 4466 4763 4742 4673 4554 5234 4665 4908 4561 4473 4593 4819 4808 4947 5114 4766 4889 4739 4733 4673 4872 4802 4810 4616 4933 4769 4826 4685 4861 4656 4803 4862
5628 5488 5174 5319 5498 5024 5109 5682 5267 4948 5424 5321 5379 5705 5222 5309 5012 4935 5354 5176 5003 5254 5891 5584 5317 5130 5683 5349 5743 5252 5422 5425 5622 5345 5590 5245 5199 5254 5371 5552 5329 5036 5596 4837 5263 5608 4925 5508 5357 5238 5153 5056 5041 5382 5437 4795 4988 5144 5719 5499 4948 5297 5322 5260 5040 5738 5777 5363 5306 5062 4993 4933 4847 4964 4822 5152 5337 5011 5398 4772 5497 5098 5326 5167 5260 5127 5517 5534 5029 5547 5525 5194 5018 5363 4788 5141 5563 5246 5289 5095 4960 5787 5510 5337 5415 5401 5563 5677 5370 5496 5409 5332 5772 5386 5338 5407 5478 5081 5449 5914 5348 5359 5251 4906 5479 5464 5261 5444 4972 4610 5087 5056 5344 5185 5232 5116 5300 5735 5347 5180 5524 5583 5307 5374 5386 5124 5082 5652 5508 5654 5327 5139 5505 5374 5322 5186 5280 4963 5246 5779 5198 4902 5441 5371 5614 5673 4853 5397 4674 5348 5275 5507 4975 5306 5622 5385 5556 5499 5123 5475 5275 5156 5148 5668 4681 5236 5501 5365 5552 5136 5538 5590 5596 5387 5559 5677 5167 5574 5381 5575 5064 5083 5378 5235 5312 5473 4788 4948 5150 4788 5217 5430 5470 5037 5296 5186 5484 5295 5469 5593 5334 5673 5117 5217 5231 5444 5370 5222 5108 5378 5793 5269 5082 5174 5497 5184 5285 5124 5451 5176 5436 5304 4671 4928 5046 4934 5149 5178 5276 4862 4776 5081 5478 5032 5215 4913 5340 5161 5295 5193 5593 5452 5915 5670 5735 5281 5379 5358 4970 5267 5258 4631 5176 5623 5094 5292 5208 5387 4788 5267 5147 5196 5423 5290 5607 5221 5491 5195 5440 5268 5180 5167 5202 5451 5312 5161 5192 4957 5258 5243
5533 5235 5015 5176 5364 5184 5106 5692 5234 5109 5529 5294 5413 5659 5373 5215 4941 5111 5282 5236 5021 5386 5687 5612 4962 5253 5570 5432 5574 5091 5235 5318 5463 5350 5579 5290 5339 5256 5287 5385 5510 4883 5551 4614 5188 5762 5188 5531 5306 5404 5182 5100 5176 5498 5456 4915 5112 5181 5537 5613 5081 5502 5486 5200 5098 5347 5696 5350 5486 4981 5101 4784 5075 5161 5017 5352 5235 5196 5166 4869 5218 5395 5287 5265 5060 4953 5478 5583 5141 5557 5666 5354 5129 5560 5213 5090 5439 5163 5156 4911 4946 5758 5632 4947 5091 5558 5531 5784 5416 5663 5382 5520 5700 5531 5346 5368 5555 4997 5370 5699 5222 5493 5490 5234 5483 5417 5621 5651 5016 4620 4965 5295 5317 5197 5016 5215 5180 5681 5202 5446 5417 5800 5031 5646 5791 5313 5200 5675 5380 5680 5343 5397 5668 5154 5077 5104 5694 5058 5225 5670 5179 5163 5410 5180 5631 5404 5168 5483 4778 5438 5384 5586 5236 5383 5506 5221 5307 5333 5331 5301 5348 5498 4933 5444 4638 5366 5728 5266 5618 5094 5379 5573 5847 5046 5569 5586 4951 5489 5546 5762 5232 5078 5385 5087 5427 5647 4790 4832 5545 5091 5323 5518 5616 4687 5133 5269 5066 5431 5487 5623 5175 5564 5318 5362 5273 5344 5332 5151 5260 5474 5612 5203 5226 5205 5463 5155 5375 5304 5536 5065 5022 5251 4845 4723 4901 5085 5148 5149 5435 4670 5014 5104 5635 4875 5185 4906 5254 5304 5431 5424 5410 5654 5706 5760 5441 5453 5326 5262 5184 5149 5169 4700 5195 5709 4991 5632 5087 5148 5101 5196 5269 5463 5279 5464 5645 5058 5446 5114 5412 5359 5482 5076 5533 5264 5639 5106 5512 5224 4739 5460
5357 5605 4832 5225 5217 5334 5127 5709 5242 5188 5391 5276 5304 5713 5300 5267 4820 5033 5492 5484 4976 5480 5533 5566 4915 5012 5546 5059 5317 5253 5297 5147 5498 5395 5350 5471 5114 5196 5513 5144 5477 5135 5471 4883 5145 5437 5113 5571 5405 4885 5333 5306 4914 5382 5665 4812 5118 5116 5625 5388 5103 5445 5244 4887 5042 5616 5772 5205 5442 5213 4913 4866 4972 5202 4761 5363 5166 5199 5385 4619 5290 5329 4968 5205 5041 5270 5631 5302 5326 5377 5494 5149 5174 5499 4828 5318 5668 5136 5019 4986 5027 5500 5189 5134 5283 5318 5488 5558 5674 5448 5232 5263 5480 5192 5333 5259 5499 4948 5564 5705 4952 5609 5502 5063 5415 5234 5493 5390 4873 4542 4992 4915 5487 5324 5104 5428 5311 5752 5015 5313 5234 5335 4806 5566 5634 5187 5198 5780 5279 5515 5345 5419 5532 5387 5327 5002 5282 5131 5272 5647 4786 5451 5088 5373 5509 5495 5171 5525 4824 5443 5309 5326 5027 5260 5350 5297 5538 5324 5124 5152 5247 5199 5044 5396 4713 5297 5328 5248 5506 4988 5110 5167 5807 5260 5919 5793 4937 5343 5297 5486 5197 5040 5173 5111 5332 5488 4868 5241 5128 4666 5386 5244 5510 4946 5174 5483 5214 5379 5471 5294 5287 5992 5128 5183 4931 5469 5422 5202 5228 5156 5749 5448 5390 5350 5455 4948 4969 5460 5094 5403 5252 5155 4986 4791 4865 4963 5270 5253 5583 5018 5014 5160 5467 5112 5180 4774 5429 5088 5498 5218 5568 5455 5787 5367 5452 5517 5291 5291 5241 5151 5120 4737 5369 6061 5224 5330 5115 5170 4980 5182 5081 5231 5153 5439 5375 5370 5179 5095 5349 5381 5218 4867 5110 5319 5422 5392 5236 5214 5182 5208
5344 5508 4835 5050 5192 5193 5159 5657 4948 4544 5370 5163 5694 5484 5116 5342 4944 4631 5116 5126 5180 5018 5654 5422 5151 5107 5377 4860 5329 5104 5199 5209 5405 5444 5261 4847 4652 5138 5271 5287 5441 4895 5490 4946 5034 5189 4869 5493 5277 5217 5140 4994 4858 5243 5491 4719 5204 4942 5547 5229 4526 5578 5051 4843 4694 5474 5447 5138 5007 4992 4754 4686 4895 4772 4840 5387 4948 5040 5013 4807 5001 5283 5022 5261 5179 5072 5435 5480 5027 5401 5500 5089 5065 5314 4919 5175 5423 4879 4983 5041 5143 5333 5298 5029 5116 5270 5227 5443 5379 5370 4994 5489 5541 5200 5043 5247 5541 4782 5474 5501 4958 5582 5234 5124 5220 5311 5306 5300 4765 4154 4896 4974 5339 5417 5329 5182 5131 5859 5305 5133 5098 5383 4800 5408 5433 5159 5018 5642 5107 5609 5277 5357 5164 5142 5145 5160 5247 5001 5285 5675 5017 5372 5135 5174 5302 5442 4867 5331 4741 5537 5187 5301 4903 5073 5595 5243 5215 5125 5020 5438 5171 5182 5126 5291 4423 5391 5380 5230 5405 5333 5205 5142 5584 5233 5661 5641 4847 5194 5096 5227 5162 4971 5101 5047 5110 5445 4913 4827 5186 4695 5285 5200 5195 4997 5247 4972 5244 5331 5310 5165 5122 5602 5110 5140 5090 5404 5402 5126 4789 5134 5716 5210 5430 4980 5145 4999 5083 5182 5097 5315 5245 5044 4983 4721 4736 5008 5009 5170 5363 4937 4847 5017 5553 4990 5049 4898 5207 5368 5499 4837 5671 5218 5548 4934 5495 5224 5098 5329 5003 5138 4972 4695 4892 5659 5179 5353 4720 5039 4950 5017 5040 5224 5190 5367 5300 5313 5603 5019 5453 5138 4962 4928 5284 5353 5118 5160 5226 5216 5005 5438
4989 5195 4689 5142 5067 5435 5024 5463 4710 4723 5205 5222 5283 5528 5060 5071 4721 4973 5218 5214 4656 5403 5706 5449 5209 4738 5285 4833 4979 4965 5163 5113 5349 5322 5313 4757 4856 5088 5221 5169 5288 5014 5333 4676 4837 5383 4733 5429 5348 5091 5400 5047 4826 5124 5386 4835 4908 4955 5398 4924 4750 5092 5113 4972 5030 5328 5489 5005 5283 4995 4796 4956 4608 4843 4549 5099 4925 4939 5071 4632 5142 5395 4770 5132 5077 4901 5477 5074 4817 5478 5354 4869 5161 5367 4881 5221 5445 5112 4987 5084 5088 5252 5015 4899 5272 5082 5098 5681 5437 5343 4914 5311 5450 5098 5138 5149 5411 4586 5318 5516 4956 5293 5220 4723 5042 5214 5169 5288 4799 4188 4885 5029 5517 5254 4872 5086 5176 5431 5016 5229 4923 5311 4755 5540 5468 5316 4884 5578 4980 5474 4970 5203 5290 4973 5019 5023 5197 5050 5204 5652 4934 5110 5073 4662 5296 5252 4915 5355 4934 5588 5245 5166 4938 5070 5212 4848 5045 4995 5317 5270 5142 5177 4919 5197 4709 5277 5355 5083 5331 5094 5360 5200 5344 5106 5428 5520 5000 5333 5127 5134 4899 4860 5174 5001 5310 5359 4686 5059 4995 4872 4984 5353 5214 4676 5096 5079 4866 5329 5449 5359 5389 5492 5160 5192 5185 5216 5401 5057 4888 5044 5420 5192 5346 4767 5160 4799 5043 4936 5323 5123 5339 4964 5032 4770 4986 4893 4982 4939 5364 4649 4612 5027 5410 4788 4690 4918 5104 5313 5303 4957 5653 5390 5590 5147 5564 5362 5118 5232 5065 5149 4851 4843 4993 5546 4945 5400 4716 4966 5041 5137 4782 5202 5269 5245 5297 5072 5309 4829 5359 5292 4852 4747 5297 5297 5243 5184 5205 5006 4994 5278
5244 5348 4749 5130 5370 5032 5139 5399 4934 5027 5346 5172 5267 5537 5033 5272 4837 5044 5389 5258 5168 5071 5401 5477 5468 4743 5147 4984 5439 4994 5132 5268 5231 5448 5347 5143 5184 4991 5169 5359 5249 4810 5272 4755 5173 5050 4948 5521 5026 5264 5244 4909 4965 5063 5636 4520 5091 5203 5488 5253 4783 5345 4922 5192 4962 5255 5740 5412 5282 5057 4663 4810 4686 4933 4752 4992 5100 4910 5108 4835 5138 5211 4883 5032 5186 5018 5442 5287 4669 5341 5560 4999 5062 5234 4863 5146 5200 5071 4894 5051 5064 5344 5496 4637 5130 4919 5289 5566 5316 5627 4990 5417 5259 5530 5016 5256 5496 4976 5297 5583 4883 5307 5289 4821 5139 5195 5280 5321 4796 4312 5132 5041 5393 5427 5355 5245 5303 5558 5095 4832 5248 5396 4935 5507 5400 5405 4946 5496 5257 5476 4969 5325 5439 5074 5144 5026 5316 4843 5102 5739 4869 5199 5107 5116 5300 5315 5140 5639 4461 5533 5374 5179 4895 5109 5192 5234 5355 4831 5068 5070 5235 5075 4669 5434 4825 5164 5572 5092 5585 5189 5350 5556 5498 5160 5474 5482 4874 5070 5340 5294 4981 5131 5102 4823 5376 5360 4502 4858 4949 4740 5055 5311 5502 4492 5241 5106 4908 5227 5545 5219 5361 5579 5048 5413 5002 4934 5015 5155 5175 5295 5590 5133 5046 5044 5345 4792 5274 5117 5337 5012 5134 4835 4915 4849 4736 4616 5225 5075 5346 4588 4610 4856 5341 4586 5010 4586 5051 5323 5293 4734 5237 5285 5527 5174 5256 5287 5356 5109 5053 5027 4896 4824 5179 5395 5110 5461 4800 5251 5181 4878 4841 5183 5146 5149 5268 5330 5433 5205 5296 5495 5252 4920 5092 5336 5417 4991 5134 5084 4910 5375
5125 5318 5004 4930 5451 4976 5086 5582 5062 4775 5462 5295 5267 5705 5341 5215 4854 4839 5123 5201 4987 5282 5547 5493 4982 4903 5478 5083 5285 5197 5268 4930 5495 5039 5293 4835 5075 4994 5094 5367 5162 4954 5293 4671 5098 5378 4977 5446 5419 5069 5261 4961 4873 5265 5471 4892 5016 4910 5472 5035 4818 5253 5048 4808 4783 5660 5590 5372 5371 5114 4775 4779 4726 4755 4691 5152 5059 5307 5098 4656 5167 5151 4919 5172 4919 4858 5354 5601 4951 5254 5477 4834 5023 5351 4972 5058 5220 5179 4774 4949 4727 5344 5140 5172 5319 5100 5404 5541 5239 5437 5146 5224 5516 4989 5171 5164 5527 4892 5389 5559 4716 5294 5492 4861 5276 4938 5299 5229 4912 4404 4772 5039 5305 5374 4951 5065 5134 5558 5086 4913 5158 5333 4892 5384 5548 4970 5165 5470 5119 5369 5311 5312 5042 5168 5040 5080 5280 4784 5198 5497 4823 5069 5032 5200 5428 5583 4953 5515 4762 5153 5173 5259 4884 5319 5155 5046 5384 5136 4997 5106 5014 5274 4811 5221 4755 5104 5463 5112 5553 5220 5490 5445 5421 5040 5536 5481 4958 5361 4964 5106 4818 4983 5080 5172 5284 5395 4745 4863 5360 4843 5077 5172 5187 4771 5135 5188 5160 5558 5197 5442 5192 5388 5191 5291 5208 5154 5510 5098 4909 5265 5467 5088 5049 5091 5316 5160 5150 4987 5037 4859 4999 4925 4840 4843 4896 4909 4942 5053 5347 4660 4789 4933 5228 4854 4987 4683 5249 5178 5332 4941 5274 5340 5306 5493 5352 5221 5087 5021 4956 5269 5039 4877 4988 5674 4882 5288 4883 4835 4919 5410 4740 4974 5195 5476 5511 5276 5413 4725 5096 5467 5097 4866 5100 5068 5328 5033 5377 5058 5042 5339
5339 5624 4914 5198 5143 5371 4950 5513 5197 5152 5391 5412 5585 5835 4922 5102 4965 4730 5341 5404 5038 5454 5420 5367 5182 5173 5337 4896 5339 5116 5363 5251 5453 5346 5404 4834 5106 5115 5056 5453 5502 5125 5404 5080 5257 5287 4924 5517 5254 5503 4984 5020 5025 5409 5469 4967 5385 5312 5673 5278 4843 5581 5341 5150 4855 5431 5972 5222 5005 5092 5002 4790 5125 4765 4789 5424 5390 5000 5307 4990 5020 5316 5192 5192 5320 5154 5598 5342 5052 5391 5327 5055 5158 5153 4877 5297 5392 5213 4955 4966 4829 5663 5274 5143 5222 5182 5349 5520 5354 5476 4959 5093 5617 5583 5208 5371 5281 5068 5307 5507 5049 5472 5537 5101 5441 5499 5389 5313 4997 4536 4779 5205 5511 5297 5441 4978 5263 5938 5263 5058 5118 5513 4905 5665 5449 4949 4938 5492 5239 5789 5290 5309 5765 5458 5513 5209 5491 5016 5429 5648 5005 5343 5080 5255 5548 5779 5297 5382 4914 5551 5097 5447 4828 4941 5105 5262 5292 5170 5211 5460 5186 5278 5041 5457 4709 5522 5513 5074 5350 5278 5277 5536 5472 5118 5766 5933 4985 5252 5098 5447 5157 4977 5272 5150 5256 5652 5089 4908 5299 4846 5467 5504 5569 4861 5240 5376 5247 5356 5356 5381 5165 5739 5113 5039 5011 5565 5408 5000 5051 5243 5794 5266 5236 5394 5393 5215 5445 5333 5318 5512 5335 5314 5061 4958 4825 5029 5271 5132 5612 4985 4902 5175 5450 5077 4958 5003 5322 5179 5483 4960 5499 5689 5443 5264 5786 5566 5152 5372 4991 5217 4958 4779 5082 5922 4849 5456 4936 5021 4979 5181 5075 5152 5105 5386 5634 5060 5479 4937 5417 5204 4967 4938 5144 5416 5426 5357 5655 5239 4957 5312
5418 5304 4865 5006 5308 5238 5199 5724 5370 4928 5287 5249 5587 5932 5235 5519 4875 4851 5228 5240 4942 5554 5701 5381 5231 5021 5678 5134 5393 4999 5400 5062 5555 5484 5448 5042 5202 5220 5437 5414 5225 5023 5502 4808 5248 5468 5321 5356 5221 5259 5364 5029 4940 5664 5530 5223 5068 5109 5412 5290 4742 5417 5040 5056 5030 5613 5540 5310 5448 4860 5243 4731 4611 4921 4672 5480 5132 5256 5104 4769 5175 5227 4943 5377 5349 5106 5615 5557 5105 5279 5503 5068 5077 5435 5059 5272 5441 5254 4910 4966 5057 5423 5333 5208 5366 5148 5208 5583 5502 5668 5314 5146 5446 5451 5220 5400 5528 4913 5381 5571 4975 5446 5560 5166 5389 5339 5315 5156 4980 4473 5114 5272 5166 5485 5155 5262 5262 5814 5157 5202 5419 5308 5038 5586 5475 5220 5065 5676 5557 5680 5228 5327 5318 5483 5319 5230 5406 4971 5426 5596 5144 5394 5156 5403 5331 5595 5524 5344 4908 5459 5160 5525 5254 5458 5438 5263 5215 5085 5032 5348 5324 5217 5382 5278 4958 5218 5525 5148 5599 5351 5351 5256 5811 5217 5543 5769 5125 5439 5403 5162 4841 5124 5422 5016 5354 5606 4945 5053 5170 4761 5361 5363 5369 4963 5155 5115 5085 5593 5416 5490 5216 5712 4944 5214 5143 5363 5651 5262 4890 5498 5763 5321 5096 5049 5476 5211 5157 5250 4901 5385 5407 5105 5169 4783 5022 5215 5216 5150 5352 4800 4677 5342 5409 4934 4974 5043 5117 4975 5620 5145 5621 5483 5639 5442 5327 5473 5207 5479 5107 5190 5020 5015 5240 5623 5107 5338 4841 5173 5027 5256 4961 5147 5242 5348 5654 5237 5562 4954 5230 5628 5029 4977 5358 5018 5299 5375 5312 5122 5057 5438
5365 5603 4660 5122 5162 5202 5115 5571 4845 4761 5290 5345 5159 5623 5401 5164 4730 4934 5171 5036 5226 5039 5564 5720 5242 4985 5497 5078 5305 4926 5237 5031 5161 5411 5424 5062 4973 5112 5051 5348 5209 4949 5485 4828 4741 5295 4870 5540 5321 5221 5143 5145 4986 5212 5466 4595 5148 5045 5523 5068 4818 5456 5122 5024 5008 5433 5579 5203 5201 5081 4981 4655 4654 5005 4849 5295 5010 5005 5356 4693 5044 5184 4919 5099 5195 5012 5603 5384 4931 5384 5699 5136 5438 5388 5071 4740 5189 4967 4846 4852 5020 5247 5422 4760 5360 5103 5301 5514 5518 5385 4913 5306 5373 5361 5293 5164 5051 4814 5217 5235 5093 5353 5206 5090 5307 5185 5007 5511 4662 4166 4885 5066 5215 5139 4965 5286 5212 5652 4902 5217 5091 5751 4776 5582 5514 5085 5154 5554 5215 5799 5195 5160 5276 5261 5196 5263 5357 4857 5320 5705 5097 5225 5173 5007 5360 5491 5012 5409 4854 5538 5130 5289 4776 5372 5468 5089 5196 4996 4974 5352 5019 5194 4955 5368 4707 5171 5531 5395 5324 4986 5398 5617 5491 5085 5449 5415 4750 5337 5212 5243 5314 4973 5096 4835 4968 5529 4735 4817 5123 4933 5035 5197 5317 4903 5403 5094 5090 5469 5223 5581 5305 5481 5333 4826 4937 5101 5596 4868 4909 5219 5431 5143 5157 5315 5471 4791 5047 5269 5278 5047 5447 5176 4757 4985 4891 5020 5084 4908 5389 4706 4869 5041 5467 4858 5189 4611 5235 5002 5297 4768 5449 5355 5688 5213 5370 5161 4927 5274 4993 5312 5127 4646 5115 5596 5245 5227 5065 5151 5149 4856 4764 4889 5378 5436 5474 5158 5539 4967 5293 5185 5198 4733 5091 5569 5127 5063 5273 5085 4951 5500
5261 5089 4709 5067 5299 4903 5180 5467 4944 4941 5100 5269 5108 5549 4879 5162 4437 4933 5086 4979 4643 5228 5419 5274 5148 5050 5316 5082 5302 5001 5099 4766 5210 5277 5219 5027 5098 5197 5212 5409 5277 4675 5333 4784 4921 5251 4564 5367 5324 4916 5189 4727 4841 5378 5503 4817 5081 5053 5152 5085 4631 5088 4962 4817 5096 5278 5440 5215 4953 4639 4805 4870 4653 5002 4452 5283 5042 5145 5223 5006 5194 5065 5010 5288 5253 4963 5283 5365 4946 5291 5674 5016 5078 5130 4777 5034 5434 4872 4903 5121 4875 5269 5344 4557 5176 5174 5216 5245 5404 5402 5085 5247 5294 5307 5322 5259 5254 4946 5021 5460 4906 4945 5255 5076 5125 5171 5236 5305 4659 4401 4692 5078 5285 5266 5195 5064 5243 5412 4830 5092 4996 5385 4957 5534 5387 5231 4780 5590 5307 5253 5019 5358 5266 5315 5214 5099 5294 4854 4926 5482 4874 4933 5230 4887 5203 5450 5102 5210 4817 5336 5141 5062 4767 4969 5164 5151 5191 5000 5108 5114 5162 4819 4739 5460 4509 5333 5227 4954 5556 5129 5085 5184 5378 5060 5267 5593 5156 5051 5303 4993 5004 5015 5346 5033 5169 5481 5171 4728 4918 4720 5122 5352 5191 4849 5272 5150 4815 5240 5269 5035 4961 5336 5129 5125 5010 5056 5298 4794 4809 5124 5629 5147 4885 5173 5333 5089 5065 5001 5039 5356 5391 4917 4867 4829 4776 4767 4827 4993 5182 4886 4589 4660 5543 4494 4920 4785 4985 5086 5133 4929 5348 5399 5300 5058 5362 5234 5155 5290 4901 4912 5122 4675 5148 5569 4931 5170 5002 5172 4957 4896 4699 4856 5259 5161 5254 4723 5296 4746 5010 5065 5184 4928 5151 5049 4987 5128 5146 4899 4820 5083
5796 5591 4939 5533 5385 5469 5306 5743 5433 4920 5485 5527 5322 5876 5123 5364 4929 4778 5444 5305 5000 5305 5603 5405 5356 5221 5758 5132 5585 5396 5322 5376 5362 5448 5470 5362 5253 5389 5664 5389 5625 4883 5373 4634 5455 5417 4986 5611 5062 5268 5545 5169 5169 5601 5539 4863 5121 5229 5895 5482 4981 5381 5151 5189 5115 5715 5995 5369 5485 5040 5241 4959 4791 5050 4627 5222 5347 5107 5450 4957 5363 5417 5118 5709 5448 5372 5754 5290 4975 5251 5504 5233 5103 5276 4945 5361 5579 5433 5101 5167 5079 5595 5561 5257 5311 5534 5187 5793 5863 5642 5340 5227 5890 5406 5468 5318 5774 5074 5246 5866 5375 5543 5459 5110 5497 5456 5568 5555 4949 4280 5121 5352 5580 5619 5107 5435 5554 5781 5275 5488 5439 5655 5275 5496 5529 5282 5239 5800 5386 5452 5439 5309 5547 5524 5567 5258 5402 5155 5299 5677 5028 5472 5391 5095 5810 5826 5235 5542 5059 5582 5592 5496 4962 5451 5439 5271 5463 5238 5214 5341 5549 5647 5176 5544 5090 5422 5588 5359 5663 5134 5398 5489 5779 5324 5558 5856 5077 5530 5304 5355 4886 4957 5713 5205 5529 5582 4749 5178 5301 4957 5206 5512 5544 4768 5286 5489 5223 5392 5502 5543 5352 5716 5613 5531 4982 5306 5431 5518 5066 5369 5819 5461 5216 5413 5540 5282 5186 5434 5236 5508 5574 5136 4985 5127 4819 5073 5337 5017 5458 5040 5024 5276 5683 4912 4976 5001 5347 5273 5378 5203 5768 5493 5638 5520 5450 5607 5593 5390 4889 5136 5100 5060 5244 5793 5291 5491 5116 5582 5321 5112 4947 5384 5172 5253 5504 5505 5319 5336 5485 5658 5330 5007 5586 5560 5372 5593 5279 5206 5135 5620
5450 5429 4932 5168 5521 5154 4909 5658 5228 5024 5385 5285 5346 5330 5221 5276 4845 4860 5507 5133 5039 5259 5886 5541 4970 5057 5344 5403 5274 5224 5206 5229 5428 5181 5224 4889 4979 5195 5164 5501 5153 4899 5521 4978 5098 5294 5245 5360 5413 5252 5153 5080 5033 5438 5459 4788 5082 5012 5511 5287 4923 5393 5132 4979 4911 5565 5836 5212 5237 4914 4900 5027 4667 4787 4963 5309 5195 5255 5238 4660 5137 5384 4942 5105 5108 4946 5446 5305 4706 5416 5486 5004 4990 5452 4768 4972 5354 5133 5072 5163 5115 5398 5422 5120 5429 5054 5542 5541 5643 5412 5130 5327 5646 5438 5216 5328 5673 5084 5349 5511 4992 5329 5207 5063 5207 5392 5322 5295 5013 4463 5148 5137 5386 5499 5064 4987 5384 5384 4917 5132 5166 5321 5126 5528 5608 4954 5169 5467 5268 5404 5264 5242 5650 5509 5096 5150 5326 5106 5376 5633 5141 5287 5387 5365 5441 5511 5037 5586 4665 5245 5544 5474 4826 5470 5264 5098 5275 5089 5096 5160 5271 5470 5048 5697 4758 5598 5675 5061 5455 5123 5485 5231 5773 5253 5478 5482 5193 5370 5356 5028 4926 5062 5024 5109 5337 5698 4865 4675 5323 4840 5498 5152 5401 4725 5170 5197 5320 5391 5410 5479 5179 5420 5105 5244 5138 5385 5041 5067 5032 5133 5623 5247 5119 5019 5432 4896 5003 5079 5330 5132 5233 5099 5166 4869 5006 4949 5034 4992 5622 5009 4810 4784 5286 5029 5015 4860 5076 4949 5284 5118 5491 5451 5473 5330 5165 5518 5096 5312 5011 5150 5108 4860 4961 5708 5162 5322 4948 5320 5069 5339 4841 5119 5213 5342 5340 5208 5604 4855 5439 5388 5410 4922 5223 5184 5302 5048 5322 5220 4963 5366
5215 5150 4598 4878 5259 4901 4815 5239 4996 4668 5085 5080 4963 5187 4904 5274 4524 4657 5212 5118 5015 5131 5461 5261 5113 5274 5353 4730 5054 4754 5229 5022 5246 5045 5104 4907 5008 5078 5134 5284 4926 4760 5267 4649 4921 5166 4707 5353 4889 5019 5017 5092 4863 4900 5463 4285 4994 4972 5090 5139 4487 5427 4909 4762 4855 5278 5445 5086 5256 4837 4731 4586 4462 4804 4802 5185 4913 5034 4826 4849 4857 5167 4663 4899 5092 4814 5142 5131 4855 5022 5117 4663 5009 5223 4817 4770 5195 4635 4630 4654 4649 5195 4957 4945 4955 5134 4963 5294 5256 5163 4693 5285 5252 5109 4951 5155 5023 4515 5133 5213 4786 5221 5142 4822 5152 5016 5158 5207 4780 4163 4889 4657 5206 5335 4943 4896 5021 5633 4829 4960 4886 5099 4932 5263 5293 5096 4671 5234 4915 5290 4799 5033 5202 5089 4943 5111 4900 4667 4873 5586 4998 5123 4981 4923 5303 5061 4749 5256 4700 5204 4874 5048 5003 4986 5217 4881 5113 4845 4939 4967 4606 5082 4750 5067 4615 5017 5436 4938 5213 4849 5181 5196 5034 4737 5237 5283 5000 5098 4767 4886 4960 4764 4968 4860 5119 5326 4338 4633 5087 4807 5013 5001 5290 4725 4899 5008 5016 4810 5250 5347 5015 5207 5018 4826 4880 5101 5075 4943 4923 4917 5354 5081 4906 4911 5281 4699 4904 5093 5085 5025 5059 4861 4745 4500 4898 4805 5094 5062 5175 4661 4675 4753 5200 4501 4776 4646 5064 4919 5219 4733 5355 5281 5486 4918 5271 5259 4877 4750 4944 4857 4608 4407 4849 5721 4883 5120 4545 4810 4821 4835 4849 4871 5022 5297 5333 5108 5092 4641 5087 5166 5179 4823 5052 4813 5096 4995 5017 4717 4782 5086
5785 5484 4936 5142 5610 5499 5319 5755 5522 5038 5264 5430 5527 5825 5427 5279 4997 5168 5641 5450 5000 5471 5666 5870 5466 5428 5678 5292 5555 5443 5434 5641 5603 5540 5532 5470 5238 5457 5479 5622 5501 5190 5593 5001 5351 5513 5279 5353 5782 5290 5427 5094 5154 5529 5749 4943 5216 5308 5593 5517 5165 5580 5469 5060 5205 5880 5790 5493 5604 4994 5205 5207 5105 5117 4634 5594 5369 5384 5506 5047 5394 5444 5471 5645 5482 5398 5972 5767 5210 5616 5862 5412 5318 5785 5224 5610 5567 5401 5323 5231 5098 5714 5722 5183 5395 5441 5470 6001 5813 5593 5201 5513 5717 5593 5340 5625 5719 5185 5410 5861 5201 5506 5509 5113 5549 5442 5697 5776 5200 4502 4958 5307 5641 5716 5259 5303 5484 5843 5253 5293 5625 5536 5239 5546 5926 5134 5301 5979 5496 5823 5725 5615 5615 5371 5552 5401 5544 5399 5266 5930 5185 5394 5270 5364 5562 5875 5212 5629 5061 5664 5665 5917 5280 5346 5381 5315 5465 5262 5194 5329 5526 5349 5014 5723 5076 5564 5807 5171 5717 5173 5641 5676 6012 4976 5624 5876 5293 5683 5314 5468 5414 5287 5490 5105 5697 5600 5176 5150 5436 4873 5404 5561 5851 5082 5457 5159 5382 5454 5504 5800 5547 5957 5706 5543 5451 5641 5719 5289 5398 5473 5843 5524 5724 5309 5599 5469 5416 5476 5337 5371 5475 5168 4810 4989 5004 5185 5276 5346 5797 5036 5000 5146 5763 4916 5242 5045 5433 5407 5572 5497 5733 5534 5539 5578 5780 5446 5651 5644 5145 5444 5361 5011 5087 5731 5382 5635 5180 5429 5148 5489 5168 5285 5519 5413 5718 5468 5375 5166 5473 5292 5484 5015 5394 5415 5382 5419 5389 5358 5344 5429
5281 5392 4691 5096 5257 5245 5086 5692 5370 4837 5347 5247 5416 5522 5112 5348 4791 4591 5322 5289 4959 5178 5780 5359 5126 4911 5393 4846 5573 5095 5341 5140 5465 5295 5432 5261 5025 5233 5496 5464 5396 4893 5493 4564 5250 5342 4909 5509 5291 5073 5108 4859 5070 5370 5540 4663 5051 5055 5583 5250 4876 5489 5142 5096 4990 5465 5640 5076 5208 4951 5207 4777 4698 5113 4818 5225 5140 5366 5246 4767 5058 5314 5054 5045 4968 5074 5742 5385 4984 5490 5377 5157 5231 5239 4965 5151 5279 4845 4915 4937 4896 5537 5354 5064 5159 5600 5412 5474 5517 5417 5149 5192 5666 5166 5376 5160 5340 4956 5622 5597 5083 5299 5394 5049 5300 5100 5357 5513 4750 4195 5073 5158 5167 5781 5281 5294 5140 5775 5048 4924 5313 5503 4797 5654 5469 5203 5170 5560 5271 5528 5175 5559 5380 5234 5436 5006 5274 4971 5224 5468 5196 5471 5262 5145 5413 5646 5235 5409 4677 5172 5342 5382 5031 5253 5356 5072 5190 5017 4919 5190 5162 5209 5069 5533 4816 5424 5516 5200 5483 5051 5414 5036 5476 5141 5661 5515 5019 5365 5210 5365 5048 4971 5249 5113 5474 5500 4900 4873 5266 4761 5134 5501 5396 4770 5371 5376 4964 5269 5467 5503 5123 5583 4999 5117 4988 5308 5235 5159 5085 5153 5826 5409 5085 5259 5400 5129 5018 5366 5165 5200 5126 5014 4987 5004 4883 5201 5233 4892 5416 4597 4705 4950 5604 4735 5065 4914 5254 5224 5483 5205 5539 5414 5275 5510 5257 5405 5320 5278 4791 5040 5087 4662 4940 5632 5069 5444 5057 5163 5104 5093 5155 5097 5261 5427 5472 5402 5370 4940 5228 5494 5378 4856 5474 5130 5326 5032 5096 5111 4875 5621
4945 5113 4584 4843 4972 4881 4685 5200 4801 4615 5213 4789 4882 5075 4755 4950 4475 4459 4868 4871 4529 4908 5031 5309 5108 4629 5250 4845 5004 4955 4863 5062 5296 4929 4955 4865 4897 4874 4964 5023 5117 4864 5092 4639 4538 5131 4660 4998 4988 4608 4495 4652 4607 4978 5082 4518 4771 4714 5232 4900 4629 5116 4967 4342 4609 5085 5419 4895 5100 4624 4792 4495 4405 4695 4441 5107 4861 4486 4973 4602 4855 4815 4638 5125 4817 4706 5234 5013 4640 5009 4994 4544 4700 5002 4389 4838 4956 4578 4659 4588 4602 4958 4833 4891 4910 5151 4994 5011 5299 5143 4603 4846 5195 4995 4871 4967 5212 4315 5077 5351 4685 5124 5136 4980 4838 5182 5046 5208 4557 4010 4809 4808 5068 4943 4726 5022 4648 5191 4810 4761 4879 4987 4729 5172 4995 5043 4862 5473 4506 5233 4948 4975 4959 4915 4930 4950 5023 5007 4791 5095 4900 4868 4805 4829 5189 5105 4876 5039 4393 4786 4901 5011 4559 5022 4823 4948 5041 4690 4601 5145 5041 4850 4609 4996 4383 4879 4925 4968 4951 4892 4889 5007 5265 4705 5344 5100 4709 5136 4820 5047 4623 4457 4891 4543 4792 5190 4496 4630 4952 4641 5000 5023 5364 4692 4854 4752 4938 4949 4921 5121 5029 5211 4563 4934 4709 5028 5059 4836 4946 4970 5494 4890 4868 5046 5304 4570 4867 5023 4913 4955 4936 4816 4456 4568 4641 4856 4713 4681 4948 4636 4534 4512 4918 4705 4469 4825 4759 4844 5049 4797 5318 4788 5278 5229 5390 5173 4658 5042 4469 4812 4387 4416 4743 5270 4679 4847 4880 4511 4584 4775 4530 5008 4941 5041 5325 4678 4890 4547 5042 4988 4698 4648 4758 4898 4900 5060 4988 4757 4935 5130
5223 5330 4693 5176 5348 5135 4633 5263 4694 4622 5235 5176 4983 5294 4912 4995 4536 4767 5167 5068 4768 5115 5311 5247 5205 4801 5098 4878 5190 5022 4912 4961 5259 5260 4973 4741 5063 4755 4869 5117 5094 4833 5180 4618 4961 5272 4655 5264 4933 5043 5118 4877 4684 5413 5118 4485 4817 4842 5341 5084 4515 4968 4784 4773 4723 5194 5438 5085 5199 4850 4547 4698 4887 4777 4804 5256 5039 4879 5004 4676 4968 5077 4960 4856 4767 4666 5368 5093 4697 5162 5202 4861 4878 5141 4718 5284 4901 4957 4645 5085 4763 5358 5192 4588 5125 5227 5013 5343 5180 5007 4933 5303 5547 4980 4992 5124 5141 4813 5038 5199 4961 5312 5254 4736 4835 4870 5103 5306 4800 4228 4893 4992 5172 5143 4909 4891 5084 5625 5036 4801 5065 5186 4713 5215 5247 5221 4717 5372 4989 5348 5056 5413 5334 4932 4996 5020 5211 4773 5081 5437 4851 5251 4605 5078 4978 5321 5064 5132 4544 5385 5333 5389 5166 4729 5162 4934 5110 4932 4881 5052 4921 4922 4658 5103 4479 4977 5472 4722 5195 4991 4981 5330 5350 4766 5561 5385 4768 5061 4777 5235 4931 4825 4869 4973 5019 5119 4726 4595 4990 4559 5104 5009 5243 4552 4952 5043 4983 5198 5287 5204 4966 5415 5084 5116 4947 5207 5011 4753 4850 5169 5414 4926 4880 4843 5188 4831 5120 4930 5177 4788 4888 4674 4777 5014 4760 4759 4943 4934 5313 4475 4669 4771 5303 4829 5005 4741 4966 5196 5104 4678 5230 5253 4978 5075 5282 5085 4732 4895 4873 4771 5035 4690 5186 5673 4934 4947 4901 4767 4817 5098 4700 4977 4926 5010 4864 5125 5121 4697 5201 5404 5203 4823 5090 4904 5138 4935 4789 4901 4577 5340
5490 5405 4971 5338 5296 5122 5096 5931 5140 5166 5545 5651 5365 5978 4998 5278 4981 5051 5363 5341 4879 5296 5608 5423 5056 5155 5569 5098 5642 5385 5372 5291 5733 5375 5464 5110 5111 5257 5356 5661 5321 4966 5599 4898 4925 5218 5103 5778 5537 5467 5092 4860 4984 5528 5597 5204 5294 5113 5582 5321 4946 5380 5295 5258 4883 5711 5803 5593 5279 5128 5343 4974 4904 4966 4674 5505 5399 5004 5398 4919 5337 5588 5234 5440 5236 5020 5784 5357 5103 5663 5518 4933 5297 5512 5145 5098 5424 5107 5235 4946 4902 5580 5340 4833 5204 5611 5254 5840 5473 5482 5368 5326 5701 5591 5642 5203 5509 4756 5348 5632 5112 5383 5656 5120 5483 5489 5395 5292 4582 4724 5134 5488 5570 5563 5159 5173 5253 5517 5244 5335 5452 5803 5123 5612 5494 5212 4853 5504 5283 5644 5262 5027 5623 5233 5157 5105 5322 5264 5459 5754 5296 5324 5240 5107 5511 5444 5217 5437 4928 5455 5466 5595 5068 5241 5480 5133 5505 5384 5307 5537 4995 5274 5000 5504 4834 5501 5475 5369 5666 5405 5462 5408 5641 5031 5632 5834 5158 5255 5569 5272 5170 5295 5649 5210 5458 5725 4929 5247 4957 4986 5411 5294 5574 4866 5438 5270 5056 5557 5355 5704 5207 5445 5191 5128 5036 5435 5460 5123 5343 5549 5781 5574 5311 5112 5691 5069 5287 5151 5252 5273 5351 5190 4877 5192 5038 5142 5348 5096 5446 4755 5019 5106 5652 4968 5291 5154 5191 5207 5513 5146 5712 5473 5752 5559 5604 5252 5178 5492 5120 5238 5255 4819 5217 5521 5251 5600 4848 5136 5142 5264 4965 5193 5250 5453 5741 5269 5328 5164 5329 5593 5168 5024 5351 5198 5120 5118 5191 5315 5075 5493
5384 5716 4883 5225 5517 5226 5091 5903 5353 4965 5597 5479 5552 5810 5196 5516 5060 5028 5414 5190 5186 5257 5708 5548 5361 5172 5539 5264 5481 5348 5443 5278 5599 5611 5682 5283 5287 5368 5463 5561 5443 4937 5516 4898 5366 5620 5105 5574 5448 5162 5318 5331 5075 5461 5526 4991 5531 5146 5352 5362 4998 5560 5286 5107 4970 5649 5877 5225 5476 5108 5250 5059 4792 5130 4828 5366 5210 5491 5469 5037 5423 5412 5275 5388 5316 5305 5687 5638 5359 5527 5550 5250 5234 5502 4989 5246 5544 5190 5388 5046 5055 5386 5488 5132 5398 5377 5476 5796 5741 5735 5215 5436 5437 5466 5491 5359 5617 5002 5619 5570 5076 5464 5557 5286 5354 5311 5602 5404 4954 4638 5137 5123 5544 5446 5394 5146 5409 6001 5269 5416 5318 5510 5185 5422 5572 5469 5048 6012 5272 5587 5410 5459 5673 5496 5443 5451 5377 5043 5471 5628 5262 5728 5439 5364 5519 5718 5248 5656 4741 5517 5418 5316 4940 5479 5504 5406 5580 5112 5140 5446 5311 5361 5103 5607 5059 5287 5577 5392 5461 5163 5497 5649 5743 5353 5739 5863 5267 5419 5505 5409 5297 5431 5210 5121 5434 5829 4774 5248 5298 5044 5288 5365 5353 4829 5312 5183 5157 5389 5532 5640 5308 5669 5387 5253 5430 5386 5505 5190 5607 5456 5828 5601 5498 5328 5432 5108 5542 5136 5454 5335 5657 5165 5162 5227 5083 5140 5447 5092 5729 4898 4811 5154 5597 4650 5156 5068 5380 5118 5650 5228 5484 5455 5814 5311 5508 5572 5243 5393 5224 5303 5115 5018 5246 6032 5292 5588 5271 5414 5037 5388 5138 4970 5378 5456 5825 5228 5575 5120 5445 5345 5451 5096 5436 5339 5480 5225 5552 5093 5045 5550
5582 5860 5111 5310 5501 5378 5143 5767 5487 5084 5584 5530 5538 6061 5567 5699 4798 5054 5609 5546 5062 5607 5819 5645 5374 5330 5719 5487 5534 5222 5568 5644 5564 5731 5652 5415 5324 5472 5719 5882 5586 5162 5482 5195 5288 5810 5383 5727 5642 5473 5575 5289 5453 5843 5781 5259 5419 5445 5740 5405 5054 5671 5344 5383 5107 5635 5888 5655 5566 5314 5420 4818 4942 5183 5123 5719 5432 5336 5514 5220 5552 5505 5356 5585 5545 5325 5915 5766 5112 5673 6075 5434 5456 5561 5177 5691 5903 5390 5333 5271 5319 5917 5754 5287 5401 5825 5643 6086 5668 5735 5340 5472 5759 5991 5270 5436 5969 5120 5657 5810 5357 5786 5714 5384 5612 5723 5923 5681 5308 4671 5318 5661 5373 5633 5462 5451 5644 5809 5375 5187 5307 5716 5113 6010 5875 5248 5402 5888 5512 5964 5310 5591 5838 5528 5664 5245 5768 5457 5420 5895 5368 5349 5256 5607 5811 5583 5498 5777 5283 5858 5674 5860 5132 5324 5533 5403 5326 5228 5476 5865 5525 5663 5399 5588 4991 5606 5771 5594 5936 5534 5850 5746 6111 5323 5734 5932 5375 5663 5362 5695 5591 5288 5520 4998 5772 5806 5114 5363 5621 5086 5775 5431 5955 5357 5582 5382 5380 5896 5629 5608 5659 6171 5414 5723 5712 5684 5765 5490 5470 5547 5811 5781 5421 5651 5617 5377 5493 5381 5421 5498 5685 5385 5301 5055 5406 5165 5606 5251 5763 5206 5178 5264 5800 4982 5072 5261 5662 5499 5736 5162 5757 5754 5946 5489 5804 5900 5344 5476 5046 5359 5336 5276 5590 6072 5254 5763 5285 5334 5245 5385 5199 5776 5548 5658 5766 5516 5831 5107 5704 5698 5369 5110 5425 5609 5701 5625 5815 5618 5370 5626
5181 5244 4612 5020 5341 5310 4914 5457 5017 5065 5327 5267 5245 5365 5194 4997 4700 5005 5179 5194 4918 5495 5458 5332 5376 5041 5383 5103 5477 5080 5231 5447 5139 5145 5418 5162 4803 5058 5273 5308 5181 4883 5376 5116 4958 5504 4966 5446 5440 5144 5332 4951 5106 5218 5492 4705 4991 4730 5444 4893 4984 5077 5193 5166 5083 5340 5523 5360 5243 5112 4939 4861 4912 4906 4476 5069 5153 5148 5268 5094 5326 5389 4869 5053 5008 4739 5562 5250 5015 5390 5627 5180 5305 5398 4744 5076 5479 4997 4851 4968 5134 5412 5055 4935 5203 5139 5265 5825 5578 5372 4994 5142 5181 5305 4994 5098 5359 4666 5374 5498 5163 5362 5156 4950 5343 5534 5414 5166 4776 4503 5047 5104 5506 5299 4988 5122 5146 5422 5009 5187 5244 5235 4964 5429 5257 5081 5252 5474 5257 5502 5011 5176 5445 4979 5173 5132 5087 5129 5174 5574 4938 5280 5191 5015 5187 5412 4849 5585 4622 5412 5132 5299 4912 5288 5219 5274 4996 4763 5228 5185 5019 5011 5071 5507 4514 5475 5340 5013 5347 5140 5241 5304 5366 5152 5239 5680 4889 5139 5278 5172 4818 5172 5486 5029 5108 5409 4695 5098 5098 4772 4981 5128 5137 4803 5219 4955 4912 5296 5294 5183 5072 5519 5281 5026 5098 5305 5426 5156 5099 5196 5524 5068 5247 4865 5495 5191 5128 5109 5148 5064 5129 4990 4894 4844 5031 4996 5042 5013 5498 4768 4773 4927 5596 4718 4975 5047 5082 4908 5397 5182 5550 5153 5558 5176 5276 5273 4973 5376 5029 5369 5096 4971 4982 5488 5084 5244 4941 5061 5120 5153 4916 5304 5175 5371 5185 4919 5214 4693 5271 5453 5637 4794 4968 5081 5260 5116 5220 4999 4744 5431
5404 5304 4799 5073 5249 5222 5313 5733 4936 4886 5295 5261 5208 5422 4997 5202 4522 4840 5189 5298 4930 5280 5558 5301 5180 5137 5447 5015 5518 5106 5388 5392 5704 5269 5253 5149 5056 5301 5353 5416 5501 4851 5432 4679 5235 5189 5047 5324 5326 5153 5112 4967 5105 5211 5527 4781 4996 5042 5679 5464 4751 5723 5546 4849 5046 5583 5622 5322 5287 5084 5188 4925 4876 5086 4776 5220 5292 5239 5117 4716 5059 5363 5046 5331 5175 5314 5724 5436 4832 5305 5433 4948 4999 5416 4710 4986 5432 5231 4776 4823 5023 5471 5381 5004 5310 5376 5159 5432 5478 5472 5310 5576 5320 5209 5367 5407 5440 4989 5402 5507 5071 5575 5278 5205 5258 5136 5308 5308 4676 4420 5025 4925 5341 5482 5076 5103 5089 5839 5146 4994 5139 5477 4703 5680 5298 5273 5150 5581 5129 5608 5431 5532 5170 5351 5344 5293 5135 4920 5345 5494 5037 5529 5087 5087 5652 5566 5253 5593 4531 5468 5197 5276 5154 5178 5529 5284 5327 5031 4877 5305 5264 5364 4815 5240 4512 5138 5519 5120 5491 5267 5253 5414 5623 5098 5704 5729 4897 5106 4956 5185 5185 4919 5171 5138 5453 5447 4926 4896 5220 4964 5235 5409 5356 4806 5196 5119 5279 5281 5548 5171 5566 5699 4977 5303 5327 5233 5298 5037 5062 5222 5542 5224 5338 5366 5576 5104 5072 5248 5204 5283 5048 5045 4859 5120 4878 5028 5368 5038 5270 4684 4906 4959 5524 4771 5095 5100 5323 4962 5419 5092 5325 5212 5483 5238 5405 5394 5099 5249 4823 5051 5036 4952 4988 5634 5133 5229 5024 5348 4976 5187 4842 5137 5043 5021 5565 5113 5359 5002 5400 5429 5125 4920 5225 5362 5395 5495 5291 5256 5176 5459
5045 4927 4391 4892 4608 4727 4824 5067 4867 4277 4640 4646 4697 4945 4406 4784 4371 4292 4782 4551 4485 4763 4905 4679 4815 4588 5038 4707 4913 4862 4841 4711 4739 4837 4827 4624 4646 4667 4822 4897 4934 4645 5033 4432 4594 4721 4575 5041 4732 4680 4760 4540 4652 4860 4875 4315 4645 4542 5350 4935 4292 5081 4349 4388 4435 4729 5081 5159 4661 4512 4885 4377 4164 4685 4343 5087 4666 4645 4799 4378 4766 4750 4776 4946 4552 4607 5220 4794 4622 4883 4879 4441 4689 4784 4490 4777 5054 4644 4531 4432 4538 4950 4878 4696 4661 4705 4805 5055 4950 4810 4655 4793 4961 5181 4666 4843 4955 4611 4773 4944 4554 5103 5118 4586 4757 4720 4904 4702 4377 4035 4351 4488 4724 4889 4523 4655 4449 5248 4708 4763 4715 4868 4420 5095 5045 4706 4677 5223 4802 5093 4915 4985 4709 4928 4923 4668 4604 4358 4556 4963 4654 4784 4629 4562 4836 5078 4448 5154 4263 4887 4941 4833 4516 4682 4806 4938 5065 4621 4518 4880 4598 4997 4775 5003 4424 4667 5121 4694 4822 4383 4709 4868 4953 4468 4936 5233 4453 4832 4646 4759 4606 4761 4806 4350 5011 5042 4335 4562 4758 4277 4799 4624 4795 4440 4968 4683 4604 4696 4693 4842 4885 5075 4880 4887 4597 4574 4744 4697 4523 4727 5186 4895 4857 4826 4855 4513 4506 4885 4701 4888 5061 4517 4530 4319 4328 4484 4631 4405 5095 4235 4400 4617 5019 4173 4630 4492 4715 4584 5113 4691 4816 5086 5122 4706 4596 4826 4695 4844 4301 4801 4541 4319 4727 5116 4609 4665 4678 4704 4493 4618 4442 4737 4470 4498 5119 4655 4864 4737 4711 4907 4781 4389 4423 4860 4846 4583 4938 4513 4626 4825
5239 5278 4896 5621 5438 5221 5120 5542 5249 5034 5177 5062 5257 5535 5371 5356 4920 5146 5695 5371 5182 5564 5614 5520 5330 5110 5722 5277 5221 5244 5347 5426 5563 5461 5354 5227 5180 5071 5406 5519 5570 5234 5638 4917 5104 5729 5055 5516 5338 5450 5237 5076 5299 5427 5454 4686 4988 5272 5620 5366 4923 5292 5238 5075 5003 5812 5736 5153 5072 4949 5043 5279 4973 4885 5021 5319 5141 5400 5247 4863 5311 5552 5172 5200 5190 5090 5504 5533 5061 5237 5547 5117 5127 5464 4887 5299 5704 5165 5183 5303 4991 5456 5663 5511 5438 5323 5223 5902 5475 5424 5087 5560 5904 5311 5243 5127 5770 5318 5566 5427 5318 5513 5336 4963 5302 5514 5406 5414 4896 4118 4987 5422 5501 5677 5184 5363 5557 5641 5113 5208 5045 5622 5051 5705 5693 5356 5227 5643 5386 5720 5489 5522 5559 5231 5230 5097 5537 5266 5282 5875 5188 5072 5338 5284 5541 5688 5283 5561 4875 5445 5405 5374 4663 5527 5209 5355 5397 5057 5167 5435 5256 5380 4999 5615 4779 5326 5423 5046 5860 5249 5501 5433 5826 5175 5535 5415 5137 5608 5717 5375 5147 5269 5298 4960 5601 5624 5079 5049 5288 5077 5266 5579 5785 4933 5472 5329 5194 5452 5372 5557 5321 5474 5367 5596 5034 5246 5366 5255 5125 5207 5598 5327 5368 5291 5566 5001 5234 5258 5460 5540 5327 5214 5140 4820 4876 5006 5260 5153 5464 4756 4948 4997 5583 4834 4920 4664 5318 5165 5211 5018 5524 5637 5864 5393 5745 5317 5125 5434 5132 5088 5153 5015 5062 5924 5159 5412 5136 5082 5160 5369 5005 5181 5376 5276 5539 5129 5709 4984 5149 5421 5301 5013 5060 5500 5393 5177 5226 5283 5253 5458
5263 5054 4704 5019 5400 5374 4872 5479 4874 4717 5307 5289 5143 5477 5139 5062 4719 4700 5048 5208 4936 5314 5326 5269 5227 4858 5547 4907 5337 4972 5161 4959 5241 5236 5155 5077 5008 4753 5320 5201 5365 4833 5030 4816 4743 5281 4791 5302 5311 4907 5152 5253 4787 5061 5313 4683 5000 5062 5412 5126 4676 5308 4839 5264 4767 5327 5470 5440 5259 4982 4735 4607 4652 4891 4376 5354 5042 5089 4962 4485 5257 5219 4940 5168 5104 4725 5107 5127 5120 5172 5228 5010 5114 5355 4799 5237 5280 4959 4803 4799 5023 5626 5000 5084 4940 5268 5106 5447 5146 5386 5290 5254 5577 5206 5119 5128 5220 4893 5238 5632 4913 5162 5237 4897 5302 4951 5251 5207 4812 4242 4745 5138 5173 5057 5148 4873 5081 5558 4934 4884 5137 5268 4721 5427 5230 5151 4601 5460 4947 5158 4932 5165 5402 5115 5241 4893 5216 4747 4973 5538 4688 5006 4995 5003 5168 5265 5437 5519 4472 5449 5344 5139 4633 5108 5268 5220 5328 4906 4869 5268 5286 5058 4776 5157 4534 4845 5238 5103 5337 4923 5040 5337 5524 5199 5467 5490 4700 5170 5012 5305 5245 4929 5090 4816 5125 5496 4702 4932 4902 4442 5160 5011 5266 4769 4871 5128 4774 5251 5386 5372 5171 5503 4992 5034 5106 5077 5317 4871 4921 5097 5518 5086 5173 4804 5336 4893 5187 4960 5016 5354 5181 4837 4673 4867 4902 4712 4811 4868 5379 4279 4649 4980 5381 4671 4973 4731 5041 4903 5571 4801 5206 5234 5579 5285 5317 5322 5241 4900 5055 4990 4831 4724 5170 5700 4874 5124 5046 4880 4973 5028 4872 5116 5038 5120 5154 5181 5119 5001 5274 5304 5175 5064 5220 5148 5145 5232 5078 5043 4748 5377
5489 5615 5009 5508 5343 5287 5168 5514 5189 4924 5297 5449 5446 5527 5334 5284 4973 5251 5626 5215 5534 5581 5804 5465 5226 5086 5690 5439 5581 5552 5349 5453 5452 5355 5747 5168 5309 5338 5537 5690 5393 5120 5716 5001 5276 5404 5326 5632 5510 5598 5137 4993 5189 5376 5666 5053 5226 5028 5969 5307 4886 5672 5254 5214 5206 5817 5830 5509 5493 5048 4986 5083 4728 5267 5159 5343 5301 5188 5444 4993 5312 5685 5370 5425 5209 5218 5518 5465 5412 5446 5575 5159 5524 5558 5287 5222 5440 5247 5412 5117 5083 5721 5668 4914 5397 5372 5530 5880 5623 5515 5319 5572 5480 5580 5429 5355 5696 5033 5634 5723 5165 5474 5416 5003 5398 5341 5431 5353 4900 4566 4967 5341 5666 5617 5133 5181 5548 6001 5243 5319 5277 5669 5311 5630 5952 5228 5145 5840 5594 5867 5466 5477 5698 5257 5199 5308 5401 5316 5463 5783 5238 5513 5445 5296 5620 5688 5492 5637 4765 5579 5435 5561 4918 5461 5473 5200 5631 5167 5139 5674 5159 5434 5156 5674 4988 5531 5828 5265 5803 5341 5684 5414 5694 5321 5739 5903 5451 5474 5555 5556 5094 5442 5148 5288 5754 5669 4961 5075 5373 5159 5469 5556 5474 4982 5220 5476 4973 5368 5523 5505 5351 5783 5374 5070 5325 5494 5431 5294 5189 5338 5688 5415 5425 5350 5545 5151 5426 5566 5468 5245 5755 5175 5062 4995 4982 5045 5299 5395 5551 4920 5006 5306 5844 4812 5546 5180 5449 5290 5713 5071 5763 5697 5750 5672 5622 5405 5119 5497 5287 5446 5269 4868 5340 5922 5153 5537 5119 5255 5047 5381 5179 5426 5436 5265 5554 5161 5645 5239 5529 5425 5458 5016 5253 5500 5344 5093 5538 5264 5339 5518
4892 4649 4185 4553 4791 4519 4631 5084 4350 4432 4807 4439 4665 5160 4793 4745 4557 4332 4504 4657 4376 4823 4890 4825 4578 4567 4608 4485 4709 4551 4310 4483 4841 4805 4752 4601 4417 4366 4672 4806 4531 4327 4721 4199 4507 4795 4487 4517 4545 4572 4519 4417 4622 4867 5007 4288 4425 4346 5117 4831 4554 4836 4593 4503 4359 4954 5066 4618 4580 4503 4343 4449 4156 4339 4200 4825 4705 4500 4656 4172 4786 4510 4255 4792 4436 4633 4842 4674 4341 4772 4781 4387 4578 4783 4373 4670 4786 4505 4436 4323 4537 4918 4807 4489 4687 4736 4674 4934 4732 4786 4334 4662 4833 4769 4547 4715 5039 4457 4672 5037 4339 4686 4560 4614 4743 4433 5002 4867 4158 3932 4569 4614 4475 4601 4450 4805 4619 5028 4724 4676 4738 4985 4474 4836 4748 4726 4642 4841 4511 4779 4771 4674 4730 4761 4582 4409 4783 4472 4702 5007 4373 4654 4522 4660 4686 4970 4690 4737 4130 4822 4803 4761 4317 4655 4680 4648 4756 4458 4259 4599 4749 4781 4421 4810 4286 4398 4764 4383 4884 4510 4654 4765 4927 4485 4922 5131 4615 4761 4594 4962 4465 4325 4514 4461 4759 4879 4171 4424 4752 4370 4774 4492 4725 4080 4459 4514 4447 4845 4775 4797 4611 5232 4566 4675 4635 4715 4777 4701 4708 4949 4853 4897 4781 4501 4785 4278 4495 4823 4737 4625 4697 4751 4300 4426 4416 4342 4402 4584 4971 4204 4364 4691 4780 4172 4483 4386 4570 4710 4660 4525 4989 4663 4942 4556 4825 4830 4758 4508 4581 4612 4615 4279 4461 5104 4474 4671 4450 4600 4396 4330 4610 4729 4535 4610 4646 4668 4765 4527 4830 4827 4675 4327 4794 4532 4861 4573 4701 4697 4445 4791
5249 5239 4693 4941 5187 4877 4712 5095 5037 4667 5120 4897 4696 5139 4880 5095 4597 4613 5092 4924 4852 5152 5429 5290 5176 4718 5293 4936 5279 5087 5240 4862 5411 4953 5017 4667 4896 5007 5012 5212 4840 5041 5154 4530 4732 5164 4961 5439 5012 4824 5050 4904 4954 4848 5281 4389 5048 4613 5282 5060 4379 4931 4894 4760 4858 5201 5250 4889 5074 4730 4476 4596 4721 4827 4625 5432 4909 4899 4820 4512 5110 5197 4881 5125 4818 4733 5189 5138 4850 5056 5220 4847 4830 5189 4765 4700 5016 4925 4924 5015 4511 5224 4850 4592 4676 4998 5031 5273 5146 5472 5006 4991 5281 4982 5096 5052 5319 4557 5142 5357 4712 5175 4911 4826 5205 5210 4975 5047 4718 4152 4471 5022 5054 5141 4891 4979 5146 5223 4800 4795 4613 5049 4632 5307 5115 4963 4585 5220 5004 5279 4915 5178 5302 5148 5127 5091 5028 4831 5062 5306 4986 5061 5118 4809 5100 5389 4984 5389 4864 5255 5069 5113 4718 4978 5293 5022 5028 4731 4929 4960 4937 5005 4817 5172 4408 5168 4786 4799 5024 5062 5291 5155 4938 5189 5445 5281 5068 5067 5179 4968 4880 4850 5151 4600 5190 5329 4608 4618 4868 4610 5033 5100 4973 4490 5163 5013 4981 5067 5103 5354 4927 4971 4796 5038 4775 5399 5379 4951 4995 4658 5252 4970 4694 4845 5288 4718 5005 4836 4926 5051 5084 5028 4980 4670 4762 4902 4883 5062 5206 4726 4421 4875 5170 4867 4556 4639 4900 4929 5022 4891 5466 4979 5150 4964 5215 5212 4977 5143 4703 4878 4801 4653 4845 5219 4678 5048 4658 5090 4846 4946 4480 4929 5402 5081 5003 4995 5135 4618 4913 5036 5048 4818 5029 4923 4956 5114 4921 4829 4849 5190
5428 5510 4790 5290 5280 5310 4999 5833 5204 5070 5449 5215 5136 5561 5111 5153 4805 4863 5289 5181 5014 5422 5604 5603 5351 5045 5433 5250 5460 5149 5353 5156 5542 5265 5325 5117 4859 5310 5085 5536 5202 4755 5521 4639 5156 5306 5130 5763 5646 5122 5210 4689 4979 5276 5498 4815 5053 5056 5357 5141 4759 5388 5093 5074 4988 5708 5891 5150 5157 4980 5184 4978 4890 4900 4643 5347 5272 5314 5492 4899 5217 5302 4907 5319 4952 4889 5444 5204 4956 5642 5518 4991 5099 5196 4804 5202 5269 5208 5032 4776 4888 5647 5564 4815 5124 5395 5253 5475 5645 5486 5196 5262 5452 5334 5223 5461 5550 4856 5318 5586 4790 5429 5143 4872 5306 5394 5249 5468 4790 4537 4882 5112 5477 5595 5113 5230 5307 5402 5171 5329 5519 5607 5009 5739 5266 5177 5128 5342 5091 5531 5196 4999 5626 5331 5250 5163 5343 5016 5531 5744 5075 5092 5268 5231 5414 5402 5143 5384 4931 5540 5375 5465 5232 4950 5116 5312 5193 5033 5143 5384 5177 5287 4997 5336 4650 5423 5472 4922 5522 5149 5723 5287 5649 5134 5512 5741 5161 5251 5426 5322 4992 5157 5443 5060 5449 5587 4957 5103 5209 4857 5292 5138 5234 5145 5189 5330 5153 5582 5166 5356 5483 5763 5205 5281 5097 5383 5361 5189 4955 5416 5646 5383 5321 5035 5563 5101 5171 5089 5341 5141 5533 5345 5023 4862 4987 5023 5245 5165 5601 4757 4931 4981 5507 4916 5106 4999 5255 5145 5766 4995 5719 5391 5422 5273 5354 5300 5300 5475 5052 5194 4931 4667 5076 5504 5094 5381 4972 5276 5139 5099 4795 5263 5515 5190 5276 5276 5434 4836 5391 5414 5168 5015 5451 5053 5007 5184 5518 5342 5135 5294
5447 5517 5021 5254 5174 5142 4977 5694 5148 4921 5155 5281 5074 5568 5149 5214 4874 5099 5167 5092 4862 5071 5661 5355 5288 5240 5460 5208 5429 4865 4916 5008 5335 5360 5227 5200 5057 5014 5268 5174 5142 5034 5423 4811 4976 5605 5101 5476 5162 5208 5239 4794 5012 5321 5328 4652 5045 5091 5654 5219 4969 5423 4926 4965 4887 5252 5817 5166 5162 4780 5057 4495 4638 4912 4904 5336 5073 4899 5088 4513 5046 5306 5012 5313 4830 5250 5325 5621 4809 4988 5567 5060 5020 5631 4774 5142 5534 5041 4787 4996 4755 5638 5424 4766 5355 5295 5224 5514 5279 5464 5415 5333 5435 5297 5218 5008 5221 4983 5185 5437 5100 5540 5264 4929 5260 5034 5284 5516 4609 4191 4997 5073 5100 5507 4929 4979 5470 5434 4932 5154 5252 5526 4799 5293 5439 5185 4874 5457 5022 5546 5218 5257 5337 5320 5053 4859 5384 5194 4989 5771 5031 4905 4927 5065 5382 5482 5027 5314 4774 5582 5260 5374 5219 5094 5431 4970 5307 5365 4905 5256 5315 5417 5176 5293 4931 5030 5406 5115 5235 4885 5351 5358 5391 5104 5392 5354 4908 5592 5280 5439 5094 4999 5028 4925 5437 5639 4653 4798 5253 4667 5053 5312 5666 4610 5093 5382 5117 5448 5268 5422 5235 5477 5224 5293 4925 5417 5159 5184 5104 5337 5557 5183 5341 5173 5294 4916 5147 5543 5385 4888 5031 4992 4828 4690 4940 4602 5168 4966 5315 4779 4927 4957 5433 4659 5071 4638 4994 5052 5350 5145 5637 5521 5682 5526 5277 5470 5273 5215 4843 5299 5123 4875 5101 5570 4881 5090 4870 5003 5123 5112 5031 5137 5131 5069 5506 5023 5331 4984 5069 5284 5114 4902 4896 5192 5206 5011 5093 5211 5038 5142
5349 5546 4948 4956 5314 5099 5084 5279 5025 4703 5374 5253 5336 5698 5132 5071 4820 4841 5270 4877 4780 5284 5442 5196 5207 4640 5361 5005 5229 5117 5234 4972 5409 5306 5116 4836 4935 5148 5537 5395 5004 4840 5292 4704 5020 5279 4940 5314 5113 5004 5000 5070 4868 5563 5298 4709 4882 5009 5368 5190 4689 5149 4925 4788 4917 5411 5515 5428 5199 4873 4956 4615 4764 5088 4634 5151 4989 5030 5237 4742 5056 5144 4886 5117 5177 4850 5438 5025 4888 5161 5486 4965 4646 5236 5016 5258 5408 4957 4816 5059 5216 5114 5162 5018 5217 5152 5431 5284 5463 5406 5231 5174 5395 5245 4973 5243 5265 4797 5132 5362 4965 5090 5344 5038 5172 5305 5204 5359 4824 4212 4904 5194 5211 5370 5113 4978 5299 5520 5171 5184 5158 5301 4844 5485 5292 5166 5244 5331 5360 5604 5223 5301 5349 5399 5216 5030 5114 4819 5222 5279 5052 5134 4976 5147 5409 5441 5164 5557 4733 5376 5350 5222 4764 5075 5371 5086 5260 4851 5051 5048 5172 5191 4795 5270 4686 5238 5460 4939 5457 5116 5070 5371 5635 5046 5574 5522 5040 5267 5155 5192 4897 4970 5248 4752 5178 5455 4785 4865 5054 4800 5415 5119 5286 4856 5137 4814 5007 5260 5141 5361 5147 5452 5059 5184 4862 5311 5503 5126 5067 5038 5414 5169 5079 5063 5429 4892 5033 5169 5044 5219 5125 4930 4836 4691 4915 4971 4859 4981 5246 4811 4594 4870 5387 4758 4899 4705 5003 4816 5411 5012 5235 5052 5522 5205 5286 5318 4869 5207 4614 5290 4888 4755 5109 5678 4955 5118 5041 5030 4828 5008 4578 5344 5208 5092 5413 5172 5440 4938 5072 5409 5270 4890 5043 5356 5264 5135 4954 5255 4893 5192
5731 5859 5056 5373 5598 5356 5377 5930 5502 5185 5501 5672 5519 5619 5532 5640 5080 5050 5652 5485 5343 5669 6073 5503 5292 5302 5686 5470 5760 5553 5478 5598 5767 5717 5798 5378 5478 5481 5717 5792 5684 5214 5847 4982 5446 5774 5315 5818 5509 5447 5482 5220 5315 5761 5718 5193 5398 5238 5817 5528 5022 5977 5411 5411 5260 5992 5931 5593 5416 5590 5513 5073 4953 5342 5082 5617 5740 5418 5613 5088 5642 5616 5155 5672 5547 5677 5984 5840 5365 6120 5737 5165 5113 5696 5086 5747 5737 5619 5146 5162 5296 5895 5638 5147 5681 5383 5476 5906 5752 5557 5454 5427 5854 5939 5699 5472 5879 5196 5858 5964 5317 5664 5674 5220 5612 5359 5680 5598 5250 4854 5143 5181 5545 5776 5563 5315 5583 6163 5407 5530 5383 5615 5185 5928 5934 5296 5370 6004 5584 5852 5764 5690 5826 5646 5527 5370 5500 5289 5736 5861 5433 5662 5729 5291 5724 5688 5254 5909 5119 5714 5822 5828 5720 5351 5519 5513 5741 5649 5541 5504 5472 5592 5463 5794 5111 5706 5896 5470 5640 5558 5438 5496 5969 5198 5793 6185 5567 5526 5575 5587 5353 5287 5586 5358 5695 5791 4982 5245 5475 5236 5361 5515 5790 5227 5352 5309 5447 5636 5627 5689 5564 5970 5641 5365 5199 5697 5620 5520 5532 5585 5872 5626 5456 5557 5660 5476 5567 5743 5564 5708 5518 5495 5430 5151 5201 5344 5635 5376 5946 5130 5090 5321 5886 4848 5398 5285 5700 5436 5838 5337 6071 5746 5656 5416 5858 5612 5194 5681 5371 5260 5345 5165 5300 6026 5467 5668 5221 5735 5347 5502 5206 5358 5565 5558 5682 5646 5705 5282 5665 5628 5548 5132 5819 5486 5604 5532 5504 5428 5286 5369
5789 5697 4834 5319 5530 5390 5460 5743 5419 5120 5476 5348 5646 5433 5376 5646 4885 4853 5536 5529 5183 5546 5777 5476 5034 5256 5622 5317 5294 5259 5573 5247 5610 5629 5543 5099 5435 5294 5449 5658 5724 5097 5464 4938 5552 5537 5351 5561 5300 5301 5308 5091 5434 5733 5591 5058 5237 5172 5748 5378 5023 5640 5133 5045 5190 5556 5715 5668 5346 5267 5185 4804 4913 4933 5004 5595 5425 5335 5433 5244 5447 5295 5441 5375 5288 5412 5768 5509 5181 5366 5549 5163 5223 5582 5161 5485 5670 5382 5272 5218 5258 5497 5297 5226 5440 5972 5577 5650 5586 5534 5185 5545 5486 5480 5322 5597 6074 4993 5592 5604 5562 5559 5507 5305 5443 5396 5497 5539 5161 4656 5168 5412 5616 5516 5464 5374 5675 5817 5338 5144 5373 5715 5024 5796 5621 5492 5211 5904 5353 5776 5337 5444 5457 5443 5354 5166 5517 5140 5195 5718 5358 5500 5404 5279 5534 5918 5404 5859 4936 5613 5573 5490 5464 5049 5520 5431 5512 5184 5257 5817 5142 5228 5410 5392 4855 5453 5771 5279 5417 5559 5326 5570 5499 5264 6039 5948 5066 5545 5506 5552 5353 5034 5480 5429 5530 5678 5126 5076 5425 5002 5475 5775 5460 5108 5276 5605 5184 5478 5461 5492 5545 5769 5235 5470 5090 5558 5782 5510 5346 5329 5951 5515 5211 5446 5501 5124 5262 5619 5389 5594 5601 5193 4947 4906 5072 5229 5365 5315 5537 5074 4996 5336 5637 4957 5175 5088 5191 5363 5584 5289 5806 5463 5565 5337 5609 5640 5263 5439 5080 5295 5393 4926 5384 6171 5135 5466 5070 5172 4958 5271 5373 5557 5535 5471 5839 5203 5570 5427 5369 5478 5435 4978 5355 5291 5616 5202 5354 5285 5085 5515
5429 5351 4790 5304 5419 5109 4948 5799 5172 5026 5114 5386 5231 5854 5100 5420 4744 5187 5303 5370 5067 5346 5463 5797 5237 5359 5389 5137 5376 5230 5242 5205 5467 5404 5200 5341 5298 5168 5316 5316 5451 4983 5356 4753 5116 5310 5218 5459 5210 5094 5187 4942 4847 5121 5572 4976 5173 5288 5547 5435 4905 5375 4963 4993 4989 5549 5934 5388 5379 5039 4919 4780 5184 5005 4659 5439 5103 5256 5308 4837 5234 5128 5024 5523 5163 5263 5632 5578 4931 5436 5739 5038 5049 5482 4937 5064 5429 5070 5191 5135 5296 5598 5513 5196 5087 5196 5303 5720 5490 5588 5145 5426 5662 5498 5432 5319 5441 4998 5391 5631 5000 5415 5317 5009 5372 5427 5640 5295 4699 4526 4970 4992 5463 5560 5245 5323 5140 5657 5200 5145 5157 5499 5141 5540 5646 5209 5111 5543 5208 5485 5187 5426 5321 5338 5227 5355 5455 5009 5341 5630 4956 4887 5198 5156 5230 5531 5520 5506 4701 5640 5195 5388 5088 5525 5310 5622 5314 5036 5335 5270 5409 5404 4969 5550 4656 5119 5554 5352 5630 5144 5471 5502 5716 5279 5845 5472 4934 5437 5459 5311 5156 5104 5266 4740 5635 5479 4729 5091 5082 4816 5436 5472 5446 4907 5295 5201 5204 5662 5348 5403 5467 5627 5197 5289 5283 5283 5303 5325 5232 5274 5745 5341 5166 5111 5365 4842 5091 5213 5386 5432 5341 5140 5105 4669 4903 4872 5360 5187 5456 4648 4854 4980 5536 4850 4997 4762 5503 5356 5196 5082 5219 5511 5680 5296 5358 5386 5318 5212 5118 5150 5254 4876 4990 5766 5120 5403 4799 5088 5099 5105 5129 5235 5411 5246 5377 5305 5416 5180 5246 5304 5141 4875 5482 5452 5539 5196 5095 5243 5202 5245
5545 5638 5000 5442 5560 5228 5067 5901 4985 5220 5410 5501 5649 5732 5331 5576 5004 5187 5553 5278 5103 5553 5750 5633 5383 5097 5662 5381 5595 5277 5440 5645 5788 5535 5625 5285 5278 5332 5590 5705 5433 5219 5534 5283 4879 5539 5221 5546 5421 5615 5407 5424 5107 5434 5530 4779 4958 5324 5966 5590 5073 5531 5180 5200 5433 5564 5513 5489 5533 5184 5157 4990 4961 5332 5103 5402 5080 5121 5384 5034 5438 5503 5302 5390 5265 5029 5750 5601 4924 5657 5644 5016 5271 5175 5276 5296 5514 5096 5077 5405 5424 5499 5587 5303 5538 5370 5638 5768 5749 5685 5289 5645 5793 5477 5667 5320 5616 5150 5613 5852 5021 5761 5378 5168 5565 5467 5608 5464 5032 4612 5251 5428 5528 5461 5302 5459 5154 5955 5379 5446 5302 5576 5187 5837 5548 5444 5184 5698 5535 5671 5504 5532 5537 5484 5542 5312 5445 5234 5546 5900 5356 5373 5536 5398 5994 5407 5157 5475 4872 5531 5625 5586 5440 5326 5876 5177 5752 5493 5183 5365 5292 5548 5273 5715 5071 5362 5617 5410 5825 5291 5752 5619 5929 5107 5669 5656 5312 5427 5422 5550 5205 5209 5374 5377 5618 5747 5063 5083 5424 5288 5336 5563 5604 4692 5364 5298 5315 5447 5556 5505 5595 5796 5197 5629 5226 5627 5523 5385 5278 5596 5792 5707 5222 5581 5682 5100 5252 5286 5406 5151 5428 5351 4921 5124 5180 4963 5444 5337 5440 5073 5069 5119 5513 5015 5530 5105 5288 5216 5611 5218 5580 5695 5928 5563 5459 5503 5248 5579 5388 5210 5078 4963 5253 5888 5213 5599 5270 5407 5332 5327 5070 5421 5474 5441 5590 5368 5711 4969 5537 5651 5415 5066 5349 5189 5217 5044 5359 5374 5283 5734
5479 5771 5114 5139 5616 5455 5403 5781 5436 5340 5580 5566 5503 5792 5287 5409 5136 5041 5455 5636 5519 5829 5883 5585 5507 5354 5679 5136 5882 5280 5539 5573 5532 5524 5740 5418 5432 5217 5642 5636 5561 5289 5836 5145 5291 5653 5100 5652 5754 5602 5181 5127 5218 5664 5496 4915 5508 5232 5899 5432 4972 5920 5450 5358 5055 5816 5982 5475 5586 5302 5142 4990 5207 5066 4916 5448 5499 5364 5452 5118 5369 5576 5512 5332 5398 5369 5678 5756 5277 5804 5828 5314 5576 5597 5274 5121 5529 5581 5393 5136 5069 5818 5572 5020 5505 5423 5675 5858 5753 5586 5467 5552 5631 5544 5338 5667 5801 5106 5452 5994 5330 5571 5695 5263 5507 5613 5546 5569 5001 4661 4932 5438 5582 5548 5446 5654 5536 5808 5423 5392 5336 5691 5270 5677 5759 5424 5125 5977 5379 5966 5622 5681 5781 5472 5315 5259 5750 5435 5618 5976 5148 5497 5648 5539 5655 5688 5212 5719 4998 5624 5463 5809 5107 5323 5352 5525 5443 5457 5171 5611 5222 5490 4910 5620 4957 5630 5772 5387 5623 5772 5506 5626 6190 5498 6049 5946 5044 5562 5630 5487 5627 5317 5469 5456 5663 5685 5290 5076 5379 5112 5590 5574 5744 5314 5542 5619 5400 5617 5592 5329 5325 5898 5625 5295 5312 5554 5481 5268 5300 5484 5987 5593 5449 5274 5613 5199 5622 5570 5553 5383 5394 5361 5045 5041 5134 5179 5638 5194 5861 5277 5029 5422 5652 5070 5368 5062 5455 5469 5651 5192 5690 5589 5923 5608 5831 5432 5284 5493 5414 5411 5389 5190 5364 5794 5306 5725 5100 5324 5329 5320 5382 5373 5229 5473 5766 5493 5600 5064 5739 5651 5523 5282 5213 5375 5308 5420 5463 5113 5245 5752
5045 5443 4685 5211 5105 4821 4979 5194 5086 4694 5146 5002 5064 5463 4777 4989 4700 4805 4951 4999 4586 4851 5518 5140 4963 4810 5328 5023 5085 5021 4929 4967 5154 5115 5087 5031 4977 5022 5211 5062 5129 4893 5024 4651 4852 5166 4667 5495 5228 4855 5050 4564 4653 5157 5324 4685 4926 4665 5141 5178 4478 5097 4814 4703 4801 5153 5371 5408 5159 4900 4727 4502 4569 4632 4404 5144 4973 4550 4985 4560 4931 5283 5017 5240 4972 4782 5018 5277 4732 5027 5175 4848 4589 5159 4729 5003 5386 4849 4943 4855 4918 5202 4932 4643 5231 5090 5214 5371 5151 5193 5119 5170 5267 5258 5168 5071 5533 4620 4783 5371 5075 5206 5257 4783 5005 5166 5172 5079 4723 4288 4600 4727 5191 5280 4834 5255 4962 5173 4936 5115 5004 5190 4572 5015 5358 5067 4566 5570 5068 5294 4967 5099 5182 5100 4805 4675 5174 4621 5009 5290 4730 5076 4689 5109 5144 5185 4966 5181 4735 5322 5366 5064 4913 5044 5282 4737 5123 5000 4947 5112 4862 5199 4754 5252 4580 5168 5255 5150 4988 4704 5149 5099 5432 4971 5197 5159 4656 5370 4962 5135 4956 4778 4927 4620 5386 5026 4925 4707 4953 4647 5194 5153 5247 4809 5071 5104 4796 5304 5054 5159 4875 5343 4900 5063 4758 5436 4992 4924 4732 5163 5494 5108 4860 4876 5280 4724 4838 4966 4883 4753 4882 4757 4493 4537 4752 4319 4963 4975 5103 4592 4555 4700 5276 4738 5029 4546 4977 5005 4973 4940 5373 4911 5518 5202 5285 5207 4792 4847 4704 4787 4766 4617 4845 5525 4990 5009 4553 4766 4833 4861 4849 5039 4945 5094 5257 5169 5121 4766 4981 5257 4896 4654 4932 4862 5176 4625 5034 4749 4869 5028
5050 5255 4733 5120 5267 5086 5111 5545 5219 4906 5263 5262 5446 5704 5073 5088 4823 4778 5375 5068 4932 5329 5533 5490 5286 5231 5406 5173 5414 5132 5102 5296 5471 5426 5021 5035 5239 4996 5369 5459 5531 4831 5236 4980 4964 5380 4689 5282 5444 5106 5346 4649 5085 5290 5280 4936 5116 4992 5405 5232 4770 5475 5047 4963 4880 5378 5612 5307 5267 4929 5087 4905 4895 4816 4661 5382 5116 5099 5185 4791 5066 5032 4948 5209 5311 5013 5513 5314 4612 5402 5365 5011 5193 5320 4926 5221 5446 5104 5246 5366 5209 5370 5186 4976 5293 5104 5489 5747 5405 5519 5162 5267 5305 5544 5307 5363 5471 5032 5082 5580 4955 5356 5288 4927 5368 5360 5498 5286 4670 4579 4920 4933 5368 5618 5180 5039 5257 5589 5151 5074 5159 5352 5075 5489 5441 5190 4970 5715 5372 5767 5315 5562 5190 5362 5305 5293 5178 5029 5391 5769 5073 5143 5254 4977 5444 5347 4820 5403 4901 5446 5373 5256 4925 5175 5187 5182 5251 5065 5202 5376 5052 5180 5085 5352 4757 5143 5596 5036 5296 5256 5191 5302 5677 4958 5573 5522 5015 5154 5254 5067 5330 5056 5102 5029 5462 5355 4885 4919 4973 4861 5194 5250 5480 4761 4994 4935 5137 5396 5475 5394 5378 5367 5193 5092 5277 5568 5346 5238 4971 5221 5272 5176 5239 5056 5526 5303 5311 5101 5080 5315 5462 5110 5063 4994 5064 5006 5186 5070 5442 4943 4679 5050 5479 4945 4971 5053 5150 4885 5298 5048 5611 5384 5406 5102 5414 5266 5376 5308 5012 5101 4982 4788 5166 5679 5008 5506 4859 5033 4992 5307 4831 5198 4988 5396 5162 5158 5177 4859 5334 5407 5204 4866 5204 5347 5478 5324 5259 5034 5032 5234
5172 5436 4826 5236 5391 5238 5004 5420 5306 5150 5200 5172 5155 5450 5294 5301 4896 4912 5330 5531 5104 5336 5641 5426 5140 5161 5550 5090 5390 5032 5298 4974 5160 5306 5357 5125 5235 4998 5461 5184 5349 4885 5395 4960 5275 5318 4868 5503 5377 5243 5052 4946 4956 5298 5176 4557 5094 5042 5055 5038 4700 5425 5102 4934 5014 5611 5546 5371 5235 4952 4666 5011 4878 5110 4622 5348 5272 5242 5237 5043 5147 5475 4858 5221 5320 5048 5275 5476 5026 5534 5357 5090 5241 5322 4831 5205 5513 5319 5002 4994 4814 5393 5420 4971 5461 5195 5504 5518 5628 5601 4944 5329 5509 5193 5212 5490 5559 4852 5114 5505 5056 5198 5522 4784 5100 5216 5160 5358 4836 4303 5011 5013 5317 5616 5267 5345 5396 5474 5227 5068 5186 5448 5112 5472 5330 5392 5284 5523 5358 5846 5155 5529 5515 5284 4999 5124 5185 5028 5199 5535 5010 5377 5171 5232 4996 5639 4998 5441 4664 5264 5210 5318 4793 5123 5187 5074 5177 5075 4827 5361 5460 5079 4982 5313 4555 5247 5884 5157 5546 4930 5329 5437 5726 5045 5519 5571 4911 5532 5163 5182 4976 5071 4818 5145 5529 5561 5248 4850 5193 4878 5234 5422 5308 5109 4979 5471 4966 5175 5317 5182 5389 5597 5023 5153 5207 5313 5175 5119 4762 5340 5330 5259 5076 5136 5712 5110 5091 5167 5263 5297 5384 4988 5162 4759 4967 4830 5211 5034 5482 4815 4617 4853 5294 5017 5033 4931 4956 5030 4955 4931 5590 5286 5552 5228 5313 5184 4877 5043 5084 5041 5169 4937 5127 5702 5124 5240 4951 4959 4882 5135 5169 5006 5312 5298 5448 4995 5437 4654 5319 5706 5350 4933 5156 5142 5355 5010 5122 5014 4994 5263
5325 5466 4744 5100 5173 5081 4996 5568 5091 4765 5018 5236 5014 5217 4980 5076 4544 4833 5214 4994 4911 5321 5329 5264 5056 4841 5326 5167 5172 5110 5090 4969 5123 5071 5110 5034 4984 4862 5123 5232 5343 4906 5361 4802 5003 5251 4967 5265 5325 5027 5169 4729 4867 5184 5477 4622 4903 4684 5471 5063 4833 5153 4900 4796 4793 5534 5588 5181 5292 4804 4905 4560 4514 5097 4482 5169 4851 4992 5242 4726 4965 5309 5035 5288 5041 5029 5258 5349 4916 5370 5450 5004 5289 5062 5036 4933 5413 5357 4940 4849 4922 5412 5115 4930 5180 5014 4995 5379 5220 5209 4947 5002 5484 5411 5223 5231 5408 4795 5361 5267 4963 5117 5243 5052 5090 5157 4887 5097 4804 4454 4825 5160 5060 5523 4740 5218 5126 5527 5042 5086 5121 5291 4988 5117 5315 5049 4952 5555 4952 5419 5025 5290 5137 5283 5176 4956 5266 4952 4820 5668 4796 4952 4985 4648 5278 5522 5081 5329 4868 5594 5027 5271 4829 5048 5248 5143 5372 4970 5008 5354 5004 5195 5165 5515 4595 5055 5521 5050 5328 4853 5282 4885 5508 4989 5358 5545 4919 5103 5130 5297 4809 4549 5067 4890 5129 5600 4772 4910 5057 4662 5122 5106 5086 4932 5179 4930 4981 5024 5209 5238 5115 5339 5204 5150 5156 4997 5200 4962 4826 5241 5660 5006 5233 5027 5346 4974 5110 5119 5098 5157 5412 4943 4907 4705 4580 4764 4819 4807 5089 4915 4619 4926 5382 4917 4839 4747 4885 4949 5270 5068 5552 5158 5201 5207 5055 5135 5088 4992 4858 5350 5089 4425 4970 5458 5028 5025 4844 5018 4826 5077 4711 4964 5107 5078 5373 5140 5359 4867 5245 5172 5035 4778 5110 5274 5156 4918 5038 4779 4930 4957
5787 5874 5092 5594 5971 5692 5474 6004 5756 5161 5653 5545 5604 5809 5430 5734 5226 5241 5641 5688 5505 5459 5813 6110 5666 5437 5780 5523 5747 5524 5683 5509 5792 5830 5770 5518 5716 5792 5892 6099 5599 5537 5776 5025 5643 5944 5478 5716 5731 5572 5570 5346 5772 5781 6013 5361 5672 5512 5961 5738 5413 5664 5616 5323 5419 5797 6172 5705 5597 5289 5567 5358 5169 5376 5259 5928 5432 5712 5884 5220 5690 5675 5420 5696 5480 5539 5891 5864 5279 5721 5709 5565 5639 5755 5244 5518 5973 5257 5284 5422 5491 5476 5748 5549 5669 5818 5808 5882 5964 5994 5347 5622 6106 5816 5678 5438 5663 5334 5586 6135 5648 6003 5855 5326 5574 5249 5800 5641 5060 4628 5125 5612 5541 5705 5203 5665 5588 6150 5845 5560 5427 5932 5162 5921 5933 5790 5351 6077 5432 6160 5846 5663 5842 5741 5766 5557 5929 5273 5549 6300 5297 5575 5393 5812 5802 5917 5478 5728 5219 5660 5944 5703 5373 5828 5759 5627 5713 5411 5403 5759 5749 5768 5468 6046 5342 5714 5973 5535 5805 5536 5924 5818 5955 5474 5712 5996 5529 5816 5563 5606 5656 5601 5624 5461 5854 5931 5085 5352 5504 5137 5401 5881 5984 5051 5674 5736 5576 5735 5480 5691 5966 5961 5607 5725 5714 5853 5746 5567 5561 5861 5924 5821 5434 5755 5951 5315 5641 5508 5828 5589 5704 5575 5339 5198 5633 5303 5623 5577 6071 5487 5417 5461 5592 5117 5455 5294 5656 5712 5761 5228 5976 5650 6104 5568 5799 5714 5543 5667 5266 5553 5445 5102 5397 6110 5435 5950 5450 5695 5377 5601 5319 5788 5703 5629 6074 5623 5913 5515 5712 5595 5498 5171 5686 5640 5762 5721 5598 5591 5284 5995
5524 5777 5118 5331 5773 5588 5432 5785 5672 5114 5945 5715 5653 5944 5484 5540 5108 5278 5791 5734 5562 5633 5932 5788 5825 5371 6139 5665 5763 5590 5809 5823 6084 5879 5604 5520 5693 5633 5703 5750 5844 5192 5958 5033 5534 5767 5432 5805 5895 5608 5800 5236 5344 5984 5921 5145 5461 5583 6033 5875 4966 5737 5248 5360 5272 5832 5842 5800 5586 5392 5407 5118 5087 5178 5176 5728 5532 5158 5332 5197 5505 5696 5155 5732 5568 5596 5911 5656 5413 5788 5742 5314 5527 5593 5313 5612 5597 5621 5384 5387 5470 5708 5967 5444 5682 5444 5557 5702 5542 5937 5554 5721 6018 5741 5353 5875 5910 5351 5624 5834 5610 5832 5578 5309 5735 5862 5670 5742 5378 4975 5548 5373 5649 5782 5407 5546 5574 5987 5583 5398 5731 5875 5616 5842 5854 5603 5730 5787 5505 5978 5798 5374 5821 5744 5426 5572 5630 5387 5520 6195 5399 5545 5689 5301 6021 5714 5439 5743 5364 6085 5787 5778 5387 5393 5773 5595 5613 5515 5804 5537 5607 5687 5328 5702 4951 5516 6001 5564 5726 5483 5729 5877 5943 5231 5864 5955 5500 5360 5385 5783 5513 5101 5619 5187 5845 5966 4934 5355 5912 5220 5315 5895 5961 5095 5596 5586 5502 5768 5756 5789 5745 5880 5403 5763 5373 5739 5680 5550 5479 5692 5985 5545 5477 5583 5757 5361 5374 5664 5476 5597 5521 5550 5437 5284 5094 5096 5514 5580 5665 5052 5350 5421 5752 5114 5450 5474 5834 5507 5744 5307 5787 5641 5981 5656 5727 5538 5524 5759 5221 5726 5140 5236 5465 6004 5334 5698 5098 5405 5515 5643 5263 5691 5414 5771 5837 5609 5873 5345 5954 5690 5451 5389 5647 5684 5923 5492 5524 5782 5309 5553
4791 5012 4634 4686 5037 4783 4755 5203 4607 4523 4889 4708 4784 5006 4569 4696 4675 4690 4920 4806 4582 4922 5180 5125 4952 4627 4995 4753 5117 4964 4885 4770 5329 4767 4813 4728 4867 4870 5073 4950 5061 4769 5013 4427 4601 5210 4742 5118 4716 4883 4778 4678 4833 4974 5064 4414 4617 4774 4910 5074 4335 4926 4706 4747 4734 4861 5215 4957 5159 4681 4915 4493 4644 4685 4464 5151 4717 4852 4802 4423 4719 4872 4632 4667 4570 4701 5026 4954 4797 4991 5238 4640 4383 5111 4486 4871 5114 4763 4730 4690 4777 5131 4800 4740 4802 4899 5136 5288 4889 5101 4816 5011 5256 5083 4958 5146 4984 4530 4783 5263 4649 5103 5067 4803 4797 4741 5103 5092 4529 4136 4384 4800 5137 4911 4568 4763 4865 5437 4936 4982 4978 4766 4349 5168 5012 5051 4653 5224 4879 4837 4832 4904 4891 5167 4824 4676 4897 4736 5059 5038 4538 4872 4776 4738 5183 5394 4715 5048 4581 5326 5165 5094 4774 4962 5036 4876 4969 4753 4666 4788 4989 5004 4714 4828 4375 4913 5048 4648 5120 4870 4928 4903 5247 4823 5226 5204 4636 5123 5078 5121 4871 4423 4786 4610 5155 5269 4395 4196 4891 4446 4768 4943 4980 4729 4851 4668 4867 5078 5058 5109 4900 5309 4626 4915 5022 5028 5246 4745 4687 5074 5185 4851 4795 4578 5038 4815 4529 4901 4831 4969 4876 4418 4502 4626 4619 4645 4727 4816 5205 4422 4679 4527 4734 4238 4561 4764 5011 4927 4828 4938 5172 5105 5192 4794 4951 4981 4991 4902 4761 4934 4722 4532 4691 5662 4517 5070 4498 4798 4579 4585 4458 4995 4519 5010 5219 4731 4918 4702 4693 4880 5115 4692 4711 4966 4920 4679 4633 4704 4655 5191
5186 5146 4924 5060 5326 5231 4817 5498 4983 4721 5128 5119 5236 5594 5132 5305 4920 4961 5217 5066 4884 5160 5561 5406 5153 4864 5271 5197 5160 5154 5247 5204 5441 5488 5084 4981 4949 5077 5159 5184 5081 4998 5415 4694 5039 5470 4983 5375 5338 5104 5234 4784 4766 5327 5510 4669 4948 4886 5344 5283 4550 5435 5235 5176 5017 5583 5537 5194 5138 4928 4832 4730 4826 4816 4493 5277 5104 4832 5009 4683 5061 5302 4776 5187 5248 4852 5374 5387 4755 5424 5389 5036 4875 5296 4898 5103 5259 5034 5029 4998 4889 5496 5265 5009 5250 5215 5330 5420 5275 5178 5245 5202 5066 5464 5221 5320 5319 4758 5211 5627 4849 5386 5320 4787 5117 5325 5012 5112 4934 4260 4961 4672 5263 5047 4827 5013 5437 5654 5076 5001 5111 5424 5084 5316 5381 4984 4884 5380 5224 5723 5096 5185 5304 5327 4992 4979 5097 4998 5274 5632 4996 5338 5195 5183 5276 5343 4857 5305 4704 5589 5183 5522 4962 4985 5309 5245 5108 5064 5262 5186 5091 5037 4812 5270 4509 5242 5249 5220 5069 5079 5340 5457 5334 5027 5439 5547 5005 5380 4763 5193 4999 5104 5103 5088 5299 5413 4731 4750 5076 4907 4989 5370 5237 4821 5113 4817 4953 5289 5285 5340 5199 5335 5033 4975 5142 5403 5410 5069 5103 5105 5290 5086 5056 5016 5309 4876 5011 4971 5101 4997 4996 5084 4832 4721 4877 4995 5059 4970 5115 5058 4735 5018 5323 4874 5046 4680 5013 5019 5295 5113 5487 5255 5072 5154 5437 5305 5100 5172 5061 5113 4779 4842 4986 5584 4990 5321 4813 5052 4999 5068 4827 5152 5397 5181 5125 5110 5349 4889 5409 5436 4995 5044 5056 4937 5148 5039 5370 5100 4722 5150
5275 5116 4934 4960 5038 4892 4755 5427 5027 4456 5261 5134 4981 5235 4760 5091 4565 4673 5035 4990 4888 4930 5642 5224 5067 5025 5018 4900 5406 4953 4993 5040 5350 5129 5230 4744 4889 5229 5095 5183 5113 4577 5265 4669 4699 5277 4658 5078 4788 4927 4997 4596 4845 5128 5000 4524 5116 4824 5347 5016 4643 5109 4479 4779 4908 5264 5451 5101 5063 4747 4665 4401 4770 4662 4701 4786 5071 4913 4952 4488 5020 5170 4635 4988 4795 4935 5477 4941 4850 5272 4924 4516 4815 5449 4437 4622 4978 4819 4740 4753 4628 5190 5341 4607 4770 5081 4884 5263 5244 5253 4772 5096 5354 5067 4906 5021 4991 4706 5023 5322 4729 5286 4982 4892 5078 4957 5160 5341 4535 4078 4680 5034 5027 4894 4928 4777 5088 5421 5022 5147 4896 5002 4739 5280 5338 4890 4893 5059 5172 5403 5134 4913 5232 4888 4893 4905 5035 4792 5129 5325 4617 4925 4910 4902 5088 5062 5059 5159 4735 5114 5075 5073 4807 4994 5150 5164 5353 4943 4825 4907 5131 5258 4713 5099 4361 5152 5237 4971 5096 5068 4919 5205 5455 4906 5438 5293 4946 5032 5111 5240 4894 4861 5037 4836 5155 5245 4606 4546 4951 4654 4844 5269 5245 4507 4897 5157 4998 5289 5150 5075 5327 5444 4916 4805 4873 5154 5084 4991 4917 4926 5380 5120 5000 5100 5080 4939 4747 5026 5314 5128 4843 4938 4896 4672 4596 4577 4922 5018 5385 4431 4725 4884 5476 4475 4865 4640 5266 4985 5246 4760 5119 5270 5540 5033 5249 5045 5110 4929 4536 4948 4948 4491 5039 5457 4991 5278 4751 5008 4741 4766 4835 5149 4953 5102 5306 4830 5174 4567 5018 4918 4977 4512 5202 5346 5208 4912 4917 5165 4869 5130
5437 5133 4815 5037 5239 5145 5181 5437 4958 4690 5142 5158 5170 5485 4970 5007 4760 4684 5050 5077 4908 5403 5592 5040 5073 4929 5527 4986 5106 4763 5267 5273 5239 5447 5287 4911 4769 5183 5217 5521 5383 4757 5378 4541 4811 5372 4649 5160 5193 4991 5036 4994 5030 5032 5418 4646 4920 4878 5483 4890 4682 5400 5156 4933 4873 5251 5347 5141 5149 4901 4976 4700 4777 4962 4784 5168 5062 5025 4867 4706 4767 5314 4951 5068 4998 4816 5527 5519 5266 5228 5150 4914 4952 5132 4750 4969 5420 4714 4847 4827 4815 5390 5007 5047 5017 5192 5069 5548 5301 5252 5026 5326 5309 5188 5092 5180 4937 4940 5256 5411 4637 5309 5057 4790 5037 5081 5216 5228 4839 4223 4933 4833 5221 5198 4959 4977 5191 5754 5018 5104 5016 5416 4702 5359 5378 4980 4887 5312 5303 5626 5094 5181 5304 5111 5332 5165 5301 5031 4872 5607 5014 5257 5103 5033 5540 5356 4955 5095 4533 5192 5024 5338 5021 4928 5198 4927 5081 4821 4935 5026 4779 5234 4972 5171 4577 5243 5247 5058 5292 4969 5078 5187 5401 4997 5434 5775 4784 5229 4751 5319 4906 4785 4918 4707 5394 5298 4759 4538 5106 4988 5024 5312 5323 4781 4951 5076 5009 5061 5204 5179 4952 5244 5138 4949 4912 5211 5120 5042 5122 5038 5339 5139 5096 5163 5499 4700 4852 5123 5090 5067 4990 5002 4963 4867 4792 4973 5127 4982 5346 4533 4580 4930 5362 4664 5087 4874 4987 4850 5437 5083 5499 5518 5446 5331 5429 5366 5133 5363 5092 4746 4966 4504 4795 5605 4816 5439 4734 5000 4802 5117 4718 4893 5134 5176 5338 5122 5183 4642 5215 5222 4838 4769 5116 4919 4928 5203 5353 4729 4886 5108
5260 5325 4461 4851 5099 5007 4853 5386 4765 4618 5272 4884 4976 5212 4805 4654 4407 4567 4838 4838 4841 4880 5097 5072 4764 4827 4830 4614 4849 4663 4854 4974 5057 5160 5105 4916 4802 4712 4902 5049 4890 4513 4817 4405 4975 5302 4854 4992 4764 5108 4809 4852 4839 5030 5302 4638 4945 4601 5400 5051 4426 4870 4690 4729 4516 4907 5221 4943 4828 4666 4616 4294 4565 4630 4526 4993 5120 4603 4884 4505 4757 4956 4521 4773 5050 4742 5269 5005 4861 5073 4899 4860 4872 5032 4450 4888 5190 4719 4905 4666 4906 4965 5071 4750 5089 5320 4881 5220 5136 4988 4799 5121 5105 4972 4976 4649 5058 4550 5150 5079 4627 5490 5018 4746 4853 4971 5101 5010 4562 4011 4827 4552 5162 5063 4621 4893 4894 5353 4960 4934 4960 5217 4779 5213 5107 4832 4743 5064 4714 5200 4833 4956 5085 4999 5180 4910 5121 4798 4846 5396 4677 5294 4799 4656 4955 5355 4792 5060 4306 4914 5098 4883 4634 4815 5122 4867 5111 4883 4572 4946 4975 5020 4876 5091 4451 4963 4941 5054 4881 4761 5083 5071 5264 4875 5272 5356 4703 4900 5158 4764 4842 4686 4893 4615 5189 5107 4405 4814 4931 4636 4732 5158 5054 4567 4868 5200 4846 4903 5199 4966 4988 5449 4828 4897 4761 4777 4828 4895 5002 4956 5315 5100 5018 4737 4958 4746 4472 4950 5053 4832 5062 4954 4654 4507 4638 4683 4717 4614 5201 4673 4659 4981 5250 4450 4841 4879 4849 4673 4902 5086 5102 5207 5231 4808 5087 5175 4794 5016 4557 4917 4856 4383 4745 5426 4916 5109 4556 4926 4639 4870 4677 4935 4784 4795 4877 4652 5124 4883 5061 5010 4747 4510 4799 4978 4866 4947 4966 4789 4681 5007
5187 5545 4711 5182 5377 4989 4862 5819 5261 4836 5105 5334 5345 5284 5170 5314 4889 4872 5259 5329 5121 5297 5442 5460 5087 5173 5171 5180 5198 5112 5248 4942 5494 5305 5091 5132 5035 4935 5221 5211 5298 5038 5260 4686 4871 5375 5055 5308 5237 4912 4990 4685 4895 5269 5412 4756 4943 4907 5373 5256 4695 5302 5005 5092 4670 5418 5790 5113 5155 4734 4847 4718 5005 4863 4544 5425 5212 4987 5119 4998 5353 5543 4959 5326 4859 4747 5365 5507 4587 5299 5411 5088 4920 5145 4820 5249 5423 5206 4792 5122 4808 5501 5276 4800 5245 5428 5361 5405 5350 5478 5083 5297 5404 5552 5201 4992 5331 4693 5407 5527 4899 5188 5252 4612 5041 5150 5102 5298 4636 4565 4960 5098 5307 5225 5145 5050 5280 5607 5250 5098 5199 5282 4849 5488 5247 5152 5143 5364 4909 5494 4828 5090 5390 5131 5458 4992 5183 4846 5188 5519 5123 4958 5117 5080 5191 5231 4992 5626 4887 5193 5234 5282 5028 5043 5282 5207 5118 4883 5201 5221 5067 5231 5091 5314 4648 5182 5450 5134 5321 4983 5470 5321 5407 5133 5576 5464 4881 5292 5288 5546 4974 4902 4966 4933 5431 5503 4846 4932 5228 4635 4827 5240 5208 4844 5340 5161 4949 5400 5139 5240 5490 5447 5124 5090 5101 5382 5355 5118 5055 5234 5568 5229 5139 5111 5316 4892 5313 5106 5223 5111 5257 4977 5081 4840 4986 4900 5078 4983 5219 4763 4578 5002 5070 4884 5135 4917 5054 5010 5394 5127 5303 5223 5319 5135 5287 5241 5018 5071 4841 5218 4899 4437 4794 5511 4989 5374 4950 4830 4900 4969 4823 5179 5490 5266 5314 5062 5443 5084 5364 5197 4985 4728 5412 5153 5425 5086 5520 5205 4988 5325
5545 5982 5355 5749 5840 5477 5683 6098 5610 5348 5976 5813 5725 6019 5382 5834 5127 5548 5717 5823 5231 5797 5766 6029 5725 5343 6125 5600 5928 5571 5455 5746 5793 5842 5804 5510 5478 5470 5616 5644 5814 5513 6050 5288 5332 5701 5585 6216 5733 5395 5607 5707 5184 5795 6030 5411 5385 5362 6036 5585 5335 5568 5366 5407 5253 5848 5801 5511 5558 5463 5557 5378 5298 5495 4967 5893 5536 5383 5488 5226 5779 5644 5417 5415 5524 5203 5890 5749 5475 5955 5980 5590 5457 5857 5441 5700 5861 5655 5577 5401 5393 5845 5752 5348 5707 5871 5563 5984 5884 5682 5356 5826 6186 5817 5578 5523 6005 5388 5678 5973 5313 5951 5578 5249 5773 5579 5956 5968 5193 4843 5293 5582 5625 5784 5330 5696 5518 6034 5602 5755 5767 6060 5248 5949 5841 5775 5604 5917 5928 6161 5837 5705 6068 5527 5634 5325 5802 5329 5552 6204 5320 5717 5431 5496 5799 5728 5505 6006 5005 5583 5702 5819 5406 5597 5947 5751 5737 5415 5573 5664 5577 5559 5544 5828 5173 5708 5884 5682 6017 5542 5699 5683 6278 5321 6081 6136 5197 5932 5442 5718 5400 5132 5697 5518 5677 5805 5335 5351 5656 5105 5490 5423 6018 5364 5656 5396 5591 5539 5612 5711 5832 6023 5752 5349 5332 5633 5801 5535 5369 5634 6040 5590 5689 5579 6070 5329 5621 5766 5688 5794 5748 5463 5417 5412 5217 5459 5313 5545 6013 5083 5248 5563 5949 5348 5376 5355 5814 5428 5642 5337 6087 6085 6024 5748 5724 5793 5517 5706 5726 5625 5524 5223 5591 6207 5713 5640 5421 5417 5501 5678 5260 5461 5508 5573 5644 5469 5794 5276 5451 5787 5529 5463 5486 5676 5712 5587 5515 5414 5313 5807
5376 5471 4939 5105 5230 4936 5169 5517 5240 4698 5285 4989 5231 5514 5093 5096 4906 4974 5298 4961 4973 5147 5501 5344 4967 5051 5395 4956 5325 5160 5250 5166 5315 5161 5230 5131 4787 5355 5299 5390 5253 4836 5410 4823 5232 5238 5089 5431 5148 4993 5181 4929 5075 5145 5314 4701 5071 4973 5729 5203 4951 5442 4913 5110 4915 5542 5527 5291 5252 4978 4877 4549 4852 4910 4755 5511 4833 5326 5051 4967 5107 5372 5039 5238 4991 4891 5294 5358 4971 5225 5216 4991 4948 5177 5009 5185 5484 5059 4929 5066 5112 5677 5373 5156 4980 5205 5368 5318 5184 5337 5124 5180 5631 5334 4951 5116 5496 5123 5626 5327 4759 5348 5470 4827 5273 5340 5521 5399 4651 4483 4898 5333 5067 5535 5200 5014 5268 5747 4925 5085 5273 5357 4834 5356 5264 4899 5031 5343 5119 5616 5168 5362 5176 5107 5225 4875 5226 4768 4963 5581 4893 5044 5067 5047 5339 5654 5175 5565 4792 5379 5180 5157 4943 5200 5281 5320 5162 4844 5199 5234 5095 5253 4977 5421 4720 5388 5378 5070 5545 5091 5229 5261 5501 5266 5595 5576 5046 5315 5229 5392 5121 4896 5032 4755 5486 5534 4899 4758 5535 4750 5266 5370 5201 4589 5112 5035 4815 5287 5184 5240 5088 5514 5063 5150 5082 5323 5535 5128 4995 5145 5730 5226 5258 5220 5225 5111 5062 5440 5416 5390 5086 5007 4870 4490 4865 4945 5092 5415 5450 4921 4665 4864 5513 4768 4997 4697 4895 4962 5517 4988 5395 5567 5263 5075 5223 5366 5205 5011 4857 5091 5034 4823 4975 5746 5008 5134 4903 5114 4750 4943 5047 5038 5376 5263 5337 5154 5373 5022 5152 5070 5089 4837 5175 5161 5431 4947 5166 5344 4883 5303
5124 5329 4875 4909 5206 4972 5107 5472 4677 4886 5280 5026 5044 5322 4882 4734 4707 4584 5119 5044 4783 4888 5445 5281 4941 4976 5331 4976 5236 4842 4993 4799 5335 5348 5099 4949 4829 5098 5280 5335 5245 4976 5364 4746 4635 5204 4996 5438 5099 5110 5096 4829 4933 5121 5365 4787 4973 5004 5382 5135 4576 4956 4918 4810 4731 5170 5492 5126 5191 4853 4943 4406 4568 5004 4579 5406 5204 4939 5053 4835 5161 5102 4620 5171 5032 4951 5012 5061 4994 5371 5499 4819 4824 5388 4632 5080 5195 5006 4871 4815 5033 5376 5136 4710 5086 5161 5185 5566 5246 5425 5114 5070 5099 5179 5271 5081 5120 4737 5153 5258 4737 5289 5248 4821 5121 5268 5142 5187 4505 4196 4931 5099 5376 5238 5046 5054 5106 5418 5027 5181 5078 5398 4617 5342 5227 4914 4883 5267 4988 5361 5127 5029 5087 4974 5064 4910 5335 4711 5049 5643 4796 5165 5060 4858 5246 5223 4824 5293 4785 5329 4993 5120 4894 5135 5198 4890 5267 5086 4780 5346 4975 5229 5077 5202 4566 5212 5180 5112 5371 5019 5379 5252 5300 5056 5492 5676 5023 5184 5168 5156 4729 5022 5135 4927 5074 5269 4550 4791 5096 4615 5131 5203 4976 4805 5115 4818 4908 5152 5329 5039 5080 5382 4822 5014 5071 5412 5187 5196 5009 5067 5193 5150 4936 4822 5277 4768 4843 5137 5171 5252 5265 5040 5005 5015 4736 4861 4994 5023 5223 4699 4482 4646 5362 4863 4869 4782 4717 4988 5122 4803 5419 5443 5537 5010 5228 5109 4865 5305 4633 4701 5097 4551 4848 5617 4904 5058 4795 5060 4730 4982 4695 5093 5230 5020 5450 4929 5201 4935 5345 4919 4631 4753 4976 5191 4922 4860 5001 4948 4942 5292
5615 5703 5056 5296 5538 5379 5472 6014 5478 5195 5588 5629 5466 5690 5512 5396 5137 4992 5720 5395 5282 5716 6015 5627 5555 5569 5822 5213 5692 5589 5543 5575 5968 5682 5762 5323 5480 5392 5656 5640 5559 5306 5579 5108 5661 5728 5418 5740 5466 5671 5371 5266 5304 5572 5757 5107 5129 5239 6018 5738 4889 5532 5531 5178 5301 6109 5908 5403 5874 5303 5479 5322 5160 5312 5092 5641 5559 5185 5798 5217 5245 5587 5259 5304 5660 5603 6120 5625 5131 5577 5538 5107 5336 5584 5269 5671 5797 5495 5385 5351 5305 5853 5603 5315 5530 5571 5599 6022 5653 5594 5507 5495 5993 5522 5608 5679 5906 5009 5535 5847 5416 5762 5709 5203 5796 5467 5370 5655 5264 4863 5029 5308 5713 5682 5252 5492 5562 6063 5434 5602 5456 5900 5183 5825 5785 5527 5238 5950 5493 6027 5623 5604 5859 5560 5319 5664 5595 5185 5746 5515 5224 5671 5400 5371 5753 5971 5532 5964 4839 5786 5508 5798 5437 5285 5721 5365 5551 5220 5507 5704 5277 5462 5378 5803 5159 5630 6040 5297 5469 5384 5675 5667 5966 5423 6028 5981 5238 5593 5501 5649 5270 5368 5491 5399 5780 5794 5294 5427 5521 5103 5587 5588 5547 5304 5371 5421 5414 5702 5580 5722 5747 5994 5388 5379 5214 5643 5747 5283 5308 5655 6158 5353 5459 5171 5805 5465 5397 5407 5303 5562 5753 5323 5172 4956 5143 5279 5332 5390 5856 5124 4936 5368 5923 5017 5372 4997 5589 5412 5829 5289 5831 5594 5631 5678 5687 5550 5457 5534 5258 5492 5458 5255 5585 6137 5341 5517 5393 5422 5278 5470 5371 5344 5725 5744 5856 5417 5914 5407 5853 5502 5360 5174 5395 5677 5590 5547 5422 5479 5321 5455
5298 5815 4828 5070 5066 5171 4754 5677 4936 4575 5041 5143 4934 5256 4752 5114 4571 4817 5283 5100 5010 4953 5543 5492 5370 4961 5129 5231 5170 5126 5291 4994 5250 5365 5166 5031 4827 4954 5070 5427 5123 5038 5416 4746 4938 5097 4862 5367 5510 4941 5533 5084 5110 5276 5254 4619 4829 4999 5295 5134 4362 5142 5007 4890 4642 5438 5655 5005 5151 5113 5019 5101 4880 4840 4740 5409 5082 5226 5043 4948 5142 5344 5088 5308 5399 5158 5313 5179 4814 5588 5553 5107 5046 5522 4852 5067 5232 5086 5035 4708 4968 5415 5510 4871 5000 5310 4968 5521 5397 5365 5006 5251 5409 5298 5392 5204 5350 4857 5201 5536 4764 5515 5265 4929 5211 5269 5201 5044 4725 4334 4805 4879 5141 5167 5104 5209 5120 5520 5193 4972 5152 5384 4901 5574 5251 4877 5087 5396 4904 5313 5047 5212 5131 5320 5160 5012 5216 4846 4902 5709 4757 5244 5016 5016 5320 5415 5126 5440 4756 5637 5314 5129 4730 4843 5071 5479 5283 5155 5225 5143 5282 5264 4880 5312 4451 4868 5311 5243 5178 4994 5456 5184 5540 4738 5176 5533 5150 5233 5145 4827 5162 4813 5011 4669 5196 5355 4778 4738 5173 4727 5085 5203 5671 4915 4934 5145 5170 5173 5323 5215 5301 5556 4984 5269 4965 5173 5399 5072 5288 5331 5726 5182 5023 5117 5284 4859 5030 4812 5170 5241 5478 5142 5063 4797 4760 4957 5151 4832 5320 4950 4519 4795 5210 4908 4841 4891 5022 5073 5140 4878 5245 5326 5310 4974 5532 5145 4850 5347 4822 5081 4935 4864 4986 5566 5058 5232 4789 5223 4928 4979 4632 4964 5236 5282 5491 5027 5179 4743 5307 5045 5039 4737 5217 5071 5015 5208 5100 4998 5355 5366
5164 4995 4691 4880 4825 4569 4618 5191 5023 4425 4908 5121 4859 5368 5127 4628 4539 4441 4995 4903 4928 4857 5235 5095 5022 4864 5314 4679 4930 4835 4894 4868 5417 5104 4942 4819 4753 4876 5014 5112 4973 4575 5096 4433 4686 4986 4757 5177 4763 4688 4922 4822 4655 4989 4919 4201 4908 4710 5209 4891 4285 5208 4642 4786 4591 5173 5367 4696 5179 4584 4755 4501 4447 4614 4650 5114 4873 4746 4984 4551 4619 4935 4915 4933 4961 5001 5151 4887 4696 5065 4909 4846 4749 4827 4736 4760 4868 4665 4712 4700 4765 5280 5092 4841 4689 5114 4928 5309 5130 5067 4863 4856 5142 5127 5019 4909 4901 4474 5272 5126 4901 4989 5264 4581 5055 5188 4661 4865 4537 4066 4488 4874 4896 5219 4802 4982 4926 5226 4568 4601 4798 5274 4762 5376 5113 4663 4932 5174 5135 5355 4694 4767 5235 4756 4908 4798 5021 4714 5049 5211 4778 5021 4651 4890 5227 5020 4953 5180 4445 5326 5146 5237 4584 5005 5038 4986 4964 4576 4924 5111 4841 4874 4701 5278 4517 4792 5071 4986 5148 4628 5141 4985 5245 4812 5523 5265 4564 5021 4709 4950 4645 4537 5061 4637 4897 4936 4555 4760 4679 4512 5175 5169 5202 4480 4780 4968 4772 4992 5039 5138 4943 5021 5010 4524 4644 5101 4942 4878 5032 4900 5289 5128 4951 4851 5173 4627 4804 4813 4856 4956 4994 4728 4574 4380 4528 4866 4942 4562 5189 4672 4576 4907 5347 4606 4711 4398 4866 4677 5182 4722 5149 5075 5245 5071 4801 4966 4782 4949 4824 4604 4810 4471 4831 5257 4725 5045 4771 5079 4690 4872 4683 4616 5001 5116 5289 5098 5265 4607 5035 5166 4681 4481 5094 4931 4999 4758 4906 5052 5004 4822
5304 5427 4781 5014 5217 5047 5159 5304 5140 4736 5201 5345 5185 5436 4946 5058 4811 4836 5124 5080 5021 5133 5495 5195 5062 5008 5356 4774 5445 5218 5393 5275 5400 5526 5432 5182 4861 5439 5257 5067 5309 4771 5286 4586 5282 5389 4681 5643 5479 4963 5136 4725 5009 5310 5520 4659 5127 5051 5482 5220 4812 5361 4703 5237 4910 5430 5736 5091 4895 4955 4755 4858 4754 5128 4669 5336 5341 4881 5281 4833 5452 5210 4971 5288 5178 4925 5484 5244 4739 5566 5568 5140 5109 5415 4830 5146 5506 5036 5040 4992 5199 5563 5495 4460 5278 5285 5313 5460 5547 5439 5237 5330 5333 5541 5288 5048 5459 4817 5317 5629 5099 5144 5186 4974 5304 5323 5211 5388 4846 4210 4640 5079 5629 5472 5322 5149 5247 5499 4636 5384 5133 5614 4874 5338 5420 5204 4908 5593 5102 5628 5211 5101 5490 5209 5166 4756 5286 4970 5163 5587 4931 5127 5060 4948 5393 5626 4982 5580 4643 5551 5260 5225 5002 5082 5538 5234 4892 5044 5091 4893 5130 5195 5062 5479 4608 5379 5265 5029 5322 5083 5412 5346 5577 4972 5334 5791 5067 5536 5369 5310 5056 4910 5312 4930 5471 5473 4929 4862 5055 4785 5239 5494 5319 4650 5556 5202 5196 5265 5362 5248 5398 5442 5078 5146 5051 5228 5382 5052 5039 5279 5396 5151 5146 5112 5289 4955 4704 5258 5321 5350 5220 5107 4871 5020 4806 4844 5127 4811 5504 4750 4890 5055 5492 4506 5213 4727 5276 5092 5280 5023 5408 5319 5527 5041 5283 5368 5163 5298 4943 4846 5017 4775 5175 5470 5154 5477 5001 4948 4995 5109 5252 5255 5247 4926 5243 5164 5341 4965 5263 5147 5047 4837 5225 5640 5356 5047 5228 4953 4807 5326
5064 5252 4819 4886 5572 5194 5042 5091 5278 4771 5157 5026 5070 5435 5062 5100 4598 4831 5165 5028 5032 5165 5480 5168 5128 4997 5377 5072 5206 5202 5172 5138 5285 5376 4870 4773 4809 5003 5129 4982 5033 5066 5206 4846 4942 5129 5023 5293 5170 4931 5171 4911 4806 5483 5296 4602 4901 4968 5343 5074 4530 4957 5107 4903 5030 5212 5241 5030 5363 4869 4733 4623 4528 4691 4712 5222 5055 4745 5146 4654 5108 5081 4878 4939 4962 5023 5125 5265 4848 5123 5311 4997 4785 5463 4564 5002 5102 5105 4829 4951 4910 5180 5222 5225 5069 5020 5132 5384 5241 5073 4899 5143 5480 5071 4878 5079 5357 4606 5179 5380 5019 5377 5097 4849 5066 5248 5084 5115 5022 4067 4914 4971 5351 4975 4979 5024 5254 5562 5027 5236 4822 5203 4668 5410 5363 4972 5032 5253 5290 5315 5108 5187 5247 5150 5091 5001 5171 4687 5022 5493 4805 5236 5094 5161 5178 5234 5003 5258 4631 5406 5350 5210 4690 5173 5427 5080 5221 4871 5019 5235 4869 5266 4712 5145 4900 5157 5431 5111 5383 4991 4947 5770 5177 5142 5509 5364 4860 5009 5117 5114 4862 5042 5106 4894 5128 5324 4431 4947 5072 4807 5007 5057 5098 4870 4802 5022 5074 5282 5118 5512 5040 5347 5091 4913 4695 5178 5221 5006 5096 5059 5392 5040 5004 5098 5444 4857 4885 5022 4849 5078 5063 5004 4930 4860 4724 4657 4868 5286 5232 4769 4752 4868 4969 4749 4912 4704 5315 5047 5065 4924 5333 5377 5501 5486 5274 5419 4925 5164 4885 5087 4957 4924 4868 5451 5038 5187 4921 4908 5022 4977 4598 5206 4965 5202 5233 5107 5257 5025 5419 5170 5179 4822 4931 5151 5227 5151 5250 5036 4526 5263
5052 5002 4666 4990 5312 5062 5145 5438 4869 5003 5153 4832 5071 5200 5050 5066 4735 4703 5039 5153 4963 4984 5326 5246 4860 4930 5252 4827 5201 4972 5044 4871 5292 5267 5120 4961 4894 4743 5104 4884 5117 4866 5256 4464 4897 5003 4728 5222 5188 4724 5029 4599 4999 5012 5320 4610 4805 4773 5170 5339 4598 5181 4884 4941 5018 5233 5682 5293 5142 4664 4678 4747 4431 4917 4491 5240 5136 4915 4944 4541 4890 5195 4642 4867 4843 4736 5301 4991 4885 5309 5261 4888 5060 5181 4831 4821 5182 4877 4825 4567 4832 5210 5044 4633 5142 4915 5175 5269 5717 5372 4918 4948 5276 5040 4911 5149 5275 4671 5137 5459 4712 5145 5235 4861 5114 5126 5058 4924 4636 4224 4585 5083 5240 5095 4869 5030 5016 5225 4948 4948 5045 5321 4731 5406 5109 4829 5023 5241 4791 5312 5135 4966 4985 4920 5057 4914 5071 4975 4777 5248 4730 4941 5083 4936 5103 5331 4974 5400 4458 5158 4965 5316 4826 5039 5295 4873 5051 4937 4908 4949 5249 5123 4610 5231 4542 4860 5212 5026 5186 4892 4983 5143 5452 5045 5066 5349 4794 5417 5060 5093 5073 4859 5136 4882 5249 5302 4705 5166 4764 4610 5377 5092 5106 4829 4987 5133 4915 4883 5065 5023 5095 5499 4945 5063 4962 5021 5002 4878 4995 5002 5421 5001 4970 5012 5035 4630 4896 4976 4985 4994 5136 4711 4686 4567 4578 4810 4831 4808 5254 4426 4431 4607 5149 4517 4672 4561 5100 4865 5196 5054 5352 5191 5435 5200 5118 5055 4937 5207 4616 4821 4992 4584 4582 5462 5158 5364 4755 4855 5113 5015 4801 5086 5066 4892 5149 5127 5181 4933 5184 5057 4852 4839 4834 5162 4850 4890 4950 4625 4760 5294
5293 5551 4788 5193 5486 5278 4868 5459 5003 5188 5568 4997 5375 5467 4969 5454 4748 4866 5288 5076 5167 5194 5540 5538 5184 4807 5412 5116 5445 5194 5252 5180 5359 5100 5202 5159 4964 4913 5201 5475 5281 4822 5334 4999 5155 5347 5012 5355 5336 5369 5047 4967 5105 5537 5611 4710 5113 4892 5554 5221 4871 5508 4950 5108 4840 5267 5697 5422 5137 4827 4882 4516 5047 4874 4570 5670 5257 5063 5327 4618 5334 5337 5113 5120 4821 4983 5176 5161 4999 5319 5239 5215 4936 5192 4981 5308 5556 5157 4781 4965 5061 5661 5318 5244 5188 5464 5528 5334 5365 5387 4982 5184 5561 5628 5145 5511 5648 5057 5358 5633 5115 5571 5160 4862 5095 5318 5331 5477 4836 4468 4727 5215 5390 5360 5178 5422 5287 5814 5105 5201 5236 5063 5023 5503 5654 5324 5025 5573 5229 5388 5217 5164 5661 5476 5379 4750 5159 4879 5376 5879 4829 5236 5179 5557 5274 5605 5211 5534 4977 5202 5563 5503 5083 5214 5251 5330 5466 5085 4981 5201 5144 5070 4908 5447 4603 5307 5444 5107 5373 5258 5234 5450 5745 5378 5811 5557 5054 5404 5377 5416 5308 5123 5233 4932 5451 5746 4972 4801 5467 4897 5421 5225 5346 4871 5239 5033 5112 5367 5252 5428 5174 5737 5109 5126 4995 5705 5414 5095 4902 5318 5803 5423 5270 5140 5214 5085 5131 5303 5269 5387 5185 5008 4646 4957 5070 5066 5203 5190 5502 5097 4547 4984 5338 4764 5140 5206 5130 5057 5401 5225 5590 5221 5169 5124 5540 5558 5377 5107 5054 5100 4950 4636 5223 5727 4992 5263 5155 5232 4681 5063 4930 5286 5162 4990 5038 5083 5159 5070 5323 5281 5400 4882 5207 5189 5303 5182 5417 5127 4944 5493
5334 5028 4721 4987 5144 5049 5000 5503 4871 4351 5149 5042 5120 5493 5192 4945 4560 4680 5170 5089 4962 5007 5292 5280 5127 4875 5496 4988 5057 4759 4985 4928 5434 5375 5048 4924 4798 5013 5178 5171 5120 4810 5184 4651 4766 5247 4940 5227 5015 4797 5161 4902 4650 5080 5427 4697 5438 4860 5329 5323 4760 5296 5049 4807 5026 5141 5354 5172 4916 4730 4797 4793 4504 4831 4573 5108 5018 4750 5080 4618 4974 5017 4864 5062 4998 4897 5362 5067 4845 4953 5651 4755 4781 5081 4747 5038 5266 4914 4731 4781 4930 5074 4938 5042 5190 5081 5146 5169 5224 5400 5048 5289 5239 5216 5167 4970 5445 4593 5180 5518 5067 5006 5192 4935 5346 4965 5027 5091 4664 4167 4670 4903 5084 5002 4931 5156 4930 5568 5036 4856 5206 5391 4873 5433 5067 5254 4851 5687 5023 5491 5038 4979 5208 5122 4966 4989 5122 4745 5026 5455 4853 5066 4913 5066 5016 5269 4832 5297 4451 5310 5047 5166 4874 5094 5164 5140 5174 4984 4890 5188 4944 4989 4795 5150 4641 4819 5205 4782 5090 4905 5088 5390 5236 5091 5291 5472 4959 5389 5016 4970 4931 4937 4869 4971 5272 5119 4551 4672 4892 4718 4846 5162 4994 4584 5092 4883 4881 5286 5088 5264 5220 5519 4963 5044 5196 5203 4994 5097 4912 5291 5216 5259 4939 5051 5346 4470 4979 5041 5374 5122 5149 4991 4909 4694 4730 4656 4934 4951 5245 4542 4524 4763 5318 4520 4921 4640 4812 4953 5240 4706 5235 5133 5568 4978 5265 5145 4907 5125 4686 4998 4775 4469 4857 5580 4676 5152 4873 5039 4820 4761 4867 5255 4888 5158 5045 4912 5364 5073 5074 5318 5150 4883 5080 5139 5307 5135 4943 4973 4653 5190
5339 5315 4648 5266 5197 4889 5027 5378 5026 5043 4898 5058 5368 5505 4972 5023 4734 4956 5100 5128 4726 5071 5386 5258 4962 4932 5064 5124 5176 4997 5089 4967 5425 5230 5026 5015 4816 4957 5082 5150 4965 4798 5118 4431 5025 5107 4811 5564 4942 4916 4959 5019 5051 5127 5476 4803 4956 4659 5377 5283 4791 5286 5244 4734 4879 5230 5504 5119 5046 4782 5067 4684 4819 4932 4751 5189 4849 4877 5028 4521 4880 5088 4872 5307 5021 4710 5588 5400 4672 5186 5404 5068 4832 5072 4604 4887 5361 5085 5154 4947 4989 5358 5190 4835 5056 5267 5460 5477 4992 5220 4903 5314 5302 5385 5096 5106 5161 5108 5092 5364 4893 5306 5296 4955 5133 4792 5190 5162 4688 4432 4764 4945 5336 5107 5060 4927 4954 5429 5177 5116 4898 5538 4952 5583 5133 4798 4953 5462 5230 5451 5143 5394 5119 5142 5207 5034 5241 4881 5092 5345 4927 5200 5142 4844 5476 5610 4976 5323 4429 5357 4914 5413 4914 5106 5089 5299 5200 5092 5096 5314 5116 4957 4794 5517 4614 5277 5569 4991 5321 5082 5020 5044 5153 4879 5531 5523 4856 5239 5069 5204 4841 4812 5023 5036 5489 5253 4643 4973 5272 4682 5204 5206 5197 4651 5095 5174 4849 5086 5364 5100 5109 5439 5090 5071 5308 4960 5194 4997 4926 5072 5308 5306 5049 5053 5385 4889 4758 5146 5310 5184 5131 5241 4843 4626 4710 4718 5129 4925 5231 4500 4799 5021 5350 4821 4990 4772 5265 4843 5180 4898 5383 5466 5488 5038 5099 5217 4852 5208 4654 4994 4954 4577 4870 5796 5059 5172 4667 5212 4696 5140 4818 4953 5004 4906 5073 4949 5402 5078 5199 5300 5095 4600 5164 5080 5208 4828 5160 5264 4726 4989
5354 5416 4632 4967 5010 4883 4878 5252 4922 4812 5398 4909 5028 5326 5004 5011 4737 4583 5237 5218 5239 5183 5611 5198 5206 4751 5540 4813 5351 4942 5187 4939 5161 5405 5100 4857 5155 4865 5256 5085 5141 4605 5294 4523 4984 5201 4769 5445 5243 5069 5015 4738 4708 5456 5049 4675 5053 4810 5366 5285 4473 5159 4733 4957 4741 5105 5379 5326 5025 4920 4508 4609 4597 4727 4744 5121 4940 4970 4921 4748 5153 5128 4886 4967 4967 4923 5307 4911 4906 5317 5163 4787 5308 5169 4945 4929 5157 5058 5100 4660 4812 5377 5219 4747 5126 4842 5237 5449 5184 5630 4921 5155 5226 5441 4991 5122 5374 4911 5188 5458 5083 5226 5277 4830 5358 5333 5261 5175 4749 4281 4805 4890 5174 5365 5164 4925 5256 5188 4896 4810 5054 5452 5081 5444 5359 5282 5204 5587 5057 5453 4932 5103 5514 4870 5074 5164 5256 5101 4911 5574 5146 5281 4932 4896 5312 5157 4986 5525 4447 5210 5173 5360 4860 5079 5002 4918 5248 4971 4948 5088 4906 5364 4670 5123 4558 5155 5561 4975 5257 5118 5185 5177 5435 4953 5439 5321 4869 5232 5177 5135 4817 4875 5164 4947 5204 5172 4636 4915 5009 4616 5192 5162 5376 4702 5061 4970 4952 5131 5211 5474 5198 5262 4872 5152 4942 5265 5225 4914 4856 5055 5663 5073 4983 4955 5421 5000 5045 5030 5077 5352 5008 5122 5017 4809 4687 4691 5052 5078 5375 4668 4822 4908 5271 4809 4833 4657 5272 5055 5390 4874 5468 5108 5372 5201 5226 4939 4796 5054 4820 5021 4839 4833 5232 5654 5077 5120 4825 4620 4803 5044 4987 4847 5013 5235 5273 5015 5263 4635 5262 5431 5241 4924 5160 5210 5124 5167 5231 5185 4817 5249
5758 5458 4809 5556 5679 5505 5345 5691 5465 5127 5439 5728 5411 5874 5382 5181 5075 5275 5437 5521 5408 5369 5581 5745 5222 5356 5800 5383 5660 5361 5364 5284 5723 5590 5628 5276 5381 5312 5629 5606 5430 5240 5540 4961 5535 5591 5435 5504 5495 5152 5515 5245 5294 5678 5838 4960 5519 5352 5846 5512 5054 5518 5213 5276 5148 6065 6001 5625 5578 5244 5185 5132 5097 5350 4962 5416 5398 5841 5615 4953 5553 5223 5238 5613 5652 5484 5687 5561 5351 5718 5697 5300 5354 5827 5082 5469 5510 5514 5344 4992 5369 5566 5739 5104 5711 5327 5547 5910 5626 5573 5339 5622 5693 5532 5740 5419 5514 5226 5760 5643 5227 5601 5670 5556 5688 5574 5459 5566 4993 4388 5160 5231 5604 6043 5337 5594 5796 5919 5306 5334 5476 5821 5316 5685 5897 5492 5438 5592 5542 5636 5489 5573 5622 5612 5454 5279 5690 5112 5274 5932 5089 5587 5148 5429 5528 5892 5558 5841 5243 5676 5655 5651 5036 5561 5307 5591 5524 5308 5349 5316 5511 5463 5205 5677 4939 5378 5908 5376 5651 5281 5709 5571 5884 5421 5599 5929 5283 5455 5629 5448 5142 5150 5423 5226 5436 5834 5060 5451 5360 4840 5333 5534 5704 5001 5542 5579 5358 5597 5638 5355 5611 5703 5521 5319 5356 5532 5563 5209 5165 5431 5776 5537 5198 5333 5813 5266 5184 5476 5339 5527 5570 5469 5104 4958 5105 5232 5185 5371 5748 4767 4953 5468 5612 5163 5298 4977 5666 5540 5495 5408 5716 5656 5861 5614 5457 5326 5459 5372 5152 5521 5328 5119 4970 5903 5305 5478 5121 5510 5287 5209 5341 5291 5583 5502 5747 5538 5969 5478 5777 5341 5335 5018 5592 5327 5696 5335 5389 5382 5097 5559
5796 5902 5546 5689 6014 5797 5528 6321 5717 5230 5964 5947 5761 6344 5926 5786 5225 5503 5763 5745 5545 5668 6101 6193 5886 5614 6123 5706 5873 5657 5920 5495 5925 6065 5922 5568 5588 5762 5824 6067 5700 5505 5846 5430 5457 5970 5529 5941 5784 5397 5874 5849 5516 5994 6052 5121 5790 5358 6092 5578 5453 5962 5572 5552 5577 6026 6165 5813 5870 5553 5579 5435 5320 5305 5286 5947 5757 5677 6083 5019 5874 5669 5511 5757 5663 5441 6067 5955 5530 5809 6015 5572 5721 5904 5233 5659 5842 5709 5653 5500 5595 5872 5792 5660 5683 5917 5955 5972 5969 6122 5524 5987 5886 6031 5581 5803 6119 5542 5969 6077 5511 5977 6096 5505 5967 5628 6045 5851 5313 4738 5487 5438 6259 5833 5520 5774 5968 6062 5544 5670 5559 5804 5534 6132 6116 5708 5540 6414 5718 5999 5664 5721 6195 5800 5893 5502 5897 5471 5702 6260 5306 5864 5578 5937 5776 6073 5639 5971 5232 5828 5870 5681 5439 5877 5734 5700 6229 5554 5531 5643 5684 5613 5578 5984 5268 5882 5888 5738 6028 5738 5879 6114 5946 5705 6383 6384 5663 5773 5770 5816 5577 5625 5644 5717 5961 5987 5159 5355 5745 5266 5863 5925 6070 5163 5945 5834 5689 5935 5827 6018 5975 5992 5767 5838 5524 5697 5776 5841 5662 5726 6149 5821 5860 5638 6124 5442 5663 5564 5781 5786 6015 5418 5223 5268 5266 5431 5711 5656 6037 5263 5414 5489 6023 5161 5585 5387 5861 5637 5860 5796 6130 6019 6411 5992 5905 6128 5710 5941 5975 5425 5771 5368 6048 6243 5458 5793 5699 5406 5324 5794 5376 5650 5855 6030 5828 5540 5912 5494 5818 6074 5641 5138 5594 5644 5783 5655 5971 5676 5679 5874
5494 5883 4980 5275 5722 5530 5319 5841 5521 4913 5523 5528 5497 5906 5620 5475 5205 5131 5578 5676 5300 5658 5900 5850 5613 5490 5754 5464 5547 5357 5603 5506 5651 5756 5618 5546 5364 5434 5735 5717 5748 5386 5717 5171 5523 5865 5045 5753 5709 5171 5234 5166 5125 5579 5790 4983 5476 5396 5759 5168 5112 5904 5659 5035 5507 5704 6111 5404 5678 5375 5482 5029 5305 5326 5031 5414 5437 5323 5582 5180 5306 5763 5345 5366 5497 5464 5811 5590 5058 5678 5915 5388 5522 5624 5215 5500 5831 5409 5283 5247 5166 5718 5816 5126 5605 5501 5640 5827 5882 5811 5444 5551 5774 5700 5493 5555 5711 5201 5768 6023 5342 5546 5409 5639 5569 5551 5728 5750 5223 4586 5178 5236 5815 5608 5450 5696 5859 5881 5214 5390 5301 5828 5138 5832 5892 5651 5222 5925 5484 6068 6035 5806 5865 5593 5510 5648 5855 5420 5623 6209 5174 5340 5431 5355 5523 5686 5496 5774 5316 5682 5425 5704 5367 5660 5362 5358 5613 5479 5372 5642 5518 5538 5228 5611 4756 5551 5818 5442 5582 5704 5611 6028 5933 5487 5926 5955 4997 5767 5435 5498 5505 5259 5432 5247 5636 5849 5257 4974 5480 5192 5527 5811 5971 5008 5522 5400 5524 5650 5552 5657 5540 5880 5690 5691 5305 5839 5578 5348 5220 5593 5762 5523 5531 5691 5861 5206 5604 5675 5840 5597 5489 5329 5162 4989 4947 5075 5449 5592 5605 5440 5072 5236 5946 4999 5372 4948 5409 5386 5671 5332 5915 5624 5729 5277 5868 5761 5459 5801 5264 5404 5383 5069 5315 5835 5341 5847 5334 5363 5296 5342 5227 5463 5432 5432 5640 5246 5660 5186 5741 5844 5519 5348 5521 5589 5585 5712 5562 5400 5394 5696
5127 5021 4801 4830 5143 4740 4670 5390 4874 4699 5041 5150 4939 5377 4960 5003 4551 4422 5047 5038 4670 5196 5363 4900 4884 4645 5076 4886 5406 4923 5063 4964 5099 4872 5011 4657 5063 5085 5121 5189 4935 4776 5162 4643 4994 5170 4629 5175 5085 4805 4888 4588 4663 4970 5161 4398 4760 4834 5533 4913 4622 4868 4840 4949 4872 5387 5271 4906 4898 4764 4653 4619 4455 4676 4468 5015 4762 4755 5107 4394 4762 5082 4826 4827 4867 4872 5460 5031 4653 5177 5260 4898 4679 4785 4734 4964 5127 4895 4763 4767 4735 5179 5418 5063 4914 5060 4921 5058 5327 5142 4671 4985 5245 5017 5141 4943 5171 4561 5247 5261 4530 5206 4968 4718 5105 4906 5172 5244 4648 4100 4654 4876 5048 5077 4872 4875 4889 5461 4907 4856 4997 5195 4773 5067 5217 4861 4758 5398 5011 5333 5281 5200 5059 4977 4935 4871 5191 4687 5001 5423 4740 4984 4675 5042 5155 5227 4947 4965 4518 5061 5149 5145 4679 5010 5120 4711 5246 4934 4992 4905 5018 5106 4691 5178 4560 5054 5014 4838 5385 4685 5027 5071 5447 4859 5282 5487 4504 5167 4789 4939 4732 4793 4969 4363 5264 5101 4592 4621 4989 4696 5030 4873 5201 4446 4832 5172 4835 5060 4838 5225 5002 5478 4819 5034 4831 5030 4871 4805 4745 5174 5507 5011 4968 4799 5069 4736 4904 4955 5096 5074 4926 4816 4575 4506 4381 4354 4889 4832 5143 4513 4368 4706 5269 4309 4707 4615 5067 4946 5130 4617 5045 5343 5296 5055 5007 5201 5007 4844 4569 4913 4985 4456 4883 5304 4871 5215 4789 4688 5008 5018 4696 4795 4978 4876 5024 4791 5095 4755 5024 5141 4806 4638 4950 5018 4937 5072 5123 4902 4876 5049
5346 5618 4936 5155 5551 5435 5305 5830 5379 5090 5595 5279 5461 5634 5283 5337 5022 4958 5503 5412 5053 5690 5888 5709 5324 5202 5376 5265 5681 5542 5597 5584 5795 5300 5367 5078 5282 5366 5358 5504 5733 5052 5588 5005 5146 5485 4935 5729 5404 5459 5285 5131 5282 5346 5652 4921 5004 5233 5733 5271 4850 5794 5228 4878 5163 5675 5798 5372 5525 5342 5168 5141 4895 5240 4948 5564 5262 5421 5345 5050 5361 5669 4910 5539 5275 5271 5814 5448 5074 5412 5547 5072 5017 5356 5398 5415 5583 5397 5053 5407 5199 5613 5595 5300 5302 5485 5612 5704 5815 5548 5258 5437 5863 5528 5535 5549 5716 5054 5546 5658 5151 5617 5274 5098 5308 5434 5445 5595 5214 4589 5101 5346 5586 5748 5431 5299 5537 6027 5342 5358 5483 5669 5258 5576 5629 5402 5467 5682 5488 5794 5569 5467 5514 5440 5531 5301 5418 5123 5436 6065 5152 5590 5463 5274 5674 5935 5353 5739 4802 5674 5374 5655 5200 5748 5484 5411 5612 5140 5308 5527 5323 5267 5270 5650 4927 5682 5848 5291 5779 5543 5333 5658 5741 5338 5872 5587 5084 5356 5231 5633 5249 5146 5396 5215 5641 5719 5055 5091 5608 5243 5318 5629 5471 5051 5345 5387 5268 5401 5418 5565 5605 5808 5363 5505 5317 5444 5696 5389 5207 5443 5815 5606 5362 5493 5665 5565 5073 5450 5541 5537 5427 5270 5090 4958 4857 4946 5366 5276 5560 4827 4765 5141 5735 4816 5153 5049 5480 5251 5602 5333 5774 5617 5569 5435 5731 5789 5452 5467 5093 5531 5219 4809 5156 6110 5472 5408 5205 5080 5314 5235 5170 5300 5444 5165 5497 5380 5551 4972 5591 5714 5624 5138 5457 5586 5565 5340 5542 5341 5354 5458
4747 5119 4522 4669 5022 4870 4689 5223 4661 4425 4889 4863 5142 4928 4606 4879 4453 4799 4775 4736 4610 4882 5346 4867 4510 4533 4880 4808 4879 4808 4964 5109 5178 4945 4860 4835 4670 4575 5076 5099 4871 4755 5224 4603 4791 5060 4279 4939 5069 4711 4833 4743 4648 5079 5140 4664 4447 4808 5000 4898 4479 4916 4608 4710 4487 5111 5248 4764 4896 4657 4537 4720 4567 4459 4480 4642 4905 4810 4795 4507 4985 4960 4209 4816 4814 4509 5048 4775 4654 5196 4925 4729 4692 5079 4679 5080 5067 4794 4927 4534 4753 4955 5078 4545 4896 5103 5222 5180 5175 4987 4583 4926 4969 5174 4764 4806 4991 4498 4941 5548 4747 4981 5077 4644 4791 5101 5001 4737 4459 4058 4517 4875 4952 4914 4771 4767 4995 5142 4773 4868 4746 5117 4634 5183 4940 4663 4559 4991 4838 5237 4963 4930 5073 4759 4987 4449 4695 4785 4843 5172 4620 4966 4779 4736 5117 4840 4748 5128 4460 4980 4721 4715 4752 4838 4806 4739 5007 4633 5036 5051 4979 4920 4793 5102 4410 5091 5034 4846 5265 4748 5013 4775 5267 4876 5057 5330 4855 4729 4957 4811 4532 4773 4878 4378 5062 5100 4654 4525 4648 4473 4868 5171 5116 4604 4873 4970 4762 4797 4926 5056 4790 5159 4522 4857 4745 5064 4804 4773 4812 4669 5181 4766 4762 4721 5098 4708 4486 4917 4965 4827 4644 4681 4770 4368 4483 4402 4919 4487 5120 4500 4394 4628 5158 4547 4842 4559 4871 4742 4858 4856 5295 4630 5068 5100 4965 4936 4789 5206 4840 4812 4660 4801 4622 5216 4704 4964 4651 4771 4719 4641 4709 4901 4869 4622 4913 4576 5049 4278 5023 5100 4928 4662 4667 4884 4957 4701 4818 4660 4631 4865
5323 5115 4837 5132 5243 4849 5074 5484 5142 4937 5332 5239 5127 5438 5090 4797 4600 4869 5065 5214 4872 5270 5690 5366 5252 5011 5501 4981 5408 5200 5228 5329 5549 5127 5155 4899 4865 5138 5379 5302 5360 4905 5492 4849 4950 5300 4989 5166 5422 5144 5256 5045 4838 5360 5257 4844 4866 5092 5401 5202 4615 5074 5045 4892 5094 5347 5773 5164 5270 4940 4708 4768 4874 5037 4540 5164 5002 4863 5248 4687 5067 5140 4761 4990 5075 4775 5415 4920 4892 5388 5389 5021 4991 5413 4809 5069 5296 4992 5084 4856 4718 5397 5418 4920 5288 5245 5170 5520 5370 5387 5168 5116 5470 5065 5097 5387 5194 4564 5246 5510 5034 5125 5258 5016 5316 5250 5153 5370 4806 4410 4802 5325 5266 5271 5020 5174 5260 5528 5139 5058 5168 5237 5025 5518 5365 4930 4988 5373 5588 5252 5239 4921 5446 5004 5138 5212 5355 4921 4892 5551 4758 5188 4798 4943 5356 5496 4961 5183 4564 5327 5467 5466 4793 5181 5089 5220 5236 5035 5106 5102 5402 5108 4881 5352 4382 5202 5449 5105 5483 5003 5167 5282 5824 4985 5474 5675 4865 5164 5190 5295 5026 4919 5293 4858 5058 5451 4665 5000 5014 4719 5096 5402 5293 5003 5042 4861 5168 5280 5365 5385 5398 5512 5070 4984 5248 5313 5221 5037 4966 5079 5636 5128 5155 4850 5313 4884 5236 5046 4978 4997 5138 4942 4900 4746 4657 4961 4915 4835 5224 4788 4744 4950 5537 4608 4994 4650 5271 4974 5419 4832 5234 5245 5597 5243 5221 5032 4971 5164 4765 5376 4852 4565 5101 5784 4932 5339 4815 5079 4718 5091 4795 5196 5156 5310 5638 5080 5263 4692 5241 5105 5106 4800 4968 5477 5195 5045 5016 5170 5083 5426
5597 5790 5203 5552 5765 5453 5332 5967 5631 4878 5881 5682 5828 6012 5405 5620 5201 5271 5541 5563 5622 5706 6030 5984 5620 5395 5904 5538 5920 5577 5848 5612 5864 5784 5511 5422 5455 5340 5638 5714 5569 5197 5757 5169 5566 5819 5168 5759 5817 5534 5445 5368 5264 5716 5927 4975 5470 5378 5968 5474 5113 5908 5412 5520 5378 6056 6034 5689 5691 5500 5297 5063 5301 5176 5116 5718 5530 5398 5274 5277 5550 5765 5375 5634 5593 5361 5850 5736 5385 5906 5849 5337 5185 5640 5443 5564 5649 5360 5301 5214 5053 6071 5598 5472 5464 5621 5569 5855 5779 5748 5403 5620 5780 6004 5516 5635 5926 5314 5993 6057 5376 5605 5618 5339 5747 5831 5882 5793 5195 4751 5443 5477 6046 5795 5569 5549 5605 6243 5464 5221 5597 5672 5319 5813 5880 5547 5527 5903 5717 6023 5601 5469 5624 5820 5661 5315 5447 5312 5734 6025 5373 5725 5744 5584 5798 5817 5608 5838 5042 5820 5780 5833 5410 5654 5724 5798 5681 5376 5522 5391 5591 5549 5185 5660 5302 5449 5832 5603 5471 5583 5421 5815 5877 5849 5750 6030 5430 5565 5581 5783 5549 5319 5709 5273 5526 5939 5007 5046 5493 5157 5504 5981 5773 5069 5618 5280 5262 5587 5697 5948 5699 5951 5613 5457 5450 5882 5754 5231 5615 5440 5896 5711 5452 5649 5891 5543 5814 5533 5652 5432 5507 5303 5164 5149 5387 5328 5620 5582 5872 5338 4788 5440 5980 5260 5348 5361 5501 5598 5939 5551 5742 5901 5895 5504 5863 5627 5672 5445 5107 5415 5336 5094 5199 6103 5412 5542 5321 5421 5519 5589 5402 5414 5766 5472 5674 5551 5550 5235 5633 5641 5576 5384 5652 5642 5739 5462 5516 5393 5183 5832
5206 5156 4839 5124 5360 5172 5040 5478 5245 4440 5342 5081 5216 5273 4962 5100 4424 4659 5265 5156 4916 5270 5412 5462 5169 5201 5432 4985 5275 5061 5108 4988 5091 5221 5113 4980 4691 5144 5220 5293 5165 4747 5220 4774 5050 5493 4987 5353 4917 4994 5361 4963 4571 5234 5437 4507 4830 4933 5307 5079 4692 4936 4824 5089 4948 5581 5437 4999 5230 4984 4898 4681 4516 4860 4436 5286 5062 5189 5206 4681 5305 5184 4726 5358 5048 4897 5029 5123 4813 5326 5408 4676 4757 5040 4761 5224 5171 5330 4619 4821 5091 5393 5273 4811 5213 5076 4876 5293 5320 5218 5001 5260 5431 5182 5026 5202 5361 4866 5172 5397 4912 5214 5213 4789 5267 5366 5269 5288 4885 4168 4923 5045 5350 5222 4731 5137 5470 5631 5072 5029 4872 5205 4953 5170 5436 5043 4892 5316 4906 5359 5119 5105 5393 5225 4919 4877 4998 4874 5258 5819 4858 5049 5179 4970 5118 5436 4831 5222 4724 5377 5388 5006 4994 5122 5218 5201 5152 4868 5206 5188 5052 5235 5036 5438 4632 5452 5315 5037 5194 5048 5121 5415 5647 5254 5439 5687 4984 5152 5263 5176 4838 4893 5344 4856 5163 5529 4426 5008 5029 4627 5165 5068 5548 5003 5018 4971 5117 5198 5214 5201 5143 5368 5188 4951 4906 5361 5230 5027 4724 5054 5439 5227 5216 4927 5229 4913 5130 4856 5149 5087 5367 4892 4811 4852 4790 4850 4869 5060 5424 4684 4679 4788 5306 4656 4735 4657 5087 5177 5330 4997 5309 5328 5560 5034 5192 5290 4983 5146 5033 5013 5077 4826 4900 5662 4842 4821 4722 4923 4948 5077 4712 4901 5155 5280 5220 5132 5242 4887 5102 5061 5023 4763 4940 5044 5320 5161 5005 5339 4833 4935
5149 5192 4828 5065 5305 5020 4930 5442 4659 4742 5145 5134 5140 5245 4982 4978 4642 4692 5495 4957 4811 5297 5307 5191 5061 5001 5303 4884 5297 4984 5145 4997 5174 5332 5114 4860 4871 4951 4853 5195 5038 4925 5275 4626 4993 5021 4803 5250 5093 5063 5034 4854 4789 5094 5213 4431 4881 4885 5312 4922 4703 5310 4926 4977 4717 5578 5758 5109 5274 4807 4947 4687 4609 4913 4748 5292 5294 5011 5051 4644 4881 5117 4821 5131 5350 4849 5539 5083 4793 5427 5412 5015 4821 5332 4921 5151 5141 5114 4762 4879 4958 5221 5174 4748 5055 4966 5076 5557 5331 5403 4862 4983 5475 5383 5246 5067 5112 4803 5175 5396 4793 5174 5214 4845 5128 5093 5015 5413 4667 4221 4685 5041 5367 5216 4919 5102 5008 5648 5160 4777 5253 5254 4894 5335 5389 5077 4769 5501 5087 5440 5311 5315 5227 4955 5510 5073 5047 4938 5115 5416 4979 5051 5079 5040 5130 5531 4847 5145 4814 5336 5091 5415 4834 5044 4847 5135 5185 5097 4943 5178 4960 5277 4943 5443 4906 5218 5428 4931 5371 4810 5341 5105 5423 5097 5341 5468 4961 5090 5203 5092 4851 5009 4898 4819 5089 5363 4637 4941 4915 4676 5254 5066 5233 4657 5319 4815 5133 5355 5286 5356 5166 5381 5293 5070 4798 5133 5325 4886 4791 5072 5319 5009 5252 4890 5274 4810 5310 5159 5344 5282 5373 5097 4963 4651 4726 4728 5303 5024 5331 4628 4570 4928 5285 4668 4776 4551 5091 5073 5263 5030 5504 5448 5328 5108 5348 5029 4762 5133 4790 4939 4912 4688 4900 5557 4942 5231 4882 5171 4965 5054 4867 4963 5033 5057 5308 5339 5455 5139 5453 5178 4895 4663 5073 5447 5095 5132 5064 4934 4990 5162
5481 5592 5201 5680 5591 5536 5435 5730 5608 4991 5585 5476 5475 5905 5348 5253 4896 5005 5676 5522 5304 5652 6078 5845 5660 5362 5645 5288 5582 5265 5694 5575 5755 5654 5525 5404 5339 5336 5559 5719 5630 5492 5682 4926 5351 5532 5208 5759 5759 5301 5522 5183 5368 5719 5807 5046 5608 5121 6059 5771 5105 5559 5275 5321 5374 5811 6022 5480 5516 5289 5263 5249 5117 5433 5062 5617 5411 5628 5255 4884 5325 5537 5363 5409 5248 5568 5649 5407 5301 5771 5636 5194 5611 5747 5118 5237 5439 5510 5471 5381 5362 5605 5662 5090 5527 5147 5443 5828 5633 5795 5356 5455 6068 5566 5375 5893 5672 5209 5487 5958 5431 5890 5584 5235 5630 5669 5414 5584 5085 4607 5162 5243 5683 5710 5300 5373 5811 5808 5372 5605 5259 5577 5301 5649 5923 5474 5492 5657 5365 5963 5605 5576 5884 5483 5520 5280 5655 5390 5599 6027 5157 5495 5338 5502 5498 5739 5339 5903 5175 5920 5684 5685 5240 5612 5447 5612 5646 5495 5394 5651 5434 5641 5223 5719 4830 5776 5625 5466 5680 5585 5634 5714 6001 5566 5884 5800 5410 5570 5726 5713 5529 5172 5508 5408 5806 5685 5079 5369 5362 4901 5390 5658 5585 5008 5522 5587 5530 5611 5336 5534 5526 5991 5455 5490 5479 5853 5689 5298 5264 5567 5857 5458 5476 5526 5655 5503 5052 5691 5785 5532 5479 5292 5383 5033 5191 5436 5317 5657 5906 5165 5087 5323 5645 5053 5428 5093 5702 5440 5646 5191 5781 5439 5927 5381 5833 5608 5745 5636 5375 5597 5337 5036 5155 6014 5059 5758 5221 5340 5408 5373 5365 5375 5365 5501 5465 5321 5693 5109 5565 5566 5538 5319 5604 5644 5560 5344 5700 5366 5262 5722
5938 6081 5762 5720 6138 5810 5464 6118 5719 5587 6049 5722 5985 6084 5730 5707 5211 5383 5750 6015 5417 5756 6101 5945 5804 5564 5829 5713 6001 5798 5707 5703 6037 5604 5865 5528 5582 5586 5972 6065 5927 5560 5843 5431 5714 5968 5464 6154 5944 5941 5634 5603 5665 6005 6147 5390 5602 5479 5996 5720 5290 5882 5693 5564 5240 5885 6020 5881 5688 5390 5360 5113 5463 5506 5206 5818 5823 5642 5613 5708 5863 6128 5617 5727 5741 5322 6194 6190 5512 5963 5927 5619 5510 5992 5434 5833 6052 5812 5684 5636 5404 6071 5948 5674 5818 6106 5847 6308 6217 6069 5684 5870 5913 6196 5665 5886 5921 5415 5791 6276 5829 6165 6107 5454 5805 5827 5962 6169 5566 4782 5450 5807 5908 6055 5514 5779 6043 6130 5645 5756 5673 6095 5505 6185 6241 5614 5527 6030 5760 6097 5799 5887 6100 5679 5869 5508 5886 5570 5730 6190 5587 5889 5732 5648 5931 6239 5530 6168 5137 5833 5958 6015 5594 5768 5868 5873 5822 5579 5543 5953 5761 5738 5492 5958 5297 6168 6183 5521 6034 5797 6009 6085 6175 5739 6179 6377 5207 6082 5648 5934 5414 5589 5926 5544 6022 5965 5445 5444 6104 5481 5778 6026 5987 5368 5858 5734 5566 5984 5843 5748 5867 6257 5883 5597 5425 5910 5893 5766 5518 5970 5995 5586 6006 5551 5962 5701 5816 5695 5855 5687 5686 5754 5363 5355 5360 5494 5573 5483 6049 5588 5265 5591 6199 5317 5390 5336 5933 5732 5771 5634 6259 6023 5934 6023 6083 5965 5691 5837 5521 5580 5607 5235 5568 6259 5592 6098 5627 5517 5624 5588 5512 5878 5843 6104 5995 5672 6002 5528 5781 5853 5707 5294 5794 5781 5972 5706 5868 5676 5291 6126
5063 5263 4680 4834 5365 5181 5055 5410 4883 4738 5152 5138 5099 5252 4876 5022 4698 4593 5105 5221 5065 5145 5357 5261 5072 5092 5033 4848 5298 4981 5093 4808 5037 5135 5348 4849 5024 5208 5159 5366 5208 4988 5043 4731 4883 5180 5038 5458 5162 5047 4899 4996 4887 5128 5397 4649 4867 4883 5608 5175 4509 4985 4889 4733 4559 5116 5358 4953 4847 4741 4810 4891 4587 4907 4572 5293 5215 5067 4984 4710 4985 4884 4659 5047 4951 4864 5421 5346 4596 5557 5581 4901 4741 5214 4673 5138 5269 5104 4903 4941 4911 5366 5202 4919 4989 5209 5148 5317 5449 5314 4993 5229 5301 5209 5047 5127 5402 4797 5140 5509 4968 5161 5071 4956 4986 4862 5103 5064 4821 4216 4561 4994 5066 5248 5074 4905 4933 5449 4857 5139 4821 5466 4604 5330 5189 4972 4737 5588 4928 5327 5105 5140 5157 5073 5116 4937 5338 4570 5014 5508 5079 4966 5028 4859 5200 5351 4979 5524 4725 5400 5145 5073 4872 5122 5355 4899 5148 4880 4938 5174 4949 5008 4732 5318 4751 5200 5316 5173 5049 4823 5220 5156 5276 5176 5564 5327 4850 5107 5117 4886 4799 4717 4814 4906 5272 5591 4648 4931 5050 4625 4905 5004 5263 4804 5148 5013 4967 5116 5176 5077 5300 5335 5012 5230 4881 5259 5076 5036 5002 5051 5338 5072 4970 4800 5471 4537 5058 5298 5128 4978 5246 4986 4846 4752 4763 4469 4885 4958 5421 4762 4431 4783 5487 4566 5089 4637 4906 5007 5221 4620 5181 5361 5419 4962 5151 5182 4963 4952 4772 4990 4862 4652 5013 5620 4749 4917 4872 5070 5019 5018 4774 5054 5395 5075 5158 5185 5570 4880 5340 5134 4954 5025 4882 5070 5043 5020 5095 4973 4970 5606
5187 5400 4664 5157 5449 4995 5106 5370 4992 4821 5248 5037 5496 5306 5016 4907 4503 4706 5072 5118 4864 5176 5259 5452 5011 4928 5523 4856 5152 4992 4941 5052 5260 5190 5373 4979 4993 5105 4961 5517 4887 5005 5166 4760 5065 5070 4836 5392 5179 5074 5103 5171 5053 5377 5520 4594 5036 4926 5492 5140 4716 5056 4897 4904 4783 5145 5292 5484 5006 4796 4743 4696 4616 4717 4730 5057 4960 4917 5123 4768 5114 5046 4775 4844 4982 4937 5052 5018 4886 5405 5457 5066 5039 5524 5007 5159 5257 4893 5044 4940 4995 5266 5419 4694 5310 5019 5107 5456 5281 5251 4799 5309 5518 5174 4741 5269 5263 4757 5124 5558 5085 5330 5266 4878 5381 4985 5382 5545 4955 4218 4619 5142 5229 5320 5122 5201 5289 5547 4975 4971 5001 5160 4621 5549 5516 5338 4653 5517 5244 5463 5475 5165 5549 5045 5137 4782 5285 4703 5127 5417 5007 5070 4698 5193 5241 5375 4840 5254 4563 5412 5488 5177 4803 5257 5011 5141 5183 4922 5116 5065 4854 5110 4734 5163 4875 5370 5589 4933 5535 5032 5206 5505 5168 5002 5516 5503 4948 5036 5334 5047 4963 5085 5153 4884 5317 5354 4727 4921 4953 4680 5157 5137 5242 4615 4975 5202 5084 5119 4968 5459 5103 5406 5239 5168 4878 5685 5139 4944 4708 5201 5446 5123 5162 4993 5347 5005 4982 5296 4973 4952 5201 5033 4629 4675 4925 4720 5067 5329 5402 4767 4898 4749 5290 4660 4954 4526 5153 5306 5151 4786 5673 5347 5347 5146 5391 5068 4883 5060 4881 5043 4732 4626 4897 5664 4707 5523 4901 4858 4748 4955 4927 5127 5351 5066 5106 5178 5364 4924 5312 5103 5309 4856 4967 5148 5340 5051 5176 5018 4669 5380
5175 5153 4762 5272 5331 5052 4824 5610 4994 4670 5302 5237 5149 5467 5035 5095 4596 4922 5216 4868 4833 5333 5617 5492 5120 4992 5393 4754 5419 5149 5152 5090 5280 5313 5143 5001 5158 4963 5319 5275 5178 4919 5536 4876 5023 5358 4854 5205 5161 4886 5318 5003 4902 5063 5537 4604 5111 4689 5597 5160 4891 5172 5293 5042 5270 5586 5695 5245 5201 5179 4969 4909 4738 4780 4637 5036 5157 4875 5094 4740 5188 5313 5235 5184 5224 5179 5367 5082 4787 5231 5425 5169 5192 5071 4713 5037 5436 5063 4834 5087 5028 5332 4973 5119 4968 5205 5127 5596 5302 5243 5142 5327 5284 5630 5248 5088 5462 4648 5345 5615 4836 5235 5125 4884 5255 5340 5298 5150 4803 4345 4612 5063 5318 5363 5085 4936 5233 5483 5075 5005 5219 5375 4664 5541 5411 4802 4859 5474 5358 5586 5075 5045 5287 5285 5034 4969 5287 4807 5191 5458 4762 5138 5306 5350 5243 5395 5226 5469 4705 5408 5110 5354 4875 5097 5376 5192 5220 4958 5247 5200 5033 5104 4800 5373 4802 5187 5308 5003 5175 5113 5156 5210 5612 5311 5134 5352 5010 5254 4976 5181 5146 4979 5318 5094 5388 5485 4729 5217 5200 4919 5330 5157 5417 4534 5194 5104 5273 5184 5359 5367 5267 5492 5068 5243 5246 5316 5151 4743 5020 5218 5665 5270 5240 4936 5358 5018 4989 5035 5287 5165 5326 4791 4821 4676 4849 4670 4878 4916 5291 4849 4426 4815 5506 4614 4795 4705 5185 5081 5304 4862 5383 5359 5440 5083 5340 5444 5176 5241 4670 5180 5000 4807 4953 5617 5091 5399 5083 4897 4971 5083 5054 5206 5372 5293 5282 5035 5168 5093 5362 5406 5266 4936 5229 5275 5052 5110 5082 5076 5149 5214
5230 5540 4551 5191 5120 5191 5050 5537 5011 4925 5316 5124 5324 5616 5075 5310 4684 4834 5115 5160 4796 5172 5504 5504 5281 4940 5310 5073 5300 4928 5212 5138 5448 5349 5329 5073 5160 5129 5254 5505 5405 4853 5055 4719 5114 5423 5038 5383 5249 4912 5012 5101 5123 5417 5549 4772 4955 4755 5745 5524 4931 5086 5040 4790 5042 5400 5528 5223 5006 4977 5151 5015 4644 4830 4665 5214 5189 5031 5159 4651 5207 5133 5149 5096 5162 5213 5508 5184 4850 5207 5130 4856 5036 5301 5006 4904 5338 5218 5242 5018 5058 5423 5371 5021 5140 5122 5330 5470 5394 5619 4899 5145 5554 5392 5284 5305 5337 5187 5216 5505 5099 5434 5179 5045 5185 5241 5279 5449 4882 4352 5160 5177 5176 5431 5148 5241 5286 5575 4975 5005 5180 5304 4855 5443 5413 5251 5042 5582 5088 5599 5405 5254 5392 5385 5193 5105 5508 5015 5249 5331 5169 5122 4950 5042 5621 5590 5203 5211 4891 5281 5358 5427 4951 5358 5291 5092 5392 4899 4939 5134 4934 5446 4920 5228 4876 5282 5403 4977 5440 5069 5093 5221 5615 5234 5402 5587 5026 5157 4848 5282 5116 4916 5195 4911 5387 5320 4735 4992 5210 4816 5129 5327 5489 4665 5074 5065 5067 5076 5294 5384 5253 5617 5086 5289 4916 5201 5156 5101 5184 5619 5594 5277 5174 5328 5227 5163 5149 5399 5135 4985 5275 5216 4734 5019 4891 4897 5310 5119 5409 4542 4641 4961 5441 4569 5038 4972 4988 5024 5008 4930 5519 5420 5613 5345 5450 5186 4903 5371 5116 5223 4980 4796 4942 5614 5080 5354 4836 5072 4937 5154 4937 5057 5127 5325 5361 5011 5248 5049 5060 5232 5268 4599 5154 5229 5259 4984 4929 5051 4833 5433
5220 5482 4733 5125 5103 4932 5127 5416 5140 4972 5464 5323 5216 5647 5201 5156 4721 4936 5376 5106 4985 5010 5737 5422 5161 5215 5245 5048 5441 5060 4929 5249 5273 5181 5325 4940 5162 5344 5211 5728 5417 4942 5349 4818 4908 5341 5094 5471 5155 4918 5166 4800 4639 5199 5578 4588 4963 4846 5553 5186 4728 5420 4879 5072 4901 5379 5806 5268 5179 5096 4918 4722 4831 5022 4528 5229 5133 5028 5228 4711 5100 5078 4926 5292 5002 4866 5388 5517 4758 5432 5744 5032 5023 5077 4932 4921 5393 5163 5099 5001 4890 5383 5092 4698 5112 5253 5355 5335 5345 5443 5236 5289 5338 5574 5186 5200 5506 4827 5287 5475 5130 5337 5447 4868 5345 5261 5028 5341 4760 4540 4750 4761 5224 5447 4962 5180 5012 5580 4890 5141 4981 5441 5010 5304 5406 5243 5008 5425 5195 5717 5079 5289 5133 5227 5171 5103 5397 4868 5226 5648 4907 5108 5061 4949 5309 5561 5056 5418 4609 5297 5248 5221 4898 5051 5189 5148 5297 5031 5080 4984 5094 5216 5019 5176 4612 5242 5407 5056 5199 5040 5232 4971 5533 5045 5430 5480 5010 5393 5212 5534 5293 5074 4885 4641 5260 5326 5053 4785 5056 4630 5227 4940 5293 4694 5191 5024 5179 5381 5320 5289 5209 5258 5063 5151 4992 5026 5209 4871 5025 5327 5355 5086 4966 5153 5564 4968 5288 5165 5307 4897 5091 5158 4973 4688 4820 4819 5141 4701 5350 4811 4757 4837 5407 4666 5022 4735 4985 5112 5032 5101 5540 5340 5463 5268 5362 5066 5068 5082 4941 5079 5145 4934 5012 5582 4974 5399 4802 5295 4794 5087 4921 5063 5294 5264 5351 5301 5427 4979 5099 5263 5158 4916 5166 5310 5168 5219 5044 4882 4971 5090
4803 4947 4447 4866 4903 4807 4648 5240 4632 4672 4782 4869 4597 5140 4580 4935 4446 4617 4928 4895 4520 5083 5099 4742 4708 4638 4878 4787 4929 4790 5161 4868 4893 4901 4529 4717 4550 4775 4883 4840 4725 4532 5195 4313 4806 5033 4565 4933 5051 4646 4560 4610 4725 4872 4703 4259 4487 4508 5308 4895 4737 4872 4866 4508 4610 5301 5264 4996 4722 4618 4460 4476 4616 4669 4380 5016 4686 4547 5019 4410 4884 4903 4657 4844 4833 4621 5207 4858 4692 5042 5173 4433 4467 4721 4458 4988 5131 4843 4681 4731 4696 5106 4971 4677 4728 4878 4890 5062 5026 5024 4558 4602 5131 5213 4795 4662 5061 4563 4808 5095 4551 4939 4741 4374 4705 4884 5066 5073 4552 4042 4626 4669 4989 5068 4635 4818 4790 5131 4778 4803 4754 4985 4562 5076 5069 4681 4836 5045 4721 5516 4689 4864 4919 5195 4806 4604 4773 4473 4686 5282 4645 5000 4723 4784 4741 4979 4759 5130 4297 4935 4903 4826 4604 4882 4787 4714 4834 4781 4579 4850 4774 4889 4607 5047 4634 4601 5171 4922 4906 4476 4811 4843 5259 4833 4972 5196 4732 4850 4855 4890 4759 4605 4740 4288 5133 5189 4571 4570 4845 4338 4898 4916 5028 4743 4688 4620 4678 4909 4839 4905 5031 5241 4895 5043 4736 4800 4716 4706 4847 4876 5164 4751 4624 4856 4919 4607 4579 4820 4777 4888 5011 5024 4434 4348 4686 4456 4773 4744 4961 4326 4149 4580 4967 4470 4574 4462 4733 4835 4675 4805 4941 5096 5106 4922 5043 4979 4577 4710 4365 4855 4608 4478 4601 5147 4734 4686 4423 4782 4435 4717 4770 4820 5027 4708 5064 4786 4929 4499 4840 5052 4878 4575 4659 4917 4846 4888 5083 4505 4797 4715
5010 4934 4503 4606 5025 4937 4704 5009 4922 4635 4933 4783 4575 4961 4667 4850 4564 4474 4877 5015 4754 4874 4967 4793 5033 4597 5100 4863 4977 4780 4680 4932 4858 4953 4816 4777 4769 4863 4834 4780 5085 4601 5062 4373 4729 4966 4481 4877 4919 4619 4960 4510 4532 4884 5006 4506 4774 4707 5019 4998 4359 5087 4707 4646 4603 5034 5425 4989 4993 4462 4478 4357 4392 4720 4292 4909 4868 4667 4923 4549 4771 4891 4620 4763 4767 4498 5183 4933 4580 4736 4926 4922 4654 5126 4551 4574 4919 4880 4626 4735 4616 4870 5030 4410 4957 4997 4837 5176 5280 5060 4742 4802 5126 4995 4754 4949 5066 4345 4976 5069 4614 5067 4756 4705 4787 4961 4740 5032 4605 3960 4478 4622 5178 5083 4683 4888 4896 5119 4790 4939 5073 5063 4586 4873 4961 4763 4395 5247 5068 4981 4691 4897 5197 4963 4960 4716 4926 4727 4674 5289 4447 4981 4847 4629 4950 5248 4599 5180 4389 5171 4842 4877 4691 4841 5051 4788 4828 4779 4632 5009 4982 5026 4574 4951 4050 4769 5077 4725 4787 4769 4757 4981 5094 4828 5112 5255 4415 4941 4974 4996 4447 4690 5054 4522 5018 5016 4459 4424 4473 4565 4776 5017 5085 4554 4877 4834 4667 4907 5100 5009 5074 5035 4963 4628 4733 4709 5018 4716 4507 4728 5380 4603 4867 4673 5056 4421 4749 4655 4900 4868 4961 4644 4657 4689 4654 4451 4290 4624 4793 4538 4322 4857 5115 4326 4551 4592 4818 4767 4780 4818 5429 5035 5121 4778 4776 4860 4740 5014 4427 5027 4707 4282 4779 5194 4854 4903 4561 4604 4694 4541 4346 4843 4782 4957 5064 4877 4960 4696 4961 5052 4904 4680 4873 5098 5043 5011 4990 4549 4617 5011
5248 5605 4836 4996 5242 5065 4966 5553 5260 4784 5405 5106 5283 5488 5061 4975 4847 4929 5322 5081 5143 5106 5610 5247 5150 4956 5557 4833 5375 5207 5246 5089 5193 5298 5277 4856 4983 5109 5476 5361 5015 4851 5551 4752 5166 5393 4991 5650 5250 5351 5089 4927 5131 5522 5393 4723 5014 5045 5505 5098 4744 5308 5072 4988 4905 5439 5540 5483 5090 4967 4853 4683 5139 4997 4819 5391 5214 5103 5026 4882 5122 5366 5086 5097 5009 4931 5305 5265 5148 5318 5588 5116 5202 5432 5052 5031 5388 5003 5128 4827 4655 5399 5343 4935 5362 5144 5509 5142 5345 5447 5205 5576 5386 5517 5131 5348 5177 5100 5268 5546 4930 5386 5386 5020 5079 5056 5389 5385 4664 4395 4827 5089 5196 5343 5016 4959 5195 5577 4950 5256 4987 5666 4920 5536 5612 5333 5122 5428 5225 5394 5268 5370 5486 5135 5195 5175 5333 5025 5002 5696 4920 5211 4831 5100 5243 5505 5024 5347 4636 5576 5267 5318 4789 5171 5242 5147 5059 5246 4914 5138 5407 5418 4829 5342 4874 5476 5642 5039 5657 5117 5319 5304 5591 5062 5394 5741 4984 5109 5229 5464 5045 5190 5388 4891 5281 5534 4842 4803 5269 4917 5480 5227 5385 4640 5208 5078 4950 5180 5273 5396 4880 5475 5340 5149 5256 5398 5171 4776 5115 5170 5561 5085 5127 5109 5616 5081 4994 5149 5107 4946 5255 5160 4824 4983 4789 4850 5280 5084 5329 4973 5123 5248 5438 4602 5162 5063 5133 5013 5365 4866 5337 5392 5349 5392 5335 5181 4996 5292 5120 5202 5062 4758 4849 5343 4987 5209 4836 5018 4856 5028 5043 5038 5046 5018 5354 4960 5534 4708 5358 5275 5313 4939 5146 5329 5287 5067 5396 4836 4816 5406
5018 5370 5119 5121 5628 5378 5160 5752 4863 5070 5483 5466 5473 5691 5327 5266 5007 5107 5427 5438 4854 5429 5604 5169 5263 5324 5612 5257 5424 5060 5437 5331 5489 5252 5207 5059 5357 5334 5244 5545 5710 5163 5620 5079 5070 5459 4855 5324 5478 5077 5180 5264 5031 5452 5456 4872 5143 5119 5666 5304 5092 5445 5056 5299 5069 5559 5671 5353 5375 5259 5059 4852 4703 4804 4707 5578 5435 5212 5340 4870 5319 5325 5088 5325 5343 5043 5473 5236 5041 5462 5662 5025 5017 5458 5031 5348 5519 5281 5128 5006 5174 5714 5393 5134 5381 5206 5412 5838 5658 5578 5109 5188 5428 5531 5243 5551 5619 4925 5245 5752 5223 5408 5410 5047 5418 5546 5277 5231 5034 4542 5124 5232 5271 5322 5045 5413 5481 5615 5182 5305 5426 5389 5080 5480 5710 5266 5115 5488 5259 5767 5460 5205 5416 5426 5395 5039 5401 5083 5303 5776 4944 5504 5229 5240 5554 5481 5183 5312 4936 5727 5395 5516 4983 5234 5344 5314 5548 5328 5283 5437 5336 5521 5134 5384 4894 5230 5660 5304 5602 5183 5275 5439 5802 5344 5649 5911 4956 5362 5521 5616 5385 4974 5230 5094 5372 5647 4628 5051 5126 4795 4971 5326 5176 5178 5291 5320 5001 5302 5308 5571 5327 5809 5331 5247 5162 5285 5277 5183 5083 5413 5582 5416 5137 5140 5603 5155 5150 5118 5605 5243 5510 5113 5051 4876 4974 4928 5231 5205 5416 5139 4934 5117 5266 4718 5177 4921 5197 5159 5429 5119 5450 5574 5820 5521 5312 5283 5222 5083 5207 5305 5101 4782 5143 5736 5149 5543 4985 5010 5174 5041 4917 5329 5264 5300 5590 5414 5292 4921 5631 5418 5135 5216 5256 5277 5106 5141 5222 5217 5078 5484
5312 5234 4732 4986 5239 4882 4914 5158 4780 4560 5065 5150 5187 5434 4947 4864 4285 4781 5052 4862 4859 5234 5252 5122 5161 4911 5291 4783 5252 4944 5020 5037 5259 5070 4847 4808 4916 5032 5038 5060 5159 4795 5043 4428 4733 5281 4801 5000 5055 4751 5080 4834 4739 5355 5247 4526 4918 4733 5294 5335 4407 4897 4837 4839 4881 4976 5205 5044 4942 4813 4604 4679 4481 4678 4388 5095 5004 4847 4860 4583 4961 4911 4641 5048 4775 4771 5370 5171 4569 5343 5333 4843 4702 4951 4793 5005 5051 4870 4629 4659 4876 5074 4995 4634 4976 4703 4919 5255 5484 5260 4926 5012 5270 5014 4870 4938 5239 4725 5120 5528 4832 5048 5251 4735 5016 5097 4954 5023 4828 4169 4554 4995 5134 5010 4735 4733 4795 5478 5009 4981 5021 5046 4572 5276 5132 4886 5036 5270 5341 5475 4899 5003 5178 5035 5101 4887 5089 4579 5074 5309 4958 5033 5121 4813 5167 5231 4763 5267 4674 5165 5080 5107 4997 5057 5211 4922 5133 4749 4930 5067 4770 4919 4685 5356 4559 5043 5126 4971 4812 4835 5020 5026 5367 4900 5246 5346 5060 5230 4994 4994 4810 4712 4800 4872 5162 5139 4611 5015 5050 4458 4898 4990 5041 4702 5051 4798 4899 5110 4983 5240 5145 5128 4913 4938 4897 5234 5130 4822 4970 5042 5243 5282 5005 5166 5250 4902 4960 4930 4949 4991 4811 4882 4850 4719 4665 4584 4903 4924 5245 4536 4726 4636 5302 4616 4670 4501 5105 4869 5309 4778 5170 5057 5305 5010 5060 4987 4755 4920 4480 5041 4807 4767 4867 5784 4697 4942 4814 4872 4944 4979 4671 5070 5153 5186 5030 5333 5188 4790 5057 4991 5048 4661 4854 5066 5013 4806 4872 4958 4813 5064
5631 5587 5038 5383 5452 5291 5185 5667 4904 4921 5740 5338 5439 5819 5350 5494 5028 4971 5432 5295 5226 5216 5910 5450 5397 5097 5399 5254 5326 5224 5456 5332 5392 5325 5489 5428 5047 5315 5346 5471 5485 4955 5614 4950 5215 5565 5023 5301 5664 5363 5318 5051 4980 5498 5491 4856 5099 5094 5486 5297 4830 5649 5262 5088 5037 5507 5837 5428 5496 5241 5118 4739 4855 5218 4839 5523 5221 5085 5381 4721 5140 5635 4982 5475 5473 5104 5717 5403 5028 5478 5344 5116 5304 5262 5112 5301 5594 5364 4988 5001 5026 5564 5491 5012 5105 5363 5338 5870 5575 5590 5257 5339 5362 5747 5469 5536 5626 5273 5557 5858 5132 5642 5554 4959 5357 5307 5396 5623 4856 4417 4995 5347 5403 5332 5283 5264 5493 5752 5414 5187 5299 5279 5268 5614 5538 5143 5090 5634 5197 5718 5267 5443 5447 5301 5441 5459 5177 5117 5415 5544 5003 5383 5399 5085 5666 5573 5314 5755 4990 5302 5413 5426 5277 5300 5219 5143 5395 5024 5192 5345 5316 5323 5171 5785 4772 5520 5803 5501 5535 5225 5710 5413 5980 5334 5662 5731 5139 5706 5195 5222 5177 5042 5008 4873 5596 5497 4923 4968 5394 4846 5556 5497 5820 5107 5284 5270 5242 5642 5568 5663 5424 5726 5212 5355 5150 5439 5650 5349 5195 5658 5594 5212 5307 5488 5667 5250 5357 5611 5590 5434 5382 5198 5072 5040 4917 4998 5429 5142 5811 4975 4998 5043 5625 4904 5229 5051 5151 5170 5578 5143 5634 5148 5730 5273 5671 5360 5425 5489 5059 5154 5031 4916 5197 5657 5178 5526 5167 5247 5178 5318 5127 5376 5322 5517 5549 5322 5314 4977 5359 5503 5213 5140 5373 5379 5581 5211 5505 5447 5262 5526
5323 5486 5056 5165 5585 5468 5762 5824 5231 5279 5542 5657 5533 5833 5570 5460 4881 5174 5389 5660 5167 5681 5732 5830 5460 5136 5675 5276 5567 5154 5278 5482 5872 5520 5828 5293 5547 5549 5490 5610 5788 5277 5710 4823 5116 5721 5152 5536 5443 5167 5419 5172 5120 5484 6048 5011 5279 5504 5924 5559 5251 5711 5201 5239 5412 5762 5794 5708 5619 5377 5190 4976 4690 5206 4844 5471 5480 5449 5564 5058 5578 5453 5177 5473 5526 5719 5712 5321 5077 5825 5905 5253 5454 5739 5256 5444 5637 5549 5296 5263 5311 5744 5614 5045 5572 5440 5691 5870 5882 5735 5349 5623 5688 5888 5411 5623 5743 5171 5540 5841 5302 5693 5714 5279 5567 5478 5452 5766 4983 4469 5216 5420 5714 5658 5552 5407 5390 5873 5256 5428 5476 5628 5250 5922 5620 5428 5572 6091 5521 5963 5537 5606 5565 5639 5283 5174 5616 5266 5445 5645 5317 5586 5319 5244 5744 5855 5508 5784 5101 5595 5566 5638 5207 5751 5639 5405 5455 5217 5322 5360 5362 5467 5020 5596 5112 5432 5655 5426 5722 5478 5464 5755 5845 5438 5735 5740 5119 5525 5706 5770 5250 5340 5343 5317 5616 5723 5236 5188 5293 4952 5325 5635 5624 5273 5250 5415 5328 5529 5723 5695 5685 5841 5377 5512 5355 5518 5551 5573 5101 5523 5988 5257 5497 5587 5825 5304 5452 5730 5592 5675 5451 5270 5001 5143 5238 5000 5370 5141 5858 4893 5129 5334 5628 4820 5339 5115 5566 5268 5524 5189 5936 5746 6002 5526 5493 5716 5400 5324 5371 5416 5352 5224 5328 5977 5447 5696 5294 5368 5470 5178 5182 5594 5568 5619 5884 5362 5778 5290 5517 5691 5456 5079 5295 5628 5545 5594 5481 5376 5166 5503
5173 5185 4629 4896 4993 4953 5074 5246 4820 4803 4874 5078 4950 5322 4965 4948 4817 4635 4975 4839 4717 5059 5433 5057 4648 4998 4953 4702 4827 4894 4818 4986 5297 5213 5038 4988 4714 5016 5055 5060 5217 4844 5243 4414 5056 5232 4912 5235 5148 4937 5015 4973 4870 4964 5404 4665 5065 4958 5362 5234 4504 5273 4833 4720 4719 5083 5287 4917 4940 4825 4716 4660 4600 4817 4435 5077 4841 4911 4988 4531 4896 5150 4875 4813 4679 4926 5367 5249 4722 4851 5376 4984 4708 5204 4666 4923 5332 4732 4903 4719 4953 5248 5033 4922 5091 5144 5210 5426 5120 5124 4981 5194 5328 5435 4795 5008 5212 4744 5153 5260 4782 5126 5215 4567 5031 5062 5049 4920 4466 4253 4792 4703 5187 5273 4684 4876 5112 5387 4739 5028 4997 5347 4483 5306 5106 4769 4650 5082 5063 5260 4854 5093 5006 5025 4878 4811 5074 4784 4956 5419 4710 5080 4998 4914 5180 5458 4875 5475 4341 5283 5040 5125 4821 4923 5305 4784 4955 4836 4711 5169 4864 5258 5061 5123 4576 5067 5319 4996 5163 4842 5089 5135 5415 4733 5123 5649 4655 5327 5043 5196 4923 4930 4997 4830 5375 5308 4662 4888 5040 4780 5171 5043 5037 4697 5081 5040 5001 4988 5050 5049 5119 5532 4914 4737 4984 5013 5273 4823 4863 4910 5343 5132 5308 4822 5045 4892 4638 5074 5081 4850 5149 4895 4799 4430 4671 4542 4821 4708 5250 4711 4670 4933 5312 4669 4903 4776 5091 4833 5099 5010 5187 5085 5394 4947 5162 5215 5009 5110 4780 4865 4980 4593 4467 5483 4904 4930 4578 4824 4532 4946 5037 4896 5010 4989 5335 4999 5141 4813 4870 5144 5069 4632 4986 5219 5044 4946 5033 4765 4811 5102
4770 5176 4783 5045 5225 4896 4846 5264 4814 4531 5188 4823 4817 5336 4787 4855 4704 4589 5255 5195 4595 5394 5657 4920 5129 5089 5355 4817 5024 4835 4976 4747 5137 5160 5147 4736 5068 5052 5214 5303 5165 4662 5178 4532 4954 5108 4715 5069 4831 5015 4710 4771 4916 5045 5274 4465 4809 4772 5384 5078 4395 4893 4844 4942 4832 5337 5300 4948 5238 4858 4686 4851 4519 4737 4425 5241 5015 4822 4936 4589 4907 5047 5001 5077 4909 5004 5263 5014 4686 5225 5159 4823 4843 5093 4699 4916 5147 4956 4879 4922 4710 5128 5110 5006 4990 5329 4922 5240 5149 5215 5011 5281 5071 5260 4986 5046 5275 4736 4795 5111 4922 5178 5091 4645 4793 5151 5151 5129 4481 4276 4757 4761 5037 5167 4823 4886 5000 5322 4847 5088 4869 5190 4804 5306 5292 5054 4922 5342 4893 5397 4829 4901 5176 4998 4903 5028 4896 4957 4838 5347 4883 5297 4788 5208 5008 5306 4871 5048 4584 5250 5138 5192 4744 4981 5112 4991 5024 4651 4938 5110 4905 5119 4541 4881 4775 5011 5377 4678 5087 4746 5156 5065 5444 4839 5392 5304 4882 5303 4952 5011 5020 4905 4921 4840 5424 5023 4428 4777 4840 4663 5025 5128 5001 4791 4814 5014 4694 5044 5137 5237 4967 5302 4943 5067 5017 5078 5188 4871 5035 4937 5178 5140 4711 4813 5213 4659 4642 4730 5199 4921 5007 4744 4728 4697 4664 4626 4924 4818 5192 4635 4740 4854 5178 4202 4826 4724 5065 4816 5188 4918 5050 5369 5425 4965 5100 5113 4855 4970 4843 5005 4938 4548 4993 5565 4789 5215 4587 4642 4807 4906 4633 5072 4923 5066 5116 4944 5056 4502 5156 5021 4686 4620 5206 4952 5087 4738 5081 4863 4704 4800
5560 5253 4996 5181 5514 5322 5273 5929 5079 5219 5399 5347 5189 5536 5116 5401 4970 4944 5387 5420 4973 5677 5772 5304 5122 5250 5625 5096 5683 5476 5267 5371 5468 5446 5219 5177 5131 5426 4964 5463 5539 4869 5464 4964 5151 5561 4983 5494 5415 5325 5234 4877 5320 5437 5604 4831 5054 5260 5618 5369 4875 5568 5042 5018 4870 5503 5806 5295 5269 5333 5097 4820 4946 5001 4951 5388 5443 5251 5372 4927 5314 5372 4888 5278 5198 4909 5733 5579 5020 5544 5646 5200 5038 5646 4973 5120 5342 5356 5139 4974 5140 5525 5461 5185 5281 5156 5240 5712 5485 5598 5021 5196 5306 5596 5357 5466 5619 5033 5415 5408 5044 5687 5517 5118 5480 5509 5356 5363 5167 4590 5328 5228 5710 5383 5220 5232 5360 5684 5039 5314 5282 5254 5009 5405 5782 5238 5037 5560 5478 5670 5370 5308 5571 5384 5181 5322 5302 5058 5241 5601 5155 5485 5019 5214 5539 5598 5171 5691 4875 5412 5466 5475 5158 5343 5253 5056 5697 5214 5231 5287 5250 5664 5197 5381 4828 5583 5581 5152 5555 5177 5358 5606 5554 5016 5688 5927 4842 5263 5112 5669 5247 5201 5207 5202 5460 5569 4718 4947 5445 4971 5218 5347 5569 4817 5084 5040 5213 5448 5301 5446 5473 5479 5471 5285 5036 5508 5384 5144 5377 5587 5494 5146 5382 5478 5748 5191 5361 5279 5307 5150 5205 5463 5027 5003 4649 5028 5312 5303 5666 4747 4934 5045 5498 4826 5089 4832 5578 5065 5422 5414 5429 5599 5737 5579 5548 5500 5051 5245 5209 5226 4993 4826 5235 5881 5094 5343 4994 5081 5057 5183 5003 5537 5380 5203 5575 5425 5424 4942 5314 5205 5232 4986 5431 5532 5491 5060 5563 5139 4908 5343
5076 4960 4791 5210 5415 5230 4740 5257 4810 5047 4974 5226 5015 5259 5130 5098 4603 4730 5325 5173 4678 5080 5595 5423 5342 4852 5484 4887 5250 5121 4986 5018 5304 5213 5107 5036 4843 5220 5404 5251 5106 5021 5411 4655 4932 5269 5220 5321 5145 4929 5213 4722 4984 4966 5205 4736 4893 4890 5416 5401 4607 5168 5150 4888 4974 5325 5489 5169 5336 4840 5028 4855 4717 4996 4623 5157 4972 5114 4946 4755 4860 5077 4951 4955 5003 5060 5224 5209 4497 5062 5446 5071 4801 5353 4742 4968 5166 5041 4787 5029 4915 5374 5324 4881 5160 5004 5087 5549 5104 5482 5157 5263 5394 5252 5049 5157 5206 4753 5079 5382 5172 5491 4894 4793 5284 5025 4948 5181 4422 4200 4798 4970 5254 5501 4897 4921 5251 5398 4853 4976 4994 5457 4796 5155 5184 5053 4813 5361 5208 5387 5239 5101 5415 5100 4940 5168 5167 4885 5078 5549 4868 5147 4984 5091 5468 5406 5016 5340 4568 5400 5169 5206 4827 5163 5369 4940 5084 5000 4844 5182 5029 5129 4804 5334 4548 5115 5363 4976 5234 5042 5258 5253 5509 4923 5257 5203 4868 5231 5133 5027 4869 5039 4910 4860 5223 5306 4725 4774 5042 4655 5143 5019 5386 4596 5115 4883 5310 5269 5386 5142 5039 5285 4723 5048 5110 5341 5339 5253 5053 5273 5422 4890 5001 4842 5483 4832 5206 4982 5105 4895 5182 4891 4803 4576 4687 4695 4877 5014 5243 4653 4442 4949 5360 4764 4984 4718 5041 4863 5100 4640 5253 5173 5543 5028 5265 5144 4969 5225 4771 4916 4945 4798 4915 5659 4908 5258 4834 4994 4874 5194 4784 5284 5014 5145 5249 4910 5294 4810 5168 5279 5149 4614 5115 4905 5103 5070 5168 4905 5131 5560
5539 5291 4657 4973 5220 5032 5142 5534 4857 4908 5213 5060 5071 5281 5166 5252 4718 4655 5244 4824 5067 5233 5582 5273 5139 4899 5187 4898 5362 5011 5051 5210 5184 5062 5164 5250 4833 5227 5323 5326 5101 5105 5259 4696 5145 5274 4702 5053 5095 4982 4933 4806 4801 5175 5528 4730 5082 4890 5595 5086 4705 5356 5113 4898 4870 5477 5418 5252 5535 5115 4802 4836 4863 4921 4787 5314 5230 5081 5240 4781 5055 5068 4940 4904 4928 4712 5635 5245 4896 5178 5327 4730 4983 5259 4766 5181 5083 4735 4634 4830 5041 5117 5141 4667 5156 5086 5144 5442 5382 5169 4950 5034 5276 5422 5030 5093 5029 4779 5313 5515 4801 5273 5369 4989 5062 5038 5355 5345 4731 4169 4960 4686 5312 5223 5184 4868 5331 5618 4961 4944 5062 5284 4753 5537 5466 5130 4959 5347 5008 5312 5093 5301 5345 5029 5208 5210 5070 4728 5067 5392 4873 5175 4938 5099 5214 5582 4861 5702 4589 5305 5241 5132 5092 4840 5161 5251 5310 4772 4907 5053 5111 5231 4957 5421 4493 4952 5259 4883 5266 5128 5144 5199 5177 4993 5436 5625 4919 5050 5236 5065 4825 5029 5130 4867 5148 5645 4615 4979 4884 4757 5076 5024 5188 4705 5051 5144 5161 4909 5361 5116 5201 5607 4846 5047 4779 5097 5295 5048 4974 5161 5567 5141 5229 5038 5301 4884 5174 5153 5463 5227 5348 4890 4811 4645 4677 5132 4839 5062 5436 4871 4842 4978 5163 4753 5111 4863 5042 4911 5428 5091 5368 5212 5304 5046 5411 5510 5267 5347 4912 4726 5192 4765 5009 5512 4921 5066 5066 4988 4824 5052 4837 5143 5115 5171 5250 4951 5138 4861 5342 5153 5230 4696 5207 5143 5314 5232 5218 5098 4825 5041
5120 5299 4463 4789 5021 4922 4619 5221 4919 4741 4965 4733 5067 4997 4677 5102 4604 4690 5109 4869 4565 5167 5366 5088 4937 4620 5279 4795 5083 4944 5136 4955 5210 5268 4855 4852 4693 4632 5109 5071 5014 4796 4975 4614 4869 4847 4469 5351 4976 4929 4853 4712 4892 5001 5073 4418 4731 4763 4984 4965 4558 5172 4765 4615 4558 5242 5367 4956 4986 4499 4816 4612 4720 4545 4399 5121 4702 4944 4933 4845 4909 4910 4694 4977 4840 4676 5219 4943 4783 4763 5021 4766 4881 5104 4580 4782 5254 4601 4762 4621 4702 5174 4943 4850 4920 5040 5070 5243 5111 5249 4736 4808 5147 4859 4797 5018 5243 4724 4874 5147 5032 4948 4937 4600 5052 5096 4930 4943 4451 4078 4736 4969 5222 5107 4881 5014 4904 5268 4743 4916 4772 5291 4813 5256 5144 5128 4797 5210 4875 5275 4831 4969 5258 5083 4795 4710 4945 4624 4915 5260 4487 4832 4898 4913 5118 5342 4848 5134 4535 5310 4913 4741 4819 4906 4956 4894 5087 4777 4857 5085 4759 4910 4540 5071 4498 5000 5303 4579 5300 4671 4947 5125 5215 4795 5301 5459 4705 5124 5101 4863 4747 4803 4886 4832 5110 5409 4722 4595 4855 4700 4906 5153 4933 4889 5057 4825 4888 4899 4904 5040 4856 5217 4697 4768 4535 4943 5217 4980 4613 4879 5421 5016 4857 4851 4995 4674 4851 5019 4819 5050 5104 4864 4704 4434 4660 4698 5015 4763 5049 4558 4517 4939 5021 4655 4780 4489 4769 4694 5063 4664 5194 5064 5098 5069 5118 4888 4932 5040 4839 4623 4806 4690 4812 5455 4924 5008 4700 4853 4814 4901 4590 4805 4926 4997 5183 4819 5040 4630 4844 4915 5144 4527 4822 4878 4969 4794 4938 4789 4533 4909
5365 5457 5032 5249 5784 5285 5560 5766 5255 5165 5619 5267 5627 5802 5136 5453 4851 4775 5345 5554 5062 5631 5894 5656 5499 5371 5577 5389 5502 5357 5370 5506 5783 5427 5358 5073 5516 5448 5427 5635 5510 5350 5652 4973 5127 5666 5220 5708 5511 5192 5518 5237 5458 5559 5935 4820 5159 5232 5669 5540 5018 5301 5506 5302 5168 5666 5916 5527 5746 5323 5188 5056 4878 5165 4992 5654 5584 5450 5197 4855 5644 5441 5044 5573 5576 5179 5562 5401 5323 5537 5613 5153 5303 5411 5034 5436 5477 5458 5087 5195 5044 5533 5425 5162 5480 5196 5271 5795 5707 5826 5275 5583 5523 5609 5435 5470 5642 4948 5427 5779 5259 5589 5723 5257 5545 5313 5620 5603 5065 4645 5084 5448 5623 5636 5281 5316 5311 5779 5421 5321 5419 5743 5087 5978 5665 5400 5116 5632 5261 5774 5478 5556 5627 5484 5450 5508 5434 5069 5435 5700 5189 5597 5486 5287 5508 5842 5396 5567 5162 5594 5551 5756 5113 5504 5604 5398 5638 5457 5123 5317 5254 5515 5189 5573 4866 5719 5612 5210 5623 5383 5260 5629 5597 5474 5520 5879 5159 5474 5325 5505 5394 5243 5345 5397 5433 5496 5108 4940 5224 5188 5284 5594 5424 5336 5362 5360 5284 5465 5405 5675 5445 5967 5364 5606 5447 5675 5649 5141 5325 5487 5630 5388 5257 5498 5668 5318 5454 5367 5432 5443 5516 5197 5379 5399 4992 5122 5405 5117 5544 4778 4942 5208 5548 4945 4961 4897 5315 5518 5396 5136 5775 5533 5680 5429 5720 5417 5593 5367 5120 5294 5143 5046 5028 6020 5287 5783 5038 5182 5407 5241 5032 5474 5402 5636 5983 5161 5528 5151 5342 5710 5514 5154 5369 5248 5683 5312 5636 5149 5140 5642
5167 5267 4865 4928 5221 5176 5038 5385 5070 4756 5042 5184 5119 5318 4829 4886 4541 4914 5027 4925 4947 5047 5340 5536 5064 5023 5238 5044 5352 5155 5345 5248 5453 5031 5081 4754 4827 5066 5139 5332 5234 4802 5145 4760 5055 5147 4652 5327 5309 4874 5182 4709 4901 5152 5373 4629 5218 4919 5243 4984 4720 5496 4976 4724 4875 5421 5438 5126 5106 4919 5034 4461 4686 5038 4474 4978 5004 5008 5122 4701 4887 5175 4942 5223 5135 4952 5556 5156 4594 5553 5370 5034 4944 5476 4756 5123 5325 5171 4861 4647 4722 5460 5231 4751 5084 5145 5115 5396 5398 5335 5203 5140 5191 5416 4868 5179 5393 4761 5066 5603 4934 5161 5131 4720 5343 5194 5057 5411 4635 4126 4528 5031 5294 5236 5034 5158 5143 5393 4920 5044 5071 5131 4813 5378 5336 4903 4793 5429 5083 5291 5077 5348 5002 5007 5169 4947 5199 4888 4960 5548 4907 5048 4905 4924 5455 5331 5010 5482 4558 5511 5071 5150 4942 5315 5199 5046 5301 4791 5085 5259 4818 5092 4819 5338 4648 5331 5389 4935 5318 5155 5023 5356 5494 5080 5614 5593 4964 5080 4962 4938 4741 4859 5391 4856 5276 5380 4615 4788 5156 4760 5153 5184 5170 4935 5097 4835 4996 5178 5111 5265 5063 5574 5183 5018 5085 5098 5221 4943 5029 5278 5578 5342 5501 4943 5289 4960 4943 4967 5202 5168 5165 5033 4732 4724 4596 4786 5007 4870 5108 4642 4495 4601 5579 4495 4829 4855 5008 5113 5471 4867 5372 5252 5305 5008 5285 5349 5178 5378 4756 4882 4753 4714 4876 5393 5002 5130 4854 5088 4915 5106 4672 4739 5069 5058 5158 5123 5168 4957 5084 4982 5172 4868 5133 5231 5113 5133 5096 4855 4790 5268
5026 5212 4722 4796 5302 5072 4965 5300 4948 4882 5193 5024 5085 5346 4902 5149 4446 4962 5133 5111 4741 5020 5368 5588 5301 4863 5016 4934 5078 4987 5095 5061 5231 5256 5027 4865 4952 4812 4884 5139 5132 4776 5090 4595 5021 5152 4935 5303 4895 5067 4952 4857 4788 5052 5535 4658 5002 5088 5174 5297 4579 4985 4872 4921 4699 5217 5272 4942 5062 4785 5021 4657 4733 4756 4510 5173 5162 4838 4836 4879 4989 5143 5005 5208 5362 4910 5471 5234 4801 5223 5273 5054 4976 5410 4639 4973 5115 5213 4936 4859 4838 5350 5199 5094 5007 5235 5173 5609 5290 5393 4708 5249 5175 5519 4928 5334 5248 4791 4996 5324 4829 5349 4839 4839 5031 5154 5293 5465 4845 4113 4812 4776 5227 4992 5139 4916 4803 5318 4964 5004 4948 5270 4890 5348 5408 5021 4771 5327 5152 5504 4926 5330 5189 5324 5110 5016 5186 4837 5217 5422 4983 5115 4907 5013 5151 5418 4980 5228 4560 5248 5000 5298 5003 4922 5277 5042 5090 4930 4982 5144 5263 5078 4869 5121 4625 5291 5205 4986 5368 4964 5311 5294 5250 4908 5406 5358 4918 5044 5039 5015 4917 4776 5225 4820 5272 5228 4660 4660 5005 4843 5020 5106 5485 4655 5145 5055 5021 4991 5413 5288 5080 5332 4835 5148 4857 4997 5043 4949 5055 5172 5482 5064 5001 4677 5363 4796 5124 4951 5040 5204 4838 5063 4651 4739 4709 4949 4949 4935 5075 4521 4395 4823 5246 4749 4559 4714 4927 5079 5011 4955 5224 5339 5294 5059 5146 5429 5058 4975 4881 4947 4839 4654 5050 5262 5061 5225 4464 4961 5136 5085 4527 4932 5161 5028 5161 4808 5210 4881 4950 5191 4936 4900 5067 5114 4910 5306 5130 4739 4874 5014
5205 5573 4959 5294 5751 5393 5256 5700 5108 4760 5449 5441 5432 5628 5303 5221 4759 5129 5189 5293 5056 5405 5832 5638 5374 5229 5601 5086 5352 5194 5158 5022 5713 5424 5506 5093 5193 5375 5426 5629 5156 5141 5416 5041 5074 5628 5252 5646 5006 5002 5263 5242 4877 5322 5782 4987 5344 5093 5366 5583 4633 5424 5168 4869 5082 5510 5894 5261 5330 5070 5231 4781 5025 5177 4709 5372 5519 5038 5140 4881 5238 5408 5037 5386 5247 5020 5445 5090 5018 5333 5580 5399 5055 5325 5113 5163 5597 5372 5194 4940 5034 5721 5275 5149 5282 5540 5365 5643 5466 5570 5400 5671 5753 5297 5423 5364 5526 5150 5344 5875 5158 5471 5337 5060 5282 5240 5328 5578 5047 4370 4844 5292 5623 5357 5049 5195 5529 5649 5115 5252 5053 5617 4849 5524 5253 5459 4835 5295 5190 5601 5299 5239 5711 5394 5263 5200 5549 4759 5244 5729 5132 5251 5141 5498 5535 5405 5351 5394 4675 5504 5393 5485 5264 5392 5520 4908 5649 5125 5047 5557 5169 5249 5125 5319 4911 5427 5492 5154 5483 5306 5399 5659 5894 5507 5666 5692 4952 5371 5282 5275 5183 5021 5235 5172 5458 5449 4789 4868 5258 4875 5598 5336 5560 4727 5160 5354 5312 5328 5604 5608 5260 5557 5254 5180 5264 5421 5279 5418 5105 5447 5612 5351 5410 5039 5704 5033 5334 5271 5312 4998 5408 4976 4671 5165 4707 4944 5027 5368 5372 4822 4772 4946 5653 4862 5267 4749 5519 5176 5315 4865 5481 5294 6038 5281 5468 5464 5333 5400 5217 5029 5104 4887 5026 5729 5202 5339 5093 5154 4992 5273 5035 5354 5509 5201 5413 5258 5667 4887 5249 5655 5388 5249 5496 5195 5257 5106 5470 5193 5304 5644
5340 5507 4978 5418 5484 5233 5240 5855 5563 4897 5178 5550 5291 5628 5466 5668 4963 4850 5494 5539 5192 5446 5492 5372 5518 5170 5779 5394 5441 5342 5387 5401 5611 5366 5420 5296 5455 5608 5782 5655 5420 5190 5781 5055 5057 5756 5283 5715 5379 5227 5455 5166 4990 5377 5516 4690 5097 5081 5711 5303 4957 5611 4886 5199 5083 5827 5786 5623 5364 5345 5413 4866 4987 5024 4786 5714 5426 5199 5218 4965 5371 5433 5071 5320 5249 5092 5583 5669 5162 5558 5698 5095 5397 5251 4918 5392 5585 5171 4944 5215 4909 5394 5214 5182 5212 5495 5453 5581 5537 5392 5135 5507 5438 5649 5410 5253 5736 5005 5516 5722 4817 5623 5409 4990 5459 5267 5556 5364 4902 4688 4998 5326 5360 5667 4992 5219 5452 5967 5209 5264 5484 5519 5218 5608 5750 5293 5308 5801 5340 5620 5466 5478 5564 5105 5446 5313 5455 5333 5331 5795 5285 5286 5211 5250 5491 5559 5241 5565 5036 5603 5406 5612 5159 5321 5561 5342 5352 5099 5419 5373 5332 5417 5515 5679 4836 5552 5589 5422 5461 5228 5364 5218 5879 5076 5597 5920 5184 5442 5223 5563 5177 4945 5708 4826 5585 5504 4840 4882 5313 4940 5446 5386 5718 4756 5153 5221 5164 5449 5417 5553 5552 5876 5342 5341 5478 5524 5449 5208 5364 5528 5883 5269 5350 5199 5549 5191 4966 5524 5151 5251 5661 5122 4843 5302 5046 5170 5316 5274 5652 4976 5109 5168 5598 4763 5263 5207 5484 5254 5539 4956 5725 5488 5571 5147 5558 5432 5178 5386 5055 5233 5373 4728 5118 5948 5132 5423 5233 5135 4749 5449 5273 5444 5259 5331 5348 5345 5259 5138 5444 5606 5499 4872 5313 5265 5441 5081 5214 5230 5375 5552
5042 5200 4672 5073 4987 4912 4797 5533 4814 4718 5167 5194 4954 5382 4833 4750 4580 4709 4912 4947 4521 5241 5407 5255 4895 4839 5186 4744 5059 4858 4863 4631 5182 5162 5094 4756 4722 4928 4942 5039 4969 4721 4839 4191 4941 4998 5090 5260 5137 5093 5137 5028 4821 4987 5133 4677 4859 4674 5441 5002 4514 5036 5183 4691 4834 5234 5142 5015 4933 4693 4880 4993 4685 4705 4462 4971 4936 4716 5147 4500 4916 5267 4970 5267 4837 4975 5445 5242 4887 5153 5107 5080 4857 5310 4718 5032 5265 4943 4867 4764 4842 5201 5301 5102 5107 5139 5078 5130 4932 5219 5075 5217 5278 5193 5228 5107 5155 4712 4967 5188 4606 5056 5187 4972 5066 5079 5126 4881 4622 4060 4676 4931 5144 4989 4994 4736 4885 5316 5001 5151 5071 5065 4627 5255 5105 4681 4917 5381 5026 5190 4956 4902 5092 5136 4967 4913 5120 4758 4810 5112 4725 5021 4757 5160 5181 5504 5016 5073 4497 5115 5050 5090 4549 4807 5023 4974 5004 4860 4971 4893 4925 5220 4662 5076 4725 4900 5230 5082 5217 4757 5099 5171 5330 4759 5194 5545 4668 5143 4668 5009 4770 4803 4837 4786 5158 5450 4488 5027 5219 4773 4911 5229 5187 4590 5084 4966 5158 5202 5105 4974 5142 5313 4952 4955 4746 5132 4828 4655 4955 5086 5158 4952 5100 4848 5264 4671 4864 4801 5163 4885 4973 4894 4654 4313 4462 4616 4851 4776 5212 4620 4559 4727 5194 4584 4704 4596 5026 4807 5298 4896 5028 5121 5347 5229 5143 5062 5010 5020 4713 4703 4757 4571 4741 5446 4829 5254 4852 4847 4681 5058 4825 4907 4916 5026 5103 4679 5150 4913 5235 5066 4777 4668 4967 4952 4866 4835 5066 5308 4598 4898
5350 5238 4819 5023 5521 5131 4903 5572 5111 4902 5119 5472 5247 5642 5146 5262 4748 4810 5026 5210 4729 5203 5596 5516 5385 4907 5195 5102 5518 5048 5095 5135 5383 5038 5218 4953 4916 5180 5218 5444 5022 4701 5228 4723 4977 5171 5084 5373 5423 5068 5202 5223 5000 5340 5516 4711 5057 4974 5529 5411 4832 5352 5152 4958 4946 5485 5593 5054 5212 4782 5213 4866 4479 5082 4514 5171 4925 5162 5335 4517 5186 5290 4895 5103 5007 4949 5462 5228 4666 5485 5364 4776 4731 5280 4869 5083 5433 5044 4940 5037 5317 5317 5375 4993 5246 5360 5305 5417 5713 5364 5099 5364 5488 5581 5041 5221 5167 4766 5582 5667 4938 5327 5335 4783 5046 5191 5053 5212 4822 3955 5022 5196 5368 5588 5130 5175 5155 5652 5071 5322 5162 5246 4838 5493 5207 5035 5012 5578 5068 5535 5118 5198 5186 5463 5098 5014 5123 4891 5463 5545 5149 5035 5171 5070 5367 5485 5166 5437 4721 5003 5281 5033 4803 5395 5308 5030 5278 4981 4849 5328 5068 5335 4722 5396 4885 5216 5480 5168 5632 5166 5307 5109 5455 5186 5355 5484 5013 5352 5194 5097 4902 5157 5285 4842 5455 5581 4566 4982 5200 4764 5228 5144 5376 4905 5074 5222 4990 5114 5245 5312 5216 5377 5006 5123 4924 5032 5056 5051 4861 5432 5440 5316 5189 5130 5428 4992 5270 5060 5357 5099 5179 5064 4817 4583 5150 4786 5019 5046 5358 4391 4538 4869 5225 4791 4915 4842 5275 5152 5316 4745 5283 5177 5824 5244 5365 5272 5063 4747 4881 5034 5032 4555 4738 5720 5088 5263 4937 5110 5036 5096 4922 5062 5046 5313 5427 5254 5335 4921 5016 5445 5139 4668 5104 5275 5201 5225 5318 5134 4796 5320
5152 5294 4567 5007 5197 5003 4915 5549 5139 4728 5305 5102 5164 5679 5155 5027 4915 4909 5212 5403 4952 5286 5115 5427 5137 5042 5112 5059 5272 5047 5211 5085 5211 5220 5063 5039 5288 4873 5219 5231 4916 4925 5249 4686 5143 5292 4801 5378 5044 5074 5083 5145 4839 5431 5272 4749 5062 4897 5323 5002 4895 5485 4966 4855 4879 5401 5671 5301 5212 4897 4876 4709 4630 4609 4678 5191 5159 4933 5028 4796 4961 5165 4698 5145 5319 4705 5430 5108 4896 5235 5526 5082 4986 5266 4903 5076 5305 5172 5080 4930 4786 4997 5194 4524 5181 5185 5370 5330 5429 5357 4987 5261 4983 5352 4942 5109 5546 4757 4930 5446 4921 5143 5331 4799 5349 5197 5387 5228 4855 4403 4735 4814 5392 5364 4978 5132 5108 5553 5163 4984 4895 5486 4943 5257 5562 5193 4998 5405 5107 5581 4788 5189 5262 5278 5063 4910 5341 5138 5401 5669 4616 5310 4925 4866 5311 5381 5002 5523 4652 5414 5142 4987 4890 5276 5121 5053 4911 4801 5125 5194 5273 5233 4831 5407 4487 5165 5267 5118 5276 5147 4994 5244 5506 5158 5466 5553 4824 5209 4926 5315 4871 4779 5048 4833 5500 5301 4832 4846 4997 4611 5194 5267 5483 4956 5042 5163 4830 5119 5209 4852 5094 5468 5339 5156 5060 5312 5205 4763 5077 5086 5448 5219 5045 4888 5386 4809 5100 5078 5069 5033 5390 4910 4864 4800 4933 4941 5092 4719 5197 4776 4623 5123 5464 4548 4831 4828 5099 4984 5086 5137 5287 5212 5566 5183 5304 5392 5241 4915 4941 5113 4837 4831 5235 5494 5034 5140 4799 5109 4827 5047 4871 5026 4952 5172 5224 5074 5221 4701 5094 5490 5464 4667 5212 5096 5202 5102 5040 5065 5018 5245
5277 5208 4816 5104 5298 5218 5064 5398 5087 4659 5198 5288 5209 5310 5079 5060 4498 4800 5212 5373 5045 5236 5411 5236 5313 5008 5441 5022 5466 4921 5292 5267 5396 5092 5252 4965 5256 5262 5400 5377 5196 4700 5298 4689 4997 5264 4807 5460 5116 4978 5325 4961 4879 5098 5551 4665 5025 4774 5322 5153 4748 5045 5333 5108 5087 5502 5609 5298 5268 4823 5006 4831 4564 4809 4527 5173 5217 5216 5127 4859 5121 5188 4842 5342 5196 5283 5493 5251 4892 5395 5200 4838 4983 5259 4769 4953 5175 5084 4954 4661 5159 5396 5154 4725 4954 5236 5039 5260 5526 5516 5105 5355 5408 5148 4999 5237 5324 4761 5096 5397 5139 5268 5246 4865 5027 5199 5383 5308 4658 4445 4843 5286 5348 5186 5014 4816 5223 5590 4987 4859 5006 5491 4991 5466 5218 5070 5208 5664 4952 5607 5208 5215 5655 5077 5167 4877 5023 5055 5141 5612 4981 5211 5134 4966 5380 5507 5056 5271 4720 5468 5022 5183 4853 5253 5257 5060 5194 4870 5210 5356 4984 5079 4807 5617 4715 5325 5518 4934 5068 5086 5179 4995 5408 5265 5528 5621 4999 5247 5182 4886 4768 5119 5190 4998 5345 5406 4410 4804 5086 4651 5148 5129 5388 4638 5145 5128 4976 5297 5312 5146 5377 5683 5249 5052 5211 5429 5282 5232 4961 4979 5592 5347 5072 4932 5501 5124 5126 5147 5108 5119 5503 4828 4728 4896 4576 4846 5063 4963 5327 4671 4683 4833 5664 4758 4915 4989 5329 4883 5159 4530 5540 5397 5435 5273 5456 5492 5000 5246 4744 5147 5160 4731 5085 5821 5037 5038 4824 4991 5116 5203 4812 5032 5187 4962 5497 4850 5388 4926 5168 5370 5252 4879 5199 5074 5341 5102 5120 4908 4929 5181
5888 5838 5131 5419 5692 5375 5285 5968 5532 5048 5489 5484 5819 5872 5396 5685 5061 5286 5448 5399 5253 5640 5864 5953 5588 5116 5943 5608 5581 5550 5580 5487 5818 5549 5434 5254 5298 5747 5725 5575 5609 5181 5674 5171 5419 5469 4964 5652 5570 5201 5627 5311 5084 5653 5783 5056 5335 5328 5808 5406 5266 5811 5345 5340 5314 5735 5841 5693 5577 5418 5538 4954 5107 5447 4860 5543 5482 5420 5390 5261 5547 5661 5356 5507 5339 5402 5753 5577 5178 5413 5664 5207 5280 5550 5208 5367 6007 5612 5094 5325 5305 5801 5950 5287 5753 5397 5576 5925 5703 5735 5426 5502 5836 5842 5569 5733 5618 5361 5644 5752 5292 5497 5530 5101 5567 5539 5536 5650 5222 4643 5448 5406 5672 5676 5366 5402 5514 6066 5356 5526 5472 5749 5029 5750 5703 5508 5107 5552 5495 5946 5778 5604 5633 5871 5464 5306 5635 5177 5446 6041 5336 5447 5396 5290 5948 5760 5397 5615 5189 5769 5490 5793 5446 5596 5688 5385 5592 5409 5162 5520 5532 5871 5306 5562 5065 5490 5863 5342 5959 5357 5557 5810 5957 5347 5932 6217 5471 5210 5368 5622 5382 5167 5378 5365 5462 5937 5042 5135 5628 5280 5458 5628 5755 5172 5528 5415 5264 5480 5606 5585 5500 5851 5475 5263 5328 5720 5535 5366 5165 5453 5990 5734 5486 5361 5653 5330 5570 5638 5464 5667 5782 5362 5191 5140 5293 5012 5364 5889 5637 5166 5060 5355 5742 5193 5269 5146 5366 5249 5817 5404 5776 5933 5770 5333 5716 5753 5422 5473 5285 5420 5359 4891 5397 6089 5300 5239 5385 5495 5337 5182 5373 5419 5586 5334 5684 5444 5692 5295 5395 5697 5294 5005 5582 5686 5661 5321 5401 5486 5277 5666
5311 5482 4994 5271 5328 4939 5101 5694 5385 4690 5427 5301 5383 5587 5149 5080 4677 4668 5375 5323 4946 5402 5583 5351 5358 5137 5331 5138 5431 5133 5323 5422 5166 5262 5324 5259 5081 5148 5149 5606 5511 5231 5343 5029 5060 5540 5024 5668 5537 5144 5184 4723 5177 5347 5557 4777 5360 4961 5566 5154 4848 5310 5063 5041 5110 5588 5707 5290 5378 4983 5120 4681 4937 5233 4646 5548 5157 5161 5224 4873 5091 5485 5210 5359 5276 4695 5699 5600 5100 5359 5744 5155 5224 5236 4948 5352 5515 5238 5072 5081 4938 5633 5334 5076 5369 5215 5246 5807 5445 5527 5108 5158 5661 5666 5257 5123 5588 4788 5426 5588 5022 5486 5377 4941 5511 5183 5493 5404 4829 4527 4644 4996 5242 5632 4965 5095 5254 5711 5212 5200 5102 5499 4907 5490 5588 5280 5067 5549 5205 5663 5233 5378 5518 5182 5430 5434 5250 5054 5293 5602 4917 5425 5144 5184 5324 5649 4924 5641 4816 5605 5319 5501 5012 5199 5392 5155 5296 4991 5332 5154 5030 5298 5212 5476 4757 5413 5739 5140 5450 4873 5420 5538 5647 5215 5386 5539 4860 5550 4925 5375 4843 5041 5268 4898 5539 5500 5012 5132 5346 4957 5490 5287 5531 5139 5385 5089 5327 5392 5341 5497 5545 5631 5364 5205 5158 5344 5509 5107 5158 5433 5640 5437 5251 5199 5512 5217 5307 5131 5238 5244 5436 5219 4959 4700 4926 4923 5121 4766 5563 4737 4907 5090 5460 4699 4960 4981 5296 5123 5590 5103 5688 5432 5602 5429 5327 5492 5457 5530 5051 5289 4977 4773 5068 5747 5174 5414 5015 5255 5231 5381 4670 5034 5110 5426 5681 5467 5622 5014 5276 5244 5131 4503 4972 5434 5323 5467 5482 5232 5160 5463
5604 5620 5025 5282 5521 5338 5341 5753 5580 5258 5427 5293 5670 5644 5164 5398 4754 5136 5439 5516 5237 5766 5833 5656 5400 5322 5689 5340 5613 5403 5523 5347 5770 5545 5221 5186 5060 5449 5745 5450 5454 5279 5327 5016 5069 5660 4929 5724 5391 5076 5400 5290 5307 5417 5539 4911 5122 5292 5759 5588 4938 5725 5059 5017 5059 5604 5665 5525 5537 5126 4981 5089 4985 5283 4866 5700 5448 5172 5361 5175 5462 5637 5113 5340 5447 5069 5773 5379 4892 5400 5622 4992 5263 5773 5165 5569 5719 5267 5013 5126 5343 5634 5514 5032 5538 5473 5599 5704 5692 5725 5340 5409 5447 5677 5460 5156 5676 4950 5412 5820 5082 5622 5413 5164 5631 5455 5465 5387 5098 4334 5295 5234 5713 5561 5172 5516 5393 5779 5330 5150 5662 5859 5019 5582 5422 5397 5367 5719 5389 5620 5393 5537 5601 5439 5600 5151 5233 5210 5359 6001 5332 5441 5455 5385 5500 5702 5354 6031 4814 5566 5609 5493 5221 5420 5507 5386 5534 5222 5178 5303 5360 5432 5268 5357 5056 5440 5682 5340 5422 5261 5551 5701 5701 5424 5790 5975 5188 5487 5369 5467 5414 5059 5515 5165 5743 5792 4858 5091 5321 4876 5429 5802 5529 5177 5542 5287 5283 5400 5635 5381 5593 5763 5179 5215 5228 5428 5463 5225 5472 5246 5578 5643 5351 5224 5597 5175 5171 5444 5538 5432 5570 5305 5044 4789 5227 4948 5287 5496 5604 4819 4824 5305 5846 4974 5095 4987 5705 5220 5522 5252 5502 5740 5919 5535 5720 5606 5317 5782 4968 5237 5080 5135 4945 6185 5319 5407 5229 5127 5210 5192 5084 5454 5425 5315 5556 5354 5405 5140 5244 5223 5530 5004 5120 5391 5806 5368 5220 5047 5253 5258
5368 5444 4852 5361 5350 4860 5176 5652 5137 4994 5255 5343 5423 5465 5371 5200 4734 5050 5380 5255 4848 5434 5416 5497 5442 4990 5538 5137 5542 5093 5279 5071 5455 5128 5275 5263 5148 5089 5242 5513 5390 4908 5356 4652 4916 5490 4871 5593 5443 5004 5169 4918 4875 5475 5398 4688 4965 5018 5456 5240 4992 5669 5283 4974 4998 5539 5844 5328 5164 5058 5083 4846 4645 5021 4797 5397 5246 5170 5380 4959 5024 5473 5023 5153 5273 4847 5593 5258 4775 5441 5377 4939 5180 5197 5059 5346 5404 5062 5042 4979 4898 5493 5310 5016 5382 5165 5645 5608 5549 5528 5129 5276 5417 5632 5283 5298 5501 4919 5510 5626 5000 5379 5634 4977 5246 5448 5284 5365 4880 4456 5137 5041 5357 5604 5147 5120 5176 5769 5187 4961 5344 5535 4934 5652 5455 5167 4932 5534 5180 5612 5274 5537 5404 5056 5332 5296 5112 5111 5311 5555 5301 5077 5212 5054 5561 5270 5246 5728 4807 5421 5466 5459 5091 5144 5170 5205 5329 5049 5121 5502 5239 5191 4988 5467 4822 5506 5480 5147 5453 4888 5548 5323 5724 5116 5483 5869 4909 5276 5229 5306 5110 5128 5291 4960 5495 5488 4848 5077 5148 4874 5362 5313 5545 4733 5275 5268 5114 5239 5454 5466 5420 5621 5043 5239 4862 5464 5191 5093 4912 5381 5657 5195 5341 5233 5776 5114 5385 5310 5426 5298 5151 4963 4836 4677 5344 4995 5384 5178 5481 4847 4771 5028 5691 4765 5034 4859 5401 5024 5394 5047 5665 5224 5261 5524 5424 5345 5286 5312 4911 5169 5005 4753 4953 5619 5054 5258 5046 5267 5080 5150 4971 4925 5479 5548 5276 5330 5392 5104 5322 5537 5315 5130 5173 5326 5186 5211 5232 5405 5028 5362
5377 5417 4716 5219 5346 4923 5162 5400 5129 4858 5007 5263 5334 5315 5184 5127 4735 4809 5026 4958 5190 5274 5366 5411 4985 5130 5402 5234 5146 5015 5187 5034 5298 5256 5341 4928 5033 4986 5403 5372 5080 4893 5178 4815 4977 5350 5299 5359 4977 5022 5258 5049 4929 5319 5507 4517 4902 5015 5281 5228 4857 5531 4995 4760 4847 5576 5639 5589 5297 4778 4962 4859 4808 5017 4731 5295 5309 5093 5280 4500 5385 5306 5237 5428 4927 4819 5205 5367 4700 5428 5551 5073 4829 5240 4915 5541 5417 5178 4851 4824 5055 5425 5281 4814 5489 5164 5212 5298 5381 5099 5178 5455 5447 5371 5229 5030 5389 5089 5098 5491 5066 5123 5572 4889 5106 5330 5217 5426 4885 4474 4761 4930 5412 5295 4938 5178 5361 5731 5081 5315 5048 5259 4745 5509 5396 4738 4976 5362 5174 5602 5061 5159 5438 5279 5232 4914 5100 4704 5103 5649 5232 5034 5161 5432 5365 5664 4874 5192 4791 5499 5413 5184 5183 5091 5195 5110 5211 4886 5080 5120 5075 5249 4886 5345 4739 5186 5466 5126 5217 5101 5173 5380 5660 4943 5395 5731 4820 5190 5037 5115 5082 5072 5104 4872 5278 5389 4803 4921 5316 4693 5566 5022 5270 4910 5144 5016 4929 5236 5197 5129 5091 5384 5420 5257 4981 5333 5281 5099 5030 5229 5334 5194 5376 4891 5507 4942 5116 5170 5221 5111 5075 5030 4584 4695 5013 4979 5030 4929 5384 4487 4660 4871 5276 4637 4891 4917 5271 5019 5297 5173 5363 5295 5423 5379 5258 5162 5069 5196 5045 5040 5055 4768 4781 5582 4913 5301 5046 5119 4964 5278 4869 4946 5323 5162 5425 5075 5285 4852 5177 5015 5098 4860 4974 5174 5201 5104 5261 5172 4970 5137
5971 5905 5177 5692 5833 5603 5267 5829 5314 5171 5888 5655 5563 6101 5664 5615 5006 5332 5549 5521 5467 5731 5955 5692 5754 5384 5968 5655 5923 5341 5530 5637 5767 5671 5767 5299 5537 5448 5631 6114 5639 5642 5731 5258 5376 5766 5202 5685 5728 5549 5619 5506 5445 5575 5801 5192 5743 5107 5959 5566 5353 5533 5601 5457 5402 5777 5982 5763 5681 5542 5248 5280 5114 5183 4883 5801 5588 5560 5559 5318 5735 5719 5543 5724 5454 5381 5743 5644 5221 5956 5847 5539 5716 5656 5192 5515 5781 5475 5437 5429 5380 5855 5664 5268 5616 5678 5597 6107 5782 5918 5610 5669 5906 5907 5641 5585 6032 5364 5482 5939 5380 5866 5667 5348 5775 5556 5733 5813 5231 4624 5399 5733 5832 5592 5592 5643 5751 5975 5463 5480 5412 5704 5215 5884 5928 5386 5485 6104 5661 6203 5465 5737 6092 5794 5630 5354 5805 5214 5827 6044 5398 5650 5424 5548 5825 5956 5712 5850 5318 5968 6038 5371 5292 5511 5744 5716 5525 5288 5500 5876 5599 5600 5340 5815 4947 5450 5975 5636 5769 5692 5469 5991 6144 5544 5834 6047 5552 5821 5516 5773 5695 5396 5542 5294 5719 5937 5312 5397 5628 5214 5524 5594 5862 5334 5448 5585 5571 5986 5651 5780 5593 5800 5414 5629 5633 5649 5878 5716 5532 5922 5944 5583 5563 5478 5839 5275 5546 5511 5481 5750 5677 5429 5472 5370 5567 5399 5308 5366 5932 5088 5097 5554 5898 5086 5338 5391 5470 5547 5715 5069 5847 5709 6304 5489 5961 5741 5560 5619 5404 5750 5440 5326 5667 6186 5429 5856 5532 5415 5294 5589 5391 5708 5642 5905 5709 5653 5567 5199 5479 5859 5628 5149 5822 5549 5765 5541 5745 5409 5309 5722
5474 5782 4903 5341 5787 5445 5382 5845 5418 5149 5500 5608 5547 5657 5538 5483 5206 5076 5478 5221 5234 5521 5887 5436 5445 5327 5600 5587 5677 5291 5564 5268 5788 5489 5746 5373 5422 5097 5527 5804 5369 5410 5638 5108 5302 5567 5126 5591 5267 5159 5568 5346 5260 5764 5665 4800 5407 5186 5691 5382 4988 5595 5453 5276 4972 5852 5775 5555 5590 5008 5295 4796 5030 5174 4752 5660 5474 5388 5660 4992 5531 5262 5034 5715 5378 5327 5771 5630 5143 5814 5693 5257 5198 5519 5003 5593 5719 5300 5186 5199 5017 5645 5483 5190 5498 5570 5517 5814 5623 5702 5146 5402 5714 5468 5299 5573 5785 5144 5496 5633 5227 5439 5608 5150 5653 5524 5665 5743 4953 4477 4970 5102 5556 5680 5219 5517 5476 5968 5399 5547 5506 5562 5279 5864 5664 5348 5527 5691 5319 5791 5455 5418 5762 5690 5425 5210 5479 5039 5482 5670 5069 5534 5392 5518 5624 5625 5268 5432 4943 5661 5517 5576 5161 5473 5468 5431 5812 5209 5222 5533 5245 5644 5196 5717 4885 5310 5733 5261 5742 5381 5641 5415 5945 5334 5956 5770 5198 5765 5756 5366 5052 5371 5244 5394 5607 5948 5078 5191 5425 5181 5196 5175 5737 5316 5496 5368 5424 5505 5283 5708 5488 5703 5386 5442 5155 5398 5588 5575 5345 5382 5929 5700 5164 5218 5618 5252 5228 5421 5340 5559 5549 5397 5206 4885 5036 5266 5169 5153 5751 4899 4947 5377 5484 5099 5442 5136 5622 5468 5446 5440 5763 5571 5743 5549 5714 5595 5497 5513 5154 5402 5570 5147 5317 6262 5430 5482 5436 5407 5240 5494 5253 5323 5397 5493 5644 5425 5676 5270 5658 5401 5638 5012 5444 5502 5452 5457 5445 5282 5126 5378
5066 5159 4488 4913 5112 4855 4769 4986 4797 4639 5061 4937 4889 4993 5003 4894 4480 4707 5133 4773 4578 5041 5446 5039 4654 4636 5303 4802 4957 4591 4812 4884 5200 4967 4967 4726 5007 4705 4819 5282 4925 4623 5238 4702 4771 5128 4980 5140 4719 5086 4806 4743 4862 5212 5112 4459 5049 4787 5159 4822 4557 4906 4897 4807 4753 5290 5529 5085 5201 4658 4550 4523 4558 4648 4725 4800 4931 4930 4838 4356 4868 5015 4646 4731 4833 4639 5150 5161 4621 4877 5209 4902 4939 4929 4440 4833 5151 5057 4653 4886 4663 4987 5037 4931 5090 5140 5059 5258 4864 5098 4693 4979 5314 5246 4701 4751 5242 4634 5114 5112 4756 5347 5019 4769 4889 4959 4955 5080 4617 4284 4820 4618 5120 5180 5026 5007 5090 5539 4846 4726 4644 4888 4774 5128 5115 4805 4769 5320 5262 5159 4961 5207 5153 5097 5192 4820 5018 4764 4709 5268 4791 4959 4888 5030 4928 5104 4826 5200 4560 5026 5197 5190 4641 4722 4993 4791 5074 4887 4903 5197 4982 4850 4750 5205 4536 4890 5242 4676 5416 4811 4997 4938 5371 4801 5333 5197 4915 5080 5128 5024 4753 4637 4945 4717 4978 5397 4506 4695 4761 4415 4982 4893 4934 4599 4893 5108 4956 4904 5286 5175 4939 5299 4868 4927 4864 4826 4960 4834 4505 4998 5349 4873 4813 4848 5011 4781 4886 5014 4838 4767 4954 4768 4948 4504 4656 4601 4856 4800 5079 4524 4515 4970 5046 4660 4963 4613 4974 4876 5100 4836 5329 5157 5160 5244 5015 5036 4772 4786 4841 5026 4820 4696 4832 5462 4868 5194 4579 5152 4520 4972 4526 4778 4786 5112 5036 4820 5056 4601 5110 4982 5024 4686 4858 4985 5015 4956 5242 5031 4737 5034
4970 5084 4597 4653 4987 4712 4589 5138 4612 4488 4658 5139 4996 5059 4632 4701 4067 4619 4852 4801 4539 4755 5387 5164 4685 4701 4892 4616 4914 4616 4879 4721 5143 4772 4927 4629 4705 4618 4925 4850 4818 4578 4739 4451 4667 4860 4442 5160 5016 4598 4723 4526 4715 4891 5015 4557 4603 4526 5156 4695 4519 4862 4577 4418 4288 5030 5167 4846 4905 4757 4675 4398 4343 4287 4690 4788 4849 4916 4611 4373 4733 4916 4503 4587 4715 4808 5063 4788 4520 5074 5237 4619 4765 4898 4246 4545 4910 4702 4700 4571 4544 5003 4861 4507 4875 4608 4706 5166 4897 5032 4716 4872 5018 4869 4751 4968 4822 4448 4742 4998 4839 4908 4819 4606 4905 5275 5043 4840 4435 4077 4619 4633 4932 4920 4551 4713 5024 5085 4427 4569 4714 4972 4627 5137 5231 4762 4675 4839 4670 5198 4897 4784 4990 4757 4680 4722 4794 4771 4954 5354 4520 4635 4636 4545 5063 4978 4783 4862 4524 4765 4945 4914 4262 4648 4626 4801 5004 4826 4601 4788 4602 4843 4475 4883 4362 4786 4984 4783 4830 4771 4887 4777 5099 4694 5172 4995 4850 4869 4724 4885 4482 4906 4845 4332 4971 4933 4170 4782 4719 4126 4593 4798 4849 4389 4738 4838 4493 4948 4700 4897 5087 4975 4557 4682 4853 5122 4794 4586 4615 4790 5082 4890 4967 4729 4925 4719 4920 4521 4915 4835 4886 4717 4265 4555 4620 4445 4722 4778 5011 4346 4408 4714 5000 4503 4879 4603 5128 4823 4859 4521 5025 5099 5314 4867 4952 4685 4607 4666 4476 4749 4649 4368 4603 5240 4617 4971 4669 4619 4490 4798 4582 4691 4877 4723 5183 4728 5051 4636 4818 4794 4625 4233 4561 4731 5065 4862 4767 4723 4501 4768
5290 5274 4678 4934 5232 5102 4915 5490 4678 4907 5292 4963 5032 5260 5102 4914 4608 4843 5178 5051 4877 5195 5614 5338 4897 4998 5143 5200 5423 5073 5203 5229 5227 5215 5293 5010 4894 4899 4974 5230 5265 5101 5389 4618 5149 5233 4895 5529 5161 5131 5330 5191 5212 5021 5229 4675 4829 4806 5465 5134 4550 5177 5235 5087 4764 5422 5528 5158 5314 4972 4848 4734 4808 4732 4779 5072 5129 4997 5232 4780 4987 5080 4992 5158 5070 4860 5373 5256 4794 5370 5289 5278 4932 5057 4873 5089 5304 5052 4999 4796 4927 5251 5443 4786 5134 5204 5167 5482 5252 5265 4986 5045 5314 5430 5275 5172 5114 4709 5488 5434 4745 5300 5315 4937 5070 5260 5155 5161 4819 4413 4780 5030 5141 5255 4806 4943 5021 5478 4981 5005 5230 5554 4686 5503 5399 4902 4634 5519 5094 5485 5149 5199 5211 5106 4837 5052 5080 4748 5105 5457 4636 5418 5295 4813 5031 5233 4863 5487 4728 5434 5231 5391 5034 5139 5200 5309 5271 4762 5056 5402 5032 5185 4683 5466 4531 5114 5392 5150 5320 5015 5248 5279 5640 5168 5170 5449 4786 5103 5223 5078 5014 4878 4895 4940 5311 5373 4725 4985 5188 4881 5072 5069 5229 4896 5086 5023 5007 5127 5225 5096 4983 5385 5285 5098 5123 5126 5259 4672 4817 5146 5551 4989 5025 4830 5258 4845 4840 4840 5243 5022 5218 4921 4620 4564 4824 4689 4962 5012 5466 4670 4666 4939 5393 4660 4950 4724 5064 5013 5468 5072 5320 5485 5374 4967 5152 5195 5039 5143 4817 5071 4877 4650 4720 5539 5023 5285 4858 5299 5040 5159 4859 5028 5096 5185 5011 4957 5476 4980 5245 5118 5169 4733 5120 5241 5161 5246 5273 4998 4773 5152
5415 5454 4754 5297 5235 5168 4975 5711 5059 5095 5514 5289 5257 5414 5209 5176 4758 4660 5529 5177 5013 5360 5512 5456 5085 5237 5517 5034 5498 5055 5280 5092 5153 5406 5167 5107 5445 4960 5144 5277 5409 5054 5518 4744 5131 5367 5115 5658 5123 5125 5123 5210 4941 5295 5304 4790 4789 5048 5546 5154 5076 5503 5311 5023 5036 5619 5496 5383 5442 5117 5044 4819 4834 4785 4707 5365 5234 4996 5364 4797 5263 5248 5118 5338 5336 4803 5704 5360 4946 5475 5461 5265 5021 5064 4985 5434 5304 5249 4886 4919 4962 5210 5293 4939 5282 5282 5268 5563 5500 5577 4914 5228 5595 5398 5299 5202 5569 4650 5223 5107 5155 5496 5558 5104 5455 5560 5350 5383 4949 4506 4950 5007 5501 5578 5099 5187 5141 5471 5042 5066 5216 5690 5093 5504 5706 5091 5297 5471 5271 5831 4802 5259 5506 5074 5190 5171 5383 4923 5062 5619 4918 5503 5031 5041 5166 5486 5184 5417 4683 5053 5341 5462 5075 5252 5360 5232 5335 4902 4876 5156 4913 5325 5118 5535 4807 5071 5600 5086 5362 4917 5454 5375 5797 4955 5544 5639 4910 5367 5327 4943 5014 4920 5031 5143 5114 5444 5076 5034 5234 4975 5277 5366 5249 4957 5253 5119 5144 5318 5269 5310 5193 5273 5347 5232 5020 5322 5446 4985 5257 5247 5696 5083 5048 4983 5490 5146 5296 5075 5554 5082 5273 5122 4677 4812 4929 5138 5131 5158 5506 4691 4607 5202 5575 4940 4917 4853 5238 5146 5148 5227 5392 5432 5585 5391 5447 5376 5082 5168 4948 4963 5013 4766 5102 5568 5202 5338 5064 4967 5018 5340 5106 5075 5213 5447 5535 5009 5456 5112 5348 5339 5250 4872 5378 5425 5320 4927 5266 5196 5067 5144
5420 5392 4606 4844 5079 5221 4958 5357 5192 4798 5075 5037 5063 5379 5036 5016 4700 4523 5174 4940 4959 5170 5320 5348 5126 4673 5416 5099 5365 5061 5040 4832 5010 5277 5501 4910 4955 4786 5057 5177 5082 4955 5285 4572 4951 5077 5173 5228 5131 4874 4820 4880 4909 5026 5514 4680 4865 4910 5435 5015 4900 5402 4802 4839 4595 5319 5420 4869 5055 4844 4838 4844 4374 5020 4624 5073 4869 5082 4997 4622 5203 5239 4879 5212 4822 5266 5402 5227 4859 5385 5151 5009 5060 5325 4844 5243 5173 5069 4914 4675 4847 5273 5197 4928 5145 5169 5442 5235 5365 5375 5020 5155 5357 4931 4978 4981 5308 4981 5207 5488 4642 5295 5239 4962 5102 4913 5512 5230 4580 4191 4894 5042 5113 5307 4959 5108 5261 5418 4902 4858 5100 5299 4935 5315 5165 4892 4868 5428 4915 5357 5257 5452 5283 5005 5171 4780 5103 4982 4928 5417 4911 4924 5081 5023 5477 5382 5185 5221 4485 5185 5000 5302 4811 5081 4966 5291 5258 4993 4611 5172 5178 5234 4812 5215 4691 5277 5037 4950 5456 4901 5417 5086 5352 4979 5565 5486 5137 5230 4996 5170 5038 4883 4836 4881 5198 5502 4800 4825 5060 4676 5168 5053 5411 4555 5191 5294 4903 5023 5131 5384 5052 5370 5068 5141 5075 5356 5093 5147 5123 4993 5474 5299 5160 5165 5129 4750 4999 4980 5237 5188 5120 4993 4795 4627 4804 4789 5072 5001 5572 4552 4636 4738 5135 4887 4706 4662 4963 4853 5485 5010 5199 5258 5229 5166 5348 5143 5089 5091 4801 4950 5158 4764 5039 5341 4560 5087 5065 4684 4803 5026 5089 5195 4801 4955 5177 5089 5208 4745 5117 5340 4935 4904 5085 5004 5138 4980 5158 4782 5007 4981
5182 5475 4851 4936 5448 5033 4939 5676 4972 4921 5385 5124 5297 5657 5259 5297 4883 4892 5042 5189 4949 5406 5523 5347 5102 5064 5263 5294 5347 5044 5109 5096 5563 5248 5226 5010 5268 4996 5103 5602 5251 5000 5251 4668 4840 5398 4691 5408 5225 5273 5171 4759 4875 5410 5315 4968 5163 4740 5626 5173 4832 5166 5369 5129 5126 5504 5433 5159 5285 4808 4877 4728 4952 4732 4540 5249 5132 4886 5339 4804 5163 5348 5117 5398 5067 4730 5573 5235 5003 5410 5409 4988 5057 5089 4820 4919 5128 5270 4857 5083 5047 5431 5137 5135 5144 5257 5211 5704 5600 5664 4980 5085 5314 5437 5435 5472 5549 4888 5170 5442 5054 5261 5192 5135 5307 5058 5216 5222 5001 4616 4845 5082 5314 4904 5150 5156 4916 5476 5210 5208 4969 5436 5023 5509 5466 4943 5016 5437 5168 5801 5172 5127 5292 5204 5003 5019 5389 4738 5276 5466 4947 4857 5138 5166 5397 5302 5205 5384 4711 5343 5234 5390 5185 5238 5220 4932 5306 5053 4942 5377 5268 4990 4887 5496 4676 5282 5351 4746 5363 5219 5188 5450 5611 5157 5752 5744 5056 5357 5237 5191 4943 5229 5050 5170 5346 5283 4950 5010 5033 4980 5230 5428 5136 4864 4949 5163 4841 5186 5196 5177 5245 5609 5065 5075 5018 5269 5327 5057 4815 5354 5695 5157 5064 5140 5608 5014 4907 5147 5303 5060 5218 5114 4809 4738 4697 4829 5080 5100 5163 4994 4637 5129 5420 4758 5014 4896 4811 4972 5508 4716 5532 5393 5679 5188 5446 5486 5461 5432 5072 5272 4985 4502 5253 5427 5273 5366 4903 5090 5071 4950 4720 5202 5285 5192 5402 4943 5327 5008 5319 5309 4874 4937 5302 5112 4948 5237 5388 5221 4894 5293
5153 5048 4608 5159 5315 5062 4848 5584 4827 4796 5374 4671 5010 5593 5085 5201 4869 4692 5030 5265 4645 5170 5196 5165 5127 4717 5579 4975 5406 5176 5150 5191 5213 5222 5024 5240 5071 4984 5011 5309 4979 4666 5467 4854 4991 5241 4752 5166 5287 4968 4975 4894 4528 5042 5387 4633 4908 4802 5321 5239 4647 5100 5033 5078 4832 5497 5423 5266 5095 4814 5163 4681 4748 4742 4586 5045 4982 5055 5132 4757 5101 5044 4793 5080 4966 4737 5330 5047 5090 5302 5220 4948 5047 5083 4807 4956 5240 5022 4966 4655 5008 5470 5396 5019 4954 5215 5337 5547 5354 5217 4993 5166 5066 5330 5124 5299 5167 4858 5351 5549 4552 5406 5291 4818 5179 5164 5223 5429 4831 4457 5042 4890 4988 5114 4994 5114 5053 5435 5082 5028 5264 5299 4959 5410 5502 4779 5044 5274 5132 5524 5100 5310 5265 5084 5260 4586 5113 4953 5150 5402 4974 5106 4984 5142 5272 5082 4901 5300 4602 5285 5171 5362 4857 5152 5189 5104 5214 4794 5118 4994 5073 5059 4667 5250 4629 5068 5366 5019 5514 4969 5153 5384 5429 4893 5369 5594 4970 5121 5091 5304 4917 5072 5231 4862 5247 5353 4703 4849 4997 4843 5220 4988 5359 4639 5053 5107 4953 5310 5184 5227 4958 5498 4973 5054 5028 5139 5268 4789 5050 5462 5505 5369 4967 5146 5029 4664 4825 4987 5035 4972 5014 5180 4616 4740 4976 4951 4982 4881 5307 4607 4440 4863 5465 4648 5002 4829 4973 5151 5228 5214 5384 5255 5476 5016 5389 5219 5158 5166 4793 5141 4832 4789 4935 5544 5095 5185 4855 4954 4988 4866 4918 5175 5110 4964 5174 5026 5077 4815 5240 5407 5219 4798 5136 4888 5075 4997 5198 4952 5014 5146
5635 5710 5142 5539 5715 5727 5500 5815 5317 5016 5503 5706 5607 5692 5553 5347 5023 5112 5575 5453 5386 5572 6074 5742 5406 5410 5957 5465 5756 5226 5482 5508 5995 5717 5470 5182 5517 5479 5745 5883 5583 5334 6051 5109 5360 5901 5270 5632 5544 5554 5578 5359 5391 5668 5684 5116 5816 5246 5810 5659 5060 5713 5533 5076 5580 5802 5905 5509 5642 5209 5390 5089 5078 5027 4960 5551 5352 5390 5513 5095 5499 5438 5221 5736 5534 5434 6025 5587 5274 5649 5833 5599 5370 5593 5364 5565 5765 5402 5327 5181 5509 5792 5337 5197 5597 5631 5604 5893 5864 5864 5444 5392 5688 5762 5467 5494 5864 5076 5639 6084 5377 5621 5595 5393 5523 5569 5742 5730 5071 4510 5077 5475 5723 5573 5299 5404 5576 6123 5473 5441 5398 5871 5146 5739 5942 5397 5497 6023 5690 6087 5507 5543 5904 5694 5584 5550 5769 5232 5423 5972 5328 5613 5390 5750 5818 5719 5474 5664 5031 5988 5456 5783 5666 5503 5628 5256 5437 5323 5782 5675 5487 5627 5336 5874 5246 5558 5873 5259 5503 5642 5650 5613 6187 5723 5759 6051 5578 5481 5589 5610 5245 5259 5642 5570 5458 5904 5158 5302 5547 5256 5456 5750 5652 5096 5621 5461 5328 5610 5607 5596 5738 6021 5379 5596 5515 5900 5752 5327 5176 5685 6006 5611 5441 5478 5787 5128 5572 5544 5719 5600 5480 5604 5307 5031 5013 5323 5305 5444 5853 5283 5049 5268 6062 5249 5339 5327 5448 5607 5916 5222 5786 5740 5899 5608 5729 5796 5444 5775 5172 5432 5392 5154 5395 6384 5205 5483 5263 5549 5389 5403 5234 5553 5718 5605 5755 5460 5783 5164 5739 5685 5633 5396 5576 5609 5340 5631 5901 5586 5240 5700
4851 4765 4133 4498 4842 4360 4606 4938 4676 4495 4717 4689 4608 4863 4608 4773 4149 4337 4752 4765 4786 4737 5121 4842 4648 4782 4885 4644 4934 4775 4777 4492 4907 4596 4888 4384 4610 4589 4762 4756 4524 4146 4851 4223 4838 4711 4556 4808 4698 4675 4496 4308 4590 5133 4517 4218 4625 4362 4770 4712 4327 4763 4456 4508 4254 4941 5019 4308 4453 4363 4327 4587 4393 4246 4052 4818 4681 4672 4762 4394 4722 4686 4597 4871 4286 4650 4850 4963 4302 5048 4823 4618 4623 4730 4450 4643 4835 4465 4705 4227 4434 4914 5175 4357 4747 4612 4959 4874 4787 4973 4465 4564 5049 4897 4609 4533 4820 4353 4625 4922 4610 4773 4688 4447 4677 4717 5031 4609 4328 3791 4377 4627 4911 4773 4681 4664 4767 4953 4486 4405 4607 4780 4457 4781 5011 4650 4720 5044 4707 4860 4785 4734 4958 4905 4682 4596 4616 4384 4714 5147 4330 4670 4762 4863 4700 5129 4421 4839 4119 4698 5019 4766 4496 4638 4556 4595 4964 4533 4582 4673 4609 4574 4282 4956 4179 4845 4829 4405 4757 4673 4821 4780 5000 4506 4959 5013 4479 4773 4699 4576 4680 4448 4719 4537 4868 4945 4340 4157 4762 4353 4754 4826 5006 4268 4854 4473 4736 4726 4553 4834 4706 4772 4640 4718 4326 4881 4745 4777 4441 4948 4919 4806 4528 4637 4654 4698 4724 4513 4739 4751 4793 4696 4399 4368 4227 4366 4950 4609 4862 4231 4472 4380 4708 4246 4477 4336 4687 4628 4616 4626 4838 4787 4974 4747 4904 4865 4568 4849 4474 4486 4627 4417 4586 5365 4489 4874 4334 4362 4182 4915 4609 4653 4453 4647 4921 4563 4604 4343 4575 4757 4808 4374 4605 4649 4995 4568 4741 4458 4166 4545
5306 5159 4738 5162 5312 4740 4941 5413 5052 4802 5113 5516 5065 5332 5218 4994 4856 4913 5277 5301 4946 4969 5400 5140 5115 5113 5395 5062 5417 5101 5306 5064 5479 5233 5081 5128 4985 5048 5139 5021 5191 4660 5221 4689 5312 5064 5037 5244 5110 5175 5036 5001 4813 5134 5359 4450 4921 4858 5230 5177 4408 5062 5246 4750 4867 5453 5457 5096 5133 4997 4902 4794 4872 4799 4766 5390 5236 4919 5170 4804 4995 5116 4800 5229 5126 4964 5523 5387 4968 5361 5430 5116 4942 5210 4737 5027 5056 4820 4956 4766 4883 5454 5231 4689 5087 5097 5136 5540 5532 5304 5157 5117 5312 5503 5452 5103 5368 4544 5281 5571 4752 5108 5390 4942 5075 5175 4977 4919 4940 4341 4923 5027 5225 5123 4991 5145 5253 5576 4674 5015 5058 5251 4925 5430 5501 4809 5025 5401 4940 5518 5290 5176 5417 5353 5090 5038 5142 4952 5209 5486 4792 5499 5027 5054 5110 5317 4756 5305 4665 5442 5293 5364 4915 4967 5232 5072 5149 5009 5063 4937 5219 5066 5010 5402 4716 5089 5597 5001 5082 5278 5113 5237 5501 5100 5404 5791 4832 5193 4928 5196 4988 4837 5243 5024 5123 5198 4717 5033 4963 4817 4996 5245 5318 4792 5070 5021 5035 5246 5427 4890 5232 5685 5237 4905 4920 5212 5098 5013 5008 5570 5345 5012 4981 5072 5175 5049 5158 4999 4792 4934 4998 4925 4734 4652 4579 4986 5039 4984 5279 5046 4716 4840 5310 4867 5049 4867 5248 4940 5150 4887 5500 5496 5352 4990 5388 5324 4885 5127 4827 4936 5002 4711 4966 5555 5068 5087 4676 5046 4999 5180 4937 5153 5002 5213 5405 5017 4945 4987 5463 4937 5226 4531 5314 4973 5004 5196 5163 4981 4970 5141
5281 5539 4897 5072 5253 5019 4911 5425 4833 4589 5084 5175 5341 5103 5237 5153 4649 4631 5116 5230 4941 5284 5170 5287 4903 4788 5487 5169 5053 5042 5310 4961 5273 4991 5070 4842 5034 4860 5003 5187 5100 4841 5210 4798 5081 5371 5012 5466 5085 4853 4766 4793 4783 5037 5132 4642 5061 4842 5323 4969 4703 5470 4864 4742 4739 5300 5506 5146 5209 4751 4937 4377 4662 5016 4613 5187 5109 4982 5030 4422 5103 5372 4839 5002 5023 4941 5281 5115 4815 5238 5357 4675 4953 5194 4682 5052 5242 5382 4730 4714 4824 5345 5020 4829 5327 4921 4959 5504 5440 5156 4917 5050 5220 5330 5070 5027 5366 4747 5109 5219 4580 5090 5193 4710 4946 5115 5085 5204 4699 4081 4884 4882 5252 5166 4762 5158 5248 5634 4851 4933 5032 5158 4938 5129 5363 5072 4999 5460 4756 5264 4951 5218 5308 5133 5098 5058 4971 4925 5196 5442 5194 5168 5001 5001 5178 5336 4854 5410 4434 5341 5250 5469 4701 5056 5208 4976 5137 4880 4955 5140 4749 5296 4922 5341 4627 4904 5385 4947 5120 4779 5136 5418 5606 4952 5469 5405 4791 5270 4903 5095 4876 4687 4984 4750 5099 5550 4467 4828 5046 4688 5185 4829 5257 4894 4966 5045 4838 4907 4996 5179 5315 5554 5168 5024 4894 5088 5200 4887 5166 5086 5396 5396 5047 4644 5321 4924 5252 5016 5052 5004 5064 4783 4711 4775 4930 4699 4918 4772 5342 4362 4721 4957 5293 4579 4945 4785 5111 4850 5394 4856 5374 5243 5635 5019 5095 5273 4764 5080 4929 5119 5003 4711 4924 5465 5039 4983 5040 4786 5045 5081 4759 4821 5060 4974 5136 5141 5261 5023 5295 5210 4897 4785 4980 5346 5183 5071 5180 5146 4960 5236
5402 5650 4954 5241 5562 5307 5159 5690 5317 5075 5398 5428 5722 5659 5394 5401 4991 5113 5381 5148 5427 5476 5796 5909 5344 5296 5518 5584 5497 5243 5352 5265 5616 5318 5600 5238 5433 5346 5446 5659 5618 5194 5560 4909 5219 5544 4993 5481 5434 5260 5623 5306 5102 5349 5526 4917 5209 5161 5682 5520 4854 5583 5324 5300 5417 5667 5869 5381 5546 5042 4944 5157 4891 5255 4978 5175 5234 5300 5237 4959 5275 5535 5272 5516 5384 5577 5804 5421 5067 5651 5424 5058 5234 5609 5080 5094 5366 5239 5002 5071 5192 5510 5778 5126 5124 5236 5640 5820 5773 5626 5278 5527 5711 5618 5198 5639 5438 5253 5604 5784 5014 5637 5402 5055 5385 5363 5540 5515 4865 4406 5127 5414 5709 5702 5362 5295 5396 5599 5308 5319 5512 5672 5231 5670 5425 5290 5298 5869 5334 5563 5412 5294 5436 5648 5464 5173 5602 4834 5514 6000 5488 5316 5631 5219 5884 5451 5551 5603 4948 5645 5548 5554 5022 5519 5428 5352 5307 5039 5355 5467 5505 5503 5147 5660 4767 5317 5874 5087 5778 5135 5592 5625 5842 5395 5878 5871 5168 5290 5741 5579 5042 5117 5371 5159 5244 5818 4698 5151 5240 5067 5244 5662 5744 4628 5355 5462 5100 5284 5614 5585 5611 5942 5239 5294 5097 5382 5313 5303 5007 5414 5749 5591 5445 5188 5637 4836 5277 5329 5314 5360 5813 5059 5118 4761 4854 4550 5144 5184 5414 4921 4956 5125 5779 4857 5225 4989 5348 5052 5697 5020 5603 5623 5904 5186 5111 5720 5433 5723 4992 5279 5199 4900 5189 5962 5267 5466 5369 5391 5285 5211 5070 4912 5598 5420 5615 5220 5593 5047 5600 5473 5270 4992 5298 5437 5429 5263 5509 5397 5241 5384
